1,0,0,0,6,0,1,0,0,0,1,0,0,0,0,0,0,0,0,0,1113,0,1,0,0,0,1,0,0,0,0,4,1,0,0,0,1,0,0,4,1,0,0,0,1,0,1,0,0,1,0,0,1,1,0,0,0,1,1,0,1,0,1
0,1,0,0,48,0,1,0,0,0,1,0,0,0,0,0,0,0,0,0,6313,0,1,0,0,0,0,1,0,0,0,2,0,1,0,0,1,0,0,2,1,0,0,0,0,1,1,0,0,1,0,0,1,1,0,0,0,1,0,1,1,0,1
0,0,1,0,14,1,0,0,0,0,0,1,0,0,0,0,0,0,0,0,2315,0,1,0,0,0,0,0,1,0,0,2,1,0,0,0,1,0,0,2,1,0,0,0,1,0,1,0,0,1,0,0,1,0,1,0,0,2,0,1,1,0,1
1,0,0,0,36,0,1,0,0,0,0,0,1,0,0,0,0,0,0,0,8229,0,1,0,0,0,0,0,1,0,0,2,1,0,0,0,0,1,0,4,0,1,0,0,1,0,1,0,0,0,1,0,1,1,0,0,0,2,0,1,1,0,1
0,0,1,0,24,0,1,0,0,0,0,0,0,0,0,1,0,0,0,0,2859,0,0,1,0,0,1,0,0,0,0,3,1,0,0,0,1,0,0,4,0,1,0,0,1,0,1,0,0,1,0,0,1,1,0,0,0,1,0,1,1,0,1
0,1,0,0,14,0,1,0,0,0,0,0,0,1,0,0,0,0,0,0,1374,0,1,0,0,0,1,0,0,0,0,3,0,1,0,0,1,0,0,1,0,0,0,1,1,0,1,0,0,0,0,1,1,1,0,0,0,1,0,1,1,0,1
1,0,0,0,48,0,1,0,0,0,0,0,0,0,1,0,0,0,0,0,5045,0,1,0,0,0,0,0,0,0,1,3,0,1,0,0,1,0,0,4,0,0,1,0,0,1,1,0,0,0,0,1,1,1,0,0,0,1,0,1,1,0,1
0,0,0,1,10,0,0,0,1,0,1,0,0,0,0,0,0,0,0,0,639,1,0,0,0,0,0,1,0,0,0,3,1,0,0,0,1,0,0,2,1,0,0,0,1,0,1,0,0,0,0,1,3,1,0,0,0,1,0,1,1,0,1
0,1,0,0,6,0,1,0,0,0,1,0,0,0,0,0,0,0,0,0,2746,0,1,0,0,0,0,1,0,0,0,3,1,0,0,0,1,0,0,2,1,0,0,0,1,0,1,0,0,1,0,0,1,1,0,0,0,1,0,1,1,0,1
0,1,0,0,18,0,1,0,0,0,0,0,0,1,0,0,0,0,0,0,6304,0,0,0,0,1,0,1,0,0,0,2,1,0,0,0,1,0,0,2,0,0,0,1,1,0,1,0,0,1,0,0,1,1,0,0,0,1,1,0,1,0,1
0,0,0,1,14,0,1,0,0,0,1,0,0,0,0,0,0,0,0,0,1542,0,1,0,0,0,0,0,0,0,1,4,0,1,0,0,1,0,0,1,0,1,0,0,1,0,0,1,0,1,0,0,1,0,0,1,0,1,1,0,1,0,1
0,1,0,0,48,1,0,0,0,0,1,0,0,0,0,0,0,0,0,0,5248,0,1,0,0,0,0,0,0,0,1,4,1,0,0,0,1,0,0,2,0,1,0,0,0,1,0,1,0,1,0,0,1,0,1,0,0,1,0,1,1,0,1
0,0,1,0,48,1,0,0,0,0,0,1,0,0,0,0,0,0,0,0,6361,0,1,0,0,0,0,1,0,0,0,1,1,0,0,0,1,0,0,2,0,0,1,0,1,0,0,1,0,0,1,0,1,1,0,0,0,1,1,0,1,0,1
0,0,0,1,9,0,1,0,0,0,0,0,0,0,0,0,0,0,1,0,1337,0,1,0,0,0,0,1,0,0,0,2,1,0,0,0,1,0,0,2,0,0,0,1,1,0,1,0,0,1,0,0,1,1,0,0,0,1,1,0,1,0,1
1,0,0,0,28,1,0,0,0,0,0,0,0,0,0,1,0,0,0,0,6416,0,0,0,0,1,0,0,1,0,0,1,0,0,0,1,1,0,0,4,0,0,0,1,0,1,0,1,0,0,0,1,1,1,0,0,0,1,0,1,1,0,1
1,0,0,0,48,0,1,0,0,0,0,0,0,0,0,1,0,0,0,0,6416,0,1,0,0,0,1,0,0,0,0,4,0,1,0,0,1,0,0,4,0,0,1,0,1,0,0,0,1,0,0,1,1,0,1,0,0,1,0,1,1,0,1
0,0,1,0,36,0,1,0,0,0,1,0,0,0,0,0,0,0,0,0,2406,0,0,1,0,0,1,0,0,0,0,4,1,0,0,0,1,0,0,4,0,0,0,1,1,0,1,0,0,1,0,0,1,1,0,0,0,1,0,1,1,0,1
0,1,0,0,27,0,1,0,0,0,0,0,0,0,0,1,0,0,0,0,5965,0,1,0,0,0,1,0,0,0,0,1,1,0,0,0,1,0,0,2,0,0,0,1,1,0,1,0,0,1,0,0,1,0,0,1,0,1,1,0,1,0,1
0,0,1,0,14,0,1,0,0,0,1,0,0,0,0,0,0,0,0,0,1345,0,1,0,0,0,0,1,0,0,0,3,1,0,0,0,1,0,0,2,0,0,0,1,0,1,1,0,0,1,0,0,1,1,0,0,0,1,0,1,1,0,1
0,1,0,0,36,0,0,0,0,1,0,0,0,1,0,0,0,0,0,0,2186,0,1,0,0,0,1,0,0,0,0,4,1,0,0,0,1,0,0,4,0,0,1,0,1,0,0,1,0,0,1,0,1,1,0,0,0,1,1,0,1,0,1
0,0,1,0,36,1,0,0,0,0,1,0,0,0,0,0,0,0,0,0,8978,0,1,0,0,0,0,1,0,0,0,2,0,1,0,0,1,0,0,2,0,0,0,1,1,0,0,0,1,0,0,1,1,1,0,0,0,1,0,1,1,0,1
0,1,0,0,9,0,1,0,0,0,0,0,0,0,1,0,0,0,0,0,1526,0,1,0,0,0,0,1,0,0,0,2,0,0,0,1,1,0,0,1,1,0,0,0,1,0,0,1,0,1,0,0,1,1,0,0,0,1,1,0,1,0,1
0,0,1,0,27,0,1,0,0,0,0,0,0,0,1,0,0,0,0,0,5801,1,0,0,0,0,1,0,0,0,0,4,1,0,0,0,1,0,0,4,0,1,0,0,1,0,1,0,0,1,0,0,3,1,0,0,0,2,1,0,1,0,1
0,0,1,0,36,0,1,0,0,0,1,0,0,0,0,0,0,0,0,0,2708,1,0,0,0,0,0,1,0,0,0,4,0,1,0,0,1,0,0,4,0,0,0,1,1,0,1,0,0,1,0,0,1,1,0,0,0,1,0,1,1,0,1
0,0,1,0,36,0,1,0,0,0,0,0,0,0,0,1,0,0,0,0,8358,0,1,0,0,0,0,1,0,0,0,1,0,1,0,0,1,0,0,2,0,1,0,0,1,0,0,1,0,1,0,0,1,1,0,0,0,1,0,1,1,0,1
0,0,1,0,6,1,0,0,0,0,1,0,0,0,0,0,0,0,0,0,730,1,0,0,0,0,1,0,0,0,0,4,1,0,0,0,1,0,0,2,0,1,0,0,1,0,1,0,0,0,0,1,1,0,1,0,0,1,1,0,1,0,1
0,1,0,0,36,1,0,0,0,0,0,0,0,0,1,0,0,0,0,0,6313,0,1,0,0,0,0,0,1,0,0,2,0,1,0,0,1,0,0,1,1,0,0,0,1,0,0,1,0,1,0,0,1,0,1,0,0,1,0,1,1,0,1
1,0,0,0,14,1,0,0,0,0,0,0,0,0,0,1,0,0,0,0,1595,0,1,0,0,0,1,0,0,0,0,4,1,0,0,0,1,0,0,4,0,0,1,0,1,0,1,0,0,0,1,0,1,0,0,1,0,1,0,1,1,0,1
0,1,0,0,33,0,1,0,0,0,0,0,1,0,0,0,0,0,0,0,4736,0,1,0,0,0,0,0,0,0,1,2,1,0,0,0,1,0,0,1,0,1,0,0,0,1,1,0,0,1,0,0,1,1,0,0,0,1,0,1,1,0,1
1,0,0,0,9,0,1,0,0,0,1,0,0,0,0,0,0,0,0,0,2415,0,1,0,0,0,1,0,0,0,0,3,1,0,0,0,1,0,0,4,1,0,0,0,1,0,1,0,0,1,0,0,1,0,1,0,0,1,0,1,1,0,1
0,0,1,0,14,1,0,0,0,0,0,0,0,0,1,0,0,0,0,0,1532,0,1,0,0,0,0,1,0,0,0,4,0,1,0,0,0,1,0,2,1,0,0,0,1,0,1,0,0,1,0,0,1,0,0,1,0,1,1,0,1,0,1
0,1,0,0,36,0,1,0,0,0,0,1,0,0,0,0,0,0,0,0,10297,0,0,0,0,1,0,1,0,0,0,1,1,0,0,0,1,0,0,4,0,0,1,0,1,0,1,0,0,0,1,0,1,1,0,0,0,2,1,0,1,0,1
0,0,1,0,14,1,0,0,0,0,1,0,0,0,0,0,0,0,0,0,759,1,0,0,0,0,1,0,0,0,0,4,0,1,0,0,1,0,0,2,0,1,0,0,1,0,0,1,0,1,0,0,1,0,1,0,0,2,0,1,1,0,1
0,1,0,0,48,0,0,1,0,0,0,0,0,0,1,0,0,0,0,0,8133,0,1,0,0,0,0,1,0,0,0,3,1,0,0,0,1,0,0,4,1,0,0,0,1,0,1,0,0,0,0,1,1,1,0,0,0,1,1,0,1,0,1
0,0,1,0,14,1,0,0,0,0,0,1,0,0,0,0,0,0,0,0,2116,1,0,0,0,0,0,0,1,0,0,4,0,1,0,0,1,0,0,2,0,0,0,1,1,0,1,0,0,1,0,0,1,1,0,0,0,1,0,1,1,0,1
0,0,1,0,24,0,1,0,0,0,0,0,0,1,0,0,0,0,0,0,1538,0,0,0,0,1,1,0,0,0,0,4,0,0,0,1,1,0,0,4,1,0,0,0,1,0,1,0,0,0,0,1,1,0,1,0,0,1,0,1,1,0,1
0,1,0,0,36,0,1,0,0,0,0,0,0,0,1,0,0,0,0,0,2473,0,1,0,0,0,0,0,1,0,0,4,1,0,0,0,1,0,0,4,0,0,0,1,0,1,1,0,0,0,0,1,1,1,0,0,0,1,0,1,1,0,1
0,0,1,0,6,0,1,0,0,0,1,0,0,0,0,0,0,0,0,0,841,0,1,0,0,0,0,1,0,0,0,3,0,1,0,0,1,0,0,2,1,0,0,0,0,1,1,0,0,1,0,0,1,1,0,0,0,1,0,1,1,0,1
0,0,1,0,18,0,0,0,1,0,0,0,0,1,0,0,0,0,0,0,5507,0,1,0,0,0,1,0,0,0,0,2,1,0,0,0,1,0,0,4,0,0,0,1,1,0,1,0,0,1,0,0,3,0,0,1,0,2,1,0,1,0,1
0,1,0,0,14,0,1,0,0,0,0,0,0,1,0,0,0,0,0,0,6361,0,1,0,0,0,0,0,1,0,0,2,1,0,0,0,1,0,0,2,0,0,0,1,1,0,1,0,0,1,0,0,1,0,0,1,0,1,0,1,1,0,1
0,0,1,0,36,0,1,0,0,0,0,0,0,1,0,0,0,0,0,0,8133,0,1,0,0,0,0,1,0,0,0,4,0,1,0,0,1,0,0,2,1,0,0,0,0,1,0,0,1,1,0,0,1,1,0,0,0,1,1,0,1,0,1
1,0,0,0,14,0,1,0,0,0,1,0,0,0,0,0,0,0,0,0,1898,0,0,1,0,0,1,0,0,0,0,3,1,0,0,0,1,0,0,1,1,0,0,0,1,0,1,0,0,1,0,0,1,1,0,0,0,1,0,1,1,0,1
1,0,0,0,48,0,1,0,0,0,1,0,0,0,0,0,0,0,0,0,3190,1,0,0,0,0,1,0,0,0,0,4,1,0,0,0,1,0,0,1,1,0,0,0,1,0,1,0,0,1,0,0,1,1,0,0,0,1,1,0,1,0,1
1,0,0,0,36,0,1,0,0,0,1,0,0,0,0,0,0,0,0,0,6999,1,0,0,0,0,0,0,1,0,0,4,0,1,0,0,1,0,0,2,0,0,0,1,1,0,1,0,0,1,0,0,1,0,0,1,0,1,1,0,1,0,1
1,0,0,0,14,1,0,0,0,0,0,0,0,1,0,0,0,0,0,0,2323,0,1,0,0,0,0,1,0,0,0,4,1,0,0,0,1,0,0,2,0,1,0,0,1,0,1,0,0,1,0,0,1,1,0,0,0,1,0,1,1,0,1
0,1,0,0,14,0,1,0,0,0,0,0,0,0,0,0,0,1,0,0,708,0,1,0,0,0,0,1,0,0,0,4,1,0,0,0,1,0,0,2,0,0,0,1,1,0,1,0,0,1,0,0,1,1,0,0,0,1,0,1,1,0,1
0,1,0,0,48,0,1,0,0,0,0,0,0,1,0,0,0,0,0,0,8947,1,0,0,0,0,0,0,1,0,0,1,0,1,0,0,1,0,0,2,0,0,0,1,0,1,1,0,0,1,0,0,1,1,0,0,0,1,0,1,1,0,1
1,0,0,0,36,0,1,0,0,0,0,1,0,0,0,0,0,0,0,0,6887,0,1,0,0,0,0,1,0,0,0,4,1,0,0,0,1,0,0,2,0,1,0,0,1,0,1,0,0,0,0,1,1,1,0,0,0,1,1,0,1,0,1
0,0,1,0,18,0,1,0,0,0,0,0,1,0,0,0,0,0,0,0,2760,0,1,0,0,0,0,0,0,0,1,2,1,0,0,0,1,0,0,2,0,1,0,0,1,0,0,1,0,1,0,0,1,0,1,0,0,1,0,1,1,0,1
0,0,1,0,14,1,0,0,0,0,1,0,0,0,0,0,0,0,0,0,1345,1,0,0,0,0,1,0,0,0,0,4,0,1,0,0,1,0,0,2,1,0,0,0,1,0,1,0,0,1,0,0,1,1,0,0,0,1,1,0,1,0,1
0,1,0,0,18,0,1,0,0,0,1,0,0,0,0,0,0,0,0,0,2764,1,0,0,0,0,0,0,1,0,0,4,1,0,0,0,0,1,0,2,1,0,0,0,1,0,0,1,0,1,0,0,3,1,0,0,0,1,1,0,1,0,1
0,0,0,1,14,0,1,0,0,0,1,0,0,0,0,0,0,0,0,0,2002,0,1,0,0,0,0,1,0,0,0,2,0,1,0,0,1,0,0,2,0,0,0,1,1,0,1,0,0,0,0,1,1,0,1,0,0,1,1,0,1,0,1
0,1,0,0,36,0,1,0,0,0,1,0,0,0,0,0,0,0,0,0,5324,0,1,0,0,0,0,0,1,0,0,4,0,1,0,0,1,0,0,1,0,0,1,0,1,0,1,0,0,1,0,0,1,0,0,1,0,1,1,0,1,0,1
1,0,0,0,6,1,0,0,0,0,0,0,0,0,1,0,0,0,0,0,776,0,1,0,0,0,0,1,0,0,0,1,0,1,0,0,1,0,0,4,0,0,1,0,1,0,1,0,0,1,0,0,1,1,0,0,0,1,1,0,1,0,1
0,0,1,0,9,0,1,0,0,0,1,0,0,0,0,0,0,0,0,0,2251,0,1,0,0,0,0,1,0,0,0,1,1,0,0,0,1,0,0,4,0,1,0,0,1,0,1,0,0,1,0,0,1,1,0,0,0,1,1,0,0,1,1
0,0,0,1,36,0,1,0,0,0,1,0,0,0,0,0,0,0,0,0,6304,0,1,0,0,0,0,1,0,0,0,4,1,0,0,0,1,0,0,1,0,0,0,1,0,1,1,0,0,1,0,0,1,1,0,0,0,1,0,1,1,0,1
1,0,0,0,14,0,1,0,0,0,0,0,1,0,0,0,0,0,0,0,1360,0,1,0,0,0,0,1,0,0,0,2,0,1,0,0,1,0,0,4,0,0,0,1,1,0,1,0,0,0,0,1,1,1,0,0,0,1,1,0,1,0,1
0,0,1,0,6,0,1,0,0,0,1,0,0,0,0,0,0,0,0,0,2012,1,0,0,0,0,0,1,0,0,0,1,1,0,0,0,1,0,0,2,1,0,0,0,1,0,1,0,0,1,0,0,1,0,1,0,0,2,0,1,1,0,1
0,0,1,0,18,1,0,0,0,0,0,0,0,1,0,0,0,0,0,0,1056,0,1,0,0,0,0,0,0,0,1,4,0,1,0,0,1,0,0,1,0,1,0,0,1,0,1,0,0,1,0,0,1,1,0,0,0,1,0,1,1,0,1
0,0,1,0,18,0,1,0,0,0,0,0,0,0,0,0,0,0,1,0,1345,0,0,1,0,0,0,0,1,0,0,4,1,0,0,0,1,0,0,2,0,1,0,0,1,0,1,0,0,1,0,0,1,1,0,0,0,1,1,0,1,0,1
0,0,1,0,36,0,1,0,0,0,0,0,0,1,0,0,0,0,0,0,1024,0,0,1,0,0,1,0,0,0,0,4,1,0,0,0,1,0,0,4,0,1,0,0,1,0,1,0,0,1,0,0,1,1,0,0,0,1,0,1,1,0,1
0,0,1,0,24,0,1,0,0,0,0,0,1,0,0,0,0,0,0,0,4811,0,1,0,0,0,0,0,1,0,0,2,0,1,0,0,1,0,0,4,0,1,0,0,1,0,1,0,0,0,0,1,1,1,0,0,0,1,1,0,1,0,1
0,0,1,0,14,0,1,0,0,0,0,0,1,0,0,0,0,0,0,0,754,0,1,0,0,0,0,1,0,0,0,4,0,1,0,0,1,0,0,1,1,0,0,0,1,0,1,0,0,1,0,0,1,0,0,1,0,1,1,0,1,0,1
0,1,0,0,24,0,0,0,0,1,0,0,1,0,0,0,0,0,0,0,1881,0,1,0,0,0,0,0,0,1,0,3,0,1,0,0,1,0,0,2,0,1,0,0,1,0,1,0,0,1,0,0,1,0,0,1,0,1,1,0,1,0,1
0,1,0,0,9,0,1,0,0,0,1,0,0,0,0,0,0,0,0,0,1533,0,1,0,0,0,0,1,0,0,0,4,1,0,0,0,0,1,0,2,1,0,0,0,1,0,0,1,0,1,0,0,1,1,0,0,0,1,0,1,0,1,1
0,0,1,0,27,0,0,0,1,0,0,0,1,0,0,0,0,0,0,0,6458,1,0,0,0,0,0,1,0,0,0,4,0,1,0,0,1,0,0,1,1,0,0,0,1,0,1,0,0,1,0,0,1,0,0,1,0,1,1,0,1,0,1
0,0,1,0,14,0,1,0,0,0,1,0,0,0,0,0,0,0,0,0,2292,0,1,0,0,0,0,0,1,0,0,4,1,0,0,0,1,0,0,2,0,0,0,1,1,0,1,0,0,0,0,1,1,0,0,1,0,2,1,0,1,0,1
0,1,0,0,36,0,1,0,0,0,0,1,0,0,0,0,0,0,0,0,4370,0,1,0,0,0,0,1,0,0,0,2,0,1,0,0,1,0,0,2,1,0,0,0,1,0,0,0,1,1,0,0,1,0,0,1,0,1,0,1,1,0,1
0,0,1,0,18,1,0,0,0,0,1,0,0,0,0,0,0,0,0,0,1393,0,1,0,0,0,0,1,0,0,0,4,1,0,0,0,1,0,0,2,0,1,0,0,1,0,1,0,0,1,0,0,1,1,0,0,0,1,0,1,1,0,1
0,0,1,0,24,0,1,0,0,0,0,0,0,0,1,0,0,0,0,0,5103,0,0,0,1,0,0,1,0,0,0,2,1,0,0,0,1,0,0,2,0,1,0,0,1,0,1,0,0,1,0,0,3,0,0,1,0,1,1,0,1,0,1
0,0,1,0,6,0,1,0,0,0,1,0,0,0,0,0,0,0,0,0,2315,0,1,0,0,0,0,0,1,0,0,2,0,0,0,1,1,0,0,2,0,0,1,0,1,0,1,0,0,0,0,1,1,1,0,0,0,1,0,1,1,0,1
0,1,0,0,14,0,1,0,0,0,0,0,0,0,0,0,0,0,1,0,1038,0,0,0,0,1,0,0,0,0,1,4,0,1,0,0,1,0,0,4,0,0,0,1,1,0,0,1,0,0,0,1,3,1,0,0,0,1,0,1,1,0,1
0,1,0,0,24,0,1,0,0,0,0,0,0,0,0,1,0,0,0,0,2831,1,0,0,0,0,1,0,0,0,0,4,1,0,0,0,1,0,0,4,0,0,1,0,1,0,0,1,0,0,1,0,1,1,0,0,0,1,1,0,1,0,1
1,0,0,0,14,0,1,0,0,0,0,0,0,1,0,0,0,0,0,0,1313,0,1,0,0,0,0,1,0,0,0,4,0,0,0,1,1,0,0,2,1,0,0,0,1,0,1,0,0,1,0,0,1,0,1,0,0,1,0,1,1,0,1
0,0,1,0,14,1,0,0,0,0,0,0,1,0,0,0,0,0,0,0,2080,0,1,0,0,0,1,0,0,0,0,4,1,0,0,0,1,0,0,4,1,0,0,0,1,0,1,0,0,1,0,0,3,1,0,0,0,1,1,0,1,0,1
0,0,1,0,14,0,1,0,0,0,0,0,0,0,0,1,0,0,0,0,1533,0,0,0,1,0,0,0,1,0,0,3,1,0,0,0,1,0,0,2,0,1,0,0,1,0,1,0,0,1,0,0,1,1,0,0,0,1,0,1,0,1,1
0,0,1,0,36,0,1,0,0,0,1,0,0,0,0,0,0,0,0,0,4736,1,0,0,0,0,1,0,0,0,0,2,0,1,0,0,1,0,0,4,0,0,1,0,1,0,0,0,1,1,0,0,1,0,1,0,0,1,1,0,1,0,1
0,1,0,0,6,1,0,0,0,0,0,0,0,0,0,0,0,0,0,1,841,1,0,0,0,0,0,0,1,0,0,1,0,1,0,0,1,0,0,2,0,1,0,0,1,0,1,0,0,1,0,0,1,0,1,0,0,1,0,1,1,0,1
0,1,0,0,14,0,1,0,0,0,0,0,0,0,1,0,0,0,0,0,691,0,1,0,0,0,0,0,0,0,1,4,0,0,0,1,0,1,0,1,1,0,0,0,1,0,0,1,0,1,0,0,1,0,1,0,0,1,0,1,1,0,1
0,1,0,0,14,0,1,0,0,0,0,1,0,0,0,0,0,0,0,0,1322,1,0,0,0,0,0,1,0,0,0,4,0,1,0,0,1,0,0,4,0,1,0,0,1,0,0,1,0,0,0,1,1,1,0,0,0,1,1,0,1,0,1
1,0,0,0,14,0,1,0,0,0,0,0,1,0,0,0,0,0,0,0,8133,0,1,0,0,0,1,0,0,0,0,4,1,0,0,0,1,0,0,4,0,0,1,0,1,0,1,0,0,0,1,0,1,0,0,1,0,1,1,0,1,0,1
0,0,1,0,9,0,1,0,0,0,0,0,0,1,0,0,0,0,0,0,2748,0,0,1,0,0,1,0,0,0,0,2,1,0,0,0,1,0,0,4,0,0,1,0,1,0,1,0,0,0,1,0,1,0,1,0,0,1,0,1,1,0,1
0,0,1,0,14,0,1,0,0,0,1,0,0,0,0,0,0,0,0,0,2327,0,0,0,0,1,0,0,1,0,0,3,1,0,0,0,1,0,0,1,0,0,1,0,1,0,0,1,0,1,0,0,1,1,0,0,0,1,0,1,1,0,1
1,0,0,0,24,0,1,0,0,0,1,0,0,0,0,0,0,0,0,0,1957,0,1,0,0,0,0,0,0,1,0,4,1,0,0,0,1,0,0,2,0,0,0,1,1,0,0,0,1,1,0,0,1,0,0,1,0,2,0,1,1,0,1
1,0,0,0,24,0,1,0,0,0,0,0,0,1,0,0,0,0,0,0,1024,0,0,0,0,1,1,0,0,0,0,4,0,1,0,0,1,0,0,2,0,0,0,1,1,0,0,1,0,1,0,0,1,1,0,0,0,1,0,1,1,0,1
0,0,1,0,6,0,1,0,0,0,0,0,0,0,1,0,0,0,0,0,1881,0,1,0,0,0,0,0,1,0,0,3,1,0,0,0,1,0,0,2,0,1,0,0,1,0,1,0,0,1,0,0,1,1,0,0,0,2,0,1,1,0,1
0,0,1,0,10,0,0,0,1,0,1,0,0,0,0,0,0,0,0,0,2901,0,0,1,0,0,0,1,0,0,0,4,0,1,0,0,1,0,0,2,1,0,0,0,1,0,1,0,0,1,0,0,1,0,1,0,0,2,0,1,1,0,1
0,0,0,1,14,0,1,0,0,0,0,0,1,0,0,0,0,0,0,0,2394,0,1,0,0,0,0,1,0,0,0,1,0,1,0,0,1,0,0,2,0,0,0,1,1,0,1,0,0,1,0,0,1,0,1,0,0,1,0,1,1,0,1
0,0,1,0,14,0,1,0,0,0,0,1,0,0,0,0,0,0,0,0,2775,0,1,0,0,0,1,0,0,0,0,2,0,1,0,0,1,0,0,4,0,0,1,0,1,0,0,1,0,0,1,0,3,0,0,1,0,1,0,1,1,0,1
0,0,1,0,9,0,1,0,0,0,0,0,0,1,0,0,0,0,0,0,1169,0,1,0,0,0,1,0,0,0,0,3,1,0,0,0,1,0,0,4,1,0,0,0,1,0,1,0,0,1,0,0,1,0,1,0,0,2,0,1,1,0,1
0,1,0,0,36,1,0,0,0,0,0,0,0,0,1,0,0,0,0,0,6579,1,0,0,0,0,1,0,0,0,0,4,1,0,0,0,1,0,0,4,1,0,0,0,1,0,1,0,0,1,0,0,1,1,0,0,0,1,0,1,1,0,1
0,0,1,0,24,0,1,0,0,0,1,0,0,0,0,0,0,0,0,0,1620,0,1,0,0,0,0,0,0,0,1,4,0,1,0,0,1,0,0,2,0,0,0,1,1,0,0,0,1,1,0,0,1,1,0,0,0,1,1,0,1,0,1
1,0,0,0,15,0,1,0,0,0,0,0,0,1,0,0,0,0,0,0,8947,0,1,0,0,0,1,0,0,0,0,1,0,0,1,0,1,0,0,4,0,1,0,0,1,0,1,0,0,1,0,0,1,0,0,1,0,1,1,0,0,1,1
0,0,1,0,14,1,0,0,0,0,0,0,1,0,0,0,0,0,0,0,1532,0,0,1,0,0,0,0,1,0,0,3,0,1,0,0,1,0,0,4,0,0,0,1,1,0,1,0,0,0,0,1,1,1,0,0,0,1,1,0,1,0,1
0,1,0,0,48,0,1,0,0,0,1,0,0,0,0,0,0,0,0,0,3620,0,1,0,0,0,0,0,1,0,0,4,1,0,0,0,1,0,0,4,1,0,0,0,1,0,1,0,0,1,0,0,1,1,0,0,0,1,0,1,1,0,1
0,0,1,0,18,0,1,0,0,0,0,0,1,0,0,0,0,0,0,0,1595,1,0,0,0,0,1,0,0,0,0,4,1,0,0,0,1,0,0,4,0,1,0,0,1,0,1,0,0,1,0,0,1,1,0,0,0,1,0,1,1,0,1
0,1,0,0,24,1,0,0,0,0,0,0,0,1,0,0,0,0,0,0,4006,0,0,0,0,1,0,0,0,0,1,4,0,0,1,0,1,0,0,2,0,0,0,1,1,0,1,0,0,1,0,0,1,1,0,0,0,1,1,0,1,0,1
1,0,0,0,24,0,0,0,0,1,1,0,0,0,0,0,0,0,0,0,1042,0,1,0,0,0,0,0,0,0,1,4,0,0,0,1,1,0,0,4,1,0,0,0,1,0,1,0,0,1,0,0,1,1,0,0,0,1,0,1,1,0,1
0,0,1,0,14,0,1,0,0,0,0,0,0,0,1,0,0,0,0,0,1056,0,1,0,0,0,0,1,0,0,0,2,0,0,0,1,1,0,0,2,1,0,0,0,1,0,1,0,0,1,0,0,1,1,0,0,0,1,1,0,0,1,1
0,0,0,1,36,0,1,0,0,0,0,0,0,0,1,0,0,0,0,0,5324,0,1,0,0,0,1,0,0,0,0,4,1,0,0,0,1,0,0,4,0,0,1,0,1,0,1,0,0,0,1,0,1,1,0,0,0,1,0,1,1,0,1
0,1,0,0,48,0,1,0,0,0,0,0,1,0,0,0,0,0,0,0,9283,0,1,0,0,0,0,0,0,0,1,1,0,1,0,0,1,0,0,2,0,0,0,1,1,0,1,0,0,1,0,0,1,1,0,0,0,1,1,0,1,0,1
0,0,1,0,9,0,1,0,0,0,0,0,0,1,0,0,0,0,0,0,1366,1,0,0,0,0,1,0,0,0,0,4,1,0,0,0,0,0,1,2,0,1,0,0,1,0,1,0,0,1,0,0,1,0,1,0,0,1,0,1,0,1,1
0,0,1,0,18,0,1,0,0,0,0,0,0,0,1,0,0,0,0,0,2751,0,1,0,0,0,0,1,0,0,0,3,1,0,0,0,1,0,0,4,1,0,0,0,1,0,1,0,0,1,0,0,1,1,0,0,0,1,1,0,1,0,1
1,0,0,0,9,1,0,0,0,0,1,0,0,0,0,0,0,0,0,0,1053,0,1,0,0,0,0,0,1,0,0,4,1,0,0,0,1,0,0,2,0,1,0,0,1,0,0,1,0,1,0,0,1,1,0,0,0,1,1,0,1,0,1
0,0,1,0,33,0,1,0,0,0,0,0,0,0,0,1,0,0,0,0,5507,1,0,0,0,0,0,0,1,0,0,2,0,1,0,0,1,0,0,4,0,1,0,0,0,1,0,0,1,0,0,1,1,0,1,0,0,1,0,1,1,0,1
0,1,0,0,9,0,1,0,0,0,0,0,0,1,0,0,0,0,0,0,625,0,1,0,0,0,0,1,0,0,0,4,0,0,0,1,1,0,0,4,1,0,0,0,0,1,1,0,0,0,0,1,1,0,1,0,0,1,0,1,1,0,1
0,1,0,0,14,0,1,0,0,0,0,0,0,1,0,0,0,0,0,0,717,0,1,0,0,0,0,0,1,0,0,2,0,0,0,1,1,0,0,2,0,0,0,1,1,0,0,1,0,1,0,0,1,0,1,0,0,1,0,1,1,0,1
0,0,1,0,30,0,0,0,1,0,0,0,1,0,0,0,0,0,0,0,2145,0,1,0,0,0,0,0,0,0,1,4,1,0,0,0,1,0,0,4,0,0,0,1,1,0,0,0,1,1,0,0,1,1,0,0,0,1,0,1,1,0,1
1,0,0,0,14,0,1,0,0,0,0,0,1,0,0,0,0,0,0,0,719,0,1,0,0,0,0,1,0,0,0,2,1,0,0,0,0,1,0,2,0,1,0,0,1,0,1,0,0,1,0,0,1,0,1,0,0,2,0,1,1,0,1
1,0,0,0,15,0,0,0,0,1,0,0,1,0,0,0,0,0,0,0,3939,0,1,0,0,0,1,0,0,0,0,1,0,1,0,0,1,0,0,4,0,1,0,0,1,0,1,0,0,1,0,0,1,0,1,0,0,1,0,1,1,0,1
1,0,0,0,24,0,1,0,0,0,1,0,0,0,0,0,0,0,0,0,2279,0,1,0,0,0,0,0,0,0,1,4,0,0,1,0,1,0,0,2,0,1,0,0,1,0,1,0,0,1,0,0,1,1,0,0,0,1,0,1,1,0,1
1,0,0,0,24,0,1,0,0,0,0,0,0,0,0,1,0,0,0,0,2901,0,1,0,0,0,0,0,1,0,0,2,1,0,0,0,1,0,0,1,0,0,1,0,1,0,1,0,0,0,1,0,1,0,0,1,0,1,1,0,1,0,1
0,0,1,0,18,1,0,0,0,0,0,0,0,1,0,0,0,0,0,0,1053,0,1,0,0,0,0,1,0,0,0,4,0,1,0,0,1,0,0,2,0,0,1,0,1,0,1,0,0,1,0,0,1,1,0,0,0,1,0,1,1,0,1
1,0,0,0,7,1,0,0,0,0,0,0,0,1,0,0,0,0,0,0,3114,0,1,0,0,0,0,0,0,0,1,1,1,0,0,0,1,0,0,4,1,0,0,0,1,0,1,0,0,1,0,0,1,0,1,0,0,1,0,1,0,1,1
0,0,1,0,14,1,0,0,0,0,0,0,1,0,0,0,0,0,0,0,6288,0,1,0,0,0,1,0,0,0,0,2,1,0,0,0,1,0,0,4,0,1,0,0,1,0,1,0,0,0,0,1,1,1,0,0,0,1,1,0,1,0,1
0,1,0,0,36,0,1,0,0,0,1,0,0,0,0,0,0,0,0,0,5084,0,1,0,0,0,1,0,0,0,0,4,1,0,0,0,1,0,0,2,0,0,0,1,1,0,1,0,0,1,0,0,1,1,0,0,0,1,0,1,1,0,1
0,0,1,0,18,0,1,0,0,0,0,1,0,0,0,0,0,0,0,0,1967,0,0,0,0,1,0,1,0,0,0,4,0,1,0,0,1,0,0,2,1,0,0,0,1,0,1,0,0,1,0,0,1,1,0,0,0,1,0,1,1,0,1
0,0,1,0,48,0,1,0,0,0,0,0,0,0,0,1,0,0,0,0,10297,0,0,0,0,1,0,1,0,0,0,2,0,1,0,0,1,0,0,4,0,0,0,1,0,1,0,1,0,0,0,1,1,0,1,0,0,1,0,1,1,0,1
1,0,0,0,24,0,1,0,0,0,0,0,1,0,0,0,0,0,0,0,5003,0,1,0,0,0,0,1,0,0,0,4,1,0,0,0,1,0,0,4,0,1,0,0,1,0,1,0,0,1,0,0,1,1,0,0,0,1,0,1,1,0,1
1,0,0,0,20,0,1,0,0,0,0,0,1,0,0,0,0,0,0,0,3878,0,1,0,0,0,0,0,1,0,0,1,0,1,0,0,1,0,0,4,0,0,0,1,1,0,1,0,0,0,0,1,1,0,1,0,0,1,0,1,1,0,1
0,0,0,1,9,0,1,0,0,0,0,0,0,1,0,0,0,0,0,0,4796,0,1,0,0,0,0,0,0,0,1,1,1,0,0,0,0,1,0,1,0,0,0,1,1,0,1,0,0,1,0,0,1,0,1,0,0,2,0,1,1,0,1
0,0,1,0,6,0,0,0,0,1,0,0,0,0,1,0,0,0,0,0,1533,0,0,0,0,1,0,1,0,0,0,1,1,0,0,0,1,0,0,2,1,0,0,0,1,0,1,0,0,1,0,0,1,0,1,0,0,1,0,1,1,0,1
0,1,0,0,9,1,0,0,0,0,0,0,0,0,1,0,0,0,0,0,1107,0,0,0,1,0,1,0,0,0,0,4,1,0,0,0,1,0,0,2,0,0,1,0,1,0,1,0,0,0,1,0,1,1,0,0,0,2,0,1,1,0,1
0,0,1,0,9,0,1,0,0,0,0,0,0,0,0,0,1,0,0,0,1338,0,1,0,0,0,0,0,0,0,1,1,0,1,0,0,1,0,0,4,1,0,0,0,1,0,1,0,0,0,0,1,1,1,0,0,0,1,1,0,1,0,1
0,0,1,0,9,0,1,0,0,0,0,1,0,0,0,0,0,0,0,0,730,0,0,1,0,0,1,0,0,0,0,4,1,0,0,0,1,0,0,4,0,0,1,0,1,0,1,0,0,0,1,0,1,1,0,0,0,1,1,0,1,0,1
0,0,1,0,14,0,1,0,0,0,1,0,0,0,0,0,0,0,0,0,918,0,1,0,0,0,0,1,0,0,0,4,0,0,0,1,1,0,0,2,1,0,0,0,1,0,1,0,0,1,0,0,1,1,0,0,0,1,0,1,1,0,1
0,0,0,1,9,0,1,0,0,0,0,0,0,1,0,0,0,0,0,0,2394,0,1,0,0,0,0,1,0,0,0,2,0,1,0,0,1,0,0,2,0,0,0,1,1,0,0,0,1,1,0,0,1,1,0,0,0,1,1,0,1,0,1
0,0,1,0,6,0,1,0,0,0,0,0,1,0,0,0,0,0,0,0,1935,0,1,0,0,0,0,1,0,0,0,1,0,0,0,1,1,0,0,2,0,1,0,0,0,1,1,0,0,0,0,1,1,1,0,0,0,1,0,1,1,0,1
1,0,0,0,18,0,1,0,0,0,0,0,1,0,0,0,0,0,0,0,2746,0,1,0,0,0,0,0,0,1,0,4,1,0,0,0,1,0,0,1,0,0,0,1,0,1,1,0,0,1,0,0,1,0,0,0,1,1,0,1,1,0,1
0,0,1,0,14,0,1,0,0,0,0,0,0,0,1,0,0,0,0,0,1880,0,1,0,0,0,0,0,1,0,0,2,1,0,0,0,1,0,0,4,0,0,0,1,1,0,1,0,0,1,0,0,1,1,0,0,0,1,1,0,1,0,1
0,0,1,0,18,0,1,0,0,0,0,0,0,0,0,1,0,0,0,0,4006,0,1,0,0,0,0,0,1,0,0,3,1,0,0,0,1,0,0,1,0,0,0,1,1,0,1,0,0,1,0,0,1,1,0,0,0,1,0,1,1,0,1
0,1,0,0,18,1,0,0,0,0,1,0,0,0,0,0,0,0,0,0,6350,0,1,0,0,0,1,0,0,0,0,3,1,0,0,0,1,0,0,4,0,0,0,1,1,0,1,0,0,1,0,0,1,1,0,0,0,1,1,0,1,0,1
0,1,0,0,54,0,0,0,1,0,0,0,0,1,0,0,0,0,0,0,10974,0,0,0,0,1,1,0,0,0,0,3,0,1,0,0,1,0,0,4,0,0,0,1,1,0,0,1,0,0,1,0,3,1,0,0,0,1,1,0,1,0,1
1,0,0,0,42,0,1,0,0,0,0,0,0,0,1,0,0,0,0,0,7297,0,1,0,0,0,0,0,1,0,0,2,0,1,0,0,0,1,0,4,0,0,0,1,1,0,1,0,0,0,0,1,1,1,0,0,0,1,0,1,1,0,1
0,0,1,0,6,0,1,0,0,0,0,0,0,1,0,0,0,0,0,0,639,0,0,0,0,1,0,1,0,0,0,4,0,1,0,0,1,0,0,4,0,0,0,1,1,0,1,0,0,1,0,0,1,0,1,0,0,1,0,1,1,0,1
0,1,0,0,18,0,1,0,0,0,0,0,0,0,0,1,0,0,0,0,10477,0,1,0,0,0,0,0,0,1,0,3,0,1,0,0,1,0,0,4,0,0,1,0,1,0,1,0,0,0,1,0,1,0,0,1,0,1,1,0,1,0,1
0,0,1,0,9,0,1,0,0,0,0,0,0,0,1,0,0,0,0,0,1538,0,1,0,0,0,0,0,1,0,0,3,0,1,0,0,1,0,0,2,0,0,0,1,1,0,1,0,0,1,0,0,1,1,0,0,0,1,0,1,1,0,1
0,1,0,0,14,0,1,0,0,0,0,0,1,0,0,0,0,0,0,0,1042,0,0,0,1,0,0,0,0,0,1,1,0,1,0,0,1,0,0,4,1,0,0,0,0,1,1,0,0,0,0,1,1,0,1,0,0,1,0,1,1,0,1
1,0,0,0,6,0,1,0,0,0,0,0,1,0,0,0,0,0,0,0,2096,0,1,0,0,0,0,0,1,0,0,1,0,1,0,0,1,0,0,4,0,0,0,1,1,0,1,0,0,1,0,0,1,1,0,0,0,1,0,1,1,0,1
0,0,1,0,9,1,0,0,0,0,0,0,1,0,0,0,0,0,0,0,2515,0,1,0,0,0,0,0,0,1,0,2,1,0,0,0,1,0,0,2,0,0,0,1,1,0,1,0,0,1,0,0,1,0,0,1,0,1,0,1,1,0,1
0,1,0,0,14,0,1,0,0,0,0,0,0,1,0,0,0,0,0,0,1323,0,1,0,0,0,1,0,0,0,0,1,0,0,1,0,1,0,0,1,1,0,0,0,1,0,1,0,0,0,0,1,1,1,0,0,0,1,0,1,1,0,1
0,0,1,0,11,0,1,0,0,0,0,0,0,1,0,0,0,0,0,0,763,0,1,0,0,0,0,1,0,0,0,4,1,0,0,0,1,0,0,2,0,0,0,1,1,0,1,0,0,1,0,0,1,0,1,0,0,1,0,1,1,0,1
0,1,0,0,15,0,1,0,0,0,0,0,0,1,0,0,0,0,0,0,2899,1,0,0,0,0,1,0,0,0,0,4,1,0,0,0,1,0,0,4,0,0,0,1,1,0,1,0,0,1,0,0,1,1,0,0,0,2,0,1,1,0,1
1,0,0,0,18,0,1,0,0,0,1,0,0,0,0,0,0,0,0,0,1055,0,1,0,0,0,1,0,0,0,0,4,0,0,0,1,1,0,0,2,1,0,0,0,1,0,1,0,0,1,0,0,1,1,0,0,0,1,0,1,0,1,1
0,1,0,0,24,0,1,0,0,0,1,0,0,0,0,0,0,0,0,0,2292,0,1,0,0,0,1,0,0,0,0,4,0,1,0,0,1,0,0,4,0,0,0,1,0,1,1,0,0,1,0,0,1,1,0,0,0,1,1,0,1,0,1
0,1,0,0,36,1,0,0,0,0,0,0,0,0,0,1,0,0,0,0,7865,0,1,0,0,0,0,0,1,0,0,3,1,0,0,0,1,0,0,2,0,0,0,1,1,0,1,0,0,1,0,0,1,0,0,1,0,1,1,0,1,0,1
0,0,1,0,14,0,1,0,0,0,0,0,0,0,1,0,0,0,0,0,2406,0,1,0,0,0,0,0,0,1,0,4,1,0,0,0,1,0,0,2,0,0,0,1,1,0,0,0,1,1,0,0,1,0,0,1,0,1,1,0,1,0,1
0,1,0,0,18,0,1,0,0,0,0,0,0,1,0,0,0,0,0,0,1055,1,0,0,0,0,0,1,0,0,0,4,0,1,0,0,1,0,0,2,0,1,0,0,1,0,1,0,0,1,0,0,1,1,0,0,0,1,0,1,1,0,1
0,1,0,0,14,0,1,0,0,0,0,0,0,1,0,0,0,0,0,0,860,0,1,0,0,0,0,0,1,0,0,2,1,0,0,0,1,0,0,2,1,0,0,0,1,0,1,0,0,0,0,1,1,0,1,0,0,2,0,1,1,0,1
0,0,1,0,9,0,1,0,0,0,0,0,1,0,0,0,0,0,0,0,1471,0,1,0,0,0,1,0,0,0,0,1,1,0,0,0,1,0,0,4,0,0,0,1,1,0,1,0,0,1,0,0,1,1,0,0,0,1,0,1,1,0,1
0,1,0,0,24,0,1,0,0,0,0,0,0,0,0,0,0,0,1,0,9960,0,1,0,0,0,0,1,0,0,0,2,1,0,0,0,0,0,1,2,0,0,0,1,1,0,0,1,0,1,0,0,1,0,0,1,0,1,1,0,1,0,1
1,0,0,0,6,0,1,0,0,0,0,0,1,0,0,0,0,0,0,0,1967,0,1,0,0,0,0,0,0,1,0,4,1,0,0,0,1,0,0,4,0,0,1,0,1,0,1,0,0,0,1,0,3,0,0,1,0,1,1,0,1,0,1
0,0,1,0,24,1,0,0,0,0,0,0,1,0,0,0,0,0,0,0,1366,0,0,0,1,0,0,1,0,0,0,4,0,1,0,0,1,0,0,4,1,0,0,0,1,0,1,0,0,1,0,0,1,1,0,0,0,1,0,1,1,0,1
1,0,0,0,36,1,0,0,0,0,0,0,0,0,0,0,0,1,0,0,3077,0,1,0,0,0,0,0,0,1,0,4,1,0,0,0,0,0,1,4,0,0,0,1,1,0,1,0,0,1,0,0,1,0,0,1,0,1,0,1,1,0,1
0,0,1,0,14,0,1,0,0,0,0,0,0,1,0,0,0,0,0,0,2012,0,1,0,0,0,1,0,0,0,0,4,1,0,0,0,1,0,0,4,0,0,0,1,1,0,1,0,0,1,0,0,1,0,0,1,0,1,1,0,1,0,1
1,0,0,0,14,0,1,0,0,0,0,0,1,0,0,0,0,0,0,0,1884,0,1,0,0,0,0,1,0,0,0,2,0,1,0,0,1,0,0,2,0,1,0,0,1,0,1,0,0,1,0,0,1,1,0,0,0,1,0,1,1,0,1
0,1,0,0,18,0,0,0,0,1,0,0,0,0,0,0,0,0,1,0,2629,0,1,0,0,0,0,1,0,0,0,2,1,0,0,0,1,0,0,2,0,0,0,1,1,0,0,1,0,1,0,0,1,1,0,0,0,1,1,0,1,0,1
0,0,1,0,14,0,1,0,0,0,0,1,0,0,0,0,0,0,0,0,727,0,1,0,0,0,1,0,0,0,0,4,1,0,0,0,1,0,0,4,0,0,0,1,1,0,0,1,0,1,0,0,1,0,1,0,0,2,0,1,1,0,1
1,0,0,0,36,0,1,0,0,0,0,0,0,1,0,0,0,0,0,0,1963,0,1,0,0,0,0,0,0,0,1,4,0,1,0,0,1,0,0,4,0,0,0,1,1,0,1,0,0,1,0,0,1,1,0,0,0,1,1,0,1,0,1
0,1,0,0,15,0,0,0,0,1,0,0,0,0,0,0,0,1,0,0,1471,0,0,0,1,0,0,1,0,0,0,3,0,0,0,1,1,0,0,2,0,1,0,0,1,0,0,0,1,1,0,0,1,1,0,0,0,1,0,1,1,0,1
0,0,1,0,36,0,1,0,0,0,0,0,0,0,0,1,0,0,0,0,9960,1,0,0,0,0,0,1,0,0,0,4,1,0,0,0,1,0,0,2,1,0,0,0,1,0,1,0,0,1,0,0,1,0,0,1,0,1,1,0,1,0,1
0,0,1,0,6,0,1,0,0,0,1,0,0,0,0,0,0,0,0,0,685,0,1,0,0,0,0,1,0,0,0,3,0,1,0,0,1,0,0,1,1,0,0,0,1,0,1,0,0,1,0,0,1,1,0,0,0,1,0,1,1,0,1
0,0,1,0,10,0,0,1,0,0,0,0,0,1,0,0,0,0,0,0,1957,0,1,0,0,0,1,0,0,0,0,2,1,0,0,0,1,0,0,4,0,1,0,0,1,0,1,0,0,1,0,0,3,1,0,0,0,1,0,1,1,0,1
1,0,0,0,36,0,1,0,0,0,0,0,1,0,0,0,0,0,0,0,3939,0,1,0,0,0,0,1,0,0,0,1,1,0,0,0,0,1,0,2,0,1,0,0,1,0,1,0,0,1,0,0,1,1,0,0,0,2,0,1,1,0,1
1,0,0,0,18,0,1,0,0,0,0,0,0,1,0,0,0,0,0,0,1924,0,1,0,0,0,0,1,0,0,0,2,1,0,0,0,1,0,0,2,1,0,0,0,1,0,1,0,0,1,0,0,1,1,0,0,0,1,0,1,1,0,1
0,1,0,0,14,0,1,0,0,0,0,0,0,0,1,0,0,0,0,0,730,0,0,0,0,1,1,0,0,0,0,4,1,0,0,0,1,0,0,4,0,1,0,0,1,0,1,0,0,1,0,0,1,1,0,0,0,1,0,1,1,0,1
0,0,1,0,28,0,0,0,0,1,0,0,0,0,1,0,0,0,0,0,2748,0,1,0,0,0,0,1,0,0,0,2,0,1,0,0,1,0,0,2,0,1,0,0,1,0,1,0,0,1,0,0,1,1,0,0,0,1,0,1,1,0,1
1,0,0,0,18,0,1,0,0,0,0,0,1,0,0,0,0,0,0,0,2279,0,1,0,0,0,0,0,0,0,1,1,0,1,0,0,1,0,0,4,0,1,0,0,1,0,1,0,0,0,0,1,1,1,0,0,0,1,0,1,1,0,1
0,1,0,0,24,0,1,0,0,0,0,0,0,1,0,0,0,0,0,0,1322,0,1,0,0,0,0,0,0,0,1,4,1,0,0,0,1,0,0,1,0,1,0,0,1,0,1,0,0,1,0,0,1,1,0,0,0,1,0,1,1,0,1
0,0,1,0,14,1,0,0,0,0,0,0,0,1,0,0,0,0,0,0,1107,0,0,1,0,0,0,1,0,0,0,4,1,0,0,0,1,0,0,4,1,0,0,0,1,0,1,0,0,1,0,0,1,1,0,0,0,1,1,0,1,0,1
0,0,1,0,14,0,1,0,0,0,1,0,0,0,0,0,0,0,0,0,3643,0,1,0,0,0,0,1,0,0,0,2,1,0,0,0,1,0,0,4,0,0,0,1,1,0,1,0,0,1,0,0,1,1,0,0,0,1,1,0,1,0,1
0,0,1,0,6,0,1,0,0,0,0,0,0,1,0,0,0,0,0,0,3832,0,1,0,0,0,0,1,0,0,0,2,1,0,0,0,0,1,0,2,0,1,0,0,1,0,1,0,0,0,0,1,1,1,0,0,0,1,0,1,1,0,1
0,0,1,0,14,1,0,0,0,0,1,0,0,0,0,0,0,0,0,0,2064,0,1,0,0,0,1,0,0,0,0,2,1,0,0,0,1,0,0,2,0,0,1,0,1,0,1,0,0,1,0,0,1,1,0,0,0,1,0,1,1,0,1
1,0,0,0,6,1,0,0,0,0,1,0,0,0,0,0,0,0,0,0,1338,0,0,0,0,1,0,1,0,0,0,1,0,1,0,0,1,0,0,1,0,1,0,0,1,0,1,0,0,1,0,0,1,1,0,0,0,1,0,1,1,0,1
0,0,0,1,6,1,0,0,0,0,0,0,0,1,0,0,0,0,0,0,1388,0,0,0,0,1,1,0,0,0,0,2,0,0,1,0,1,0,0,4,0,0,0,1,1,0,1,0,0,1,0,0,1,1,0,0,0,2,1,0,1,0,1
1,0,0,0,24,0,1,0,0,0,0,0,0,1,0,0,0,0,0,0,3652,0,1,0,0,0,0,0,0,0,1,4,0,1,0,0,1,0,0,1,0,0,0,1,1,0,1,0,0,1,0,0,1,1,0,0,0,1,0,1,1,0,1
0,0,0,1,18,1,0,0,0,0,0,0,0,0,1,0,0,0,0,0,2476,0,0,1,0,0,0,1,0,0,0,2,1,0,0,0,1,0,0,2,0,0,0,1,1,0,1,0,0,1,0,0,1,1,0,0,0,1,1,0,1,0,1
0,1,0,0,15,0,1,0,0,0,0,0,0,1,0,0,0,0,0,0,6313,0,1,0,0,0,0,1,0,0,0,1,1,0,0,0,1,0,0,2,0,1,0,0,1,0,1,0,0,1,0,0,1,0,0,1,0,2,1,0,1,0,1
1,0,0,0,14,0,1,0,0,0,0,0,0,1,0,0,0,0,0,0,754,0,1,0,0,0,0,0,1,0,0,4,1,0,0,0,1,0,0,2,1,0,0,0,1,0,1,0,0,1,0,0,1,1,0,0,0,1,1,0,1,0,1
0,0,1,0,24,0,1,0,0,0,0,0,0,1,0,0,0,0,0,0,2397,1,0,0,0,0,1,0,0,0,0,4,1,0,0,0,1,0,0,1,0,1,0,0,1,0,1,0,0,1,0,0,1,1,0,0,0,1,0,1,1,0,1
1,0,0,0,6,1,0,0,0,0,0,0,0,1,0,0,0,0,0,0,691,0,1,0,0,0,0,0,1,0,0,4,0,1,0,0,1,0,0,2,0,1,0,0,1,0,1,0,0,1,0,0,1,1,0,0,0,1,0,1,0,1,1
0,0,1,0,24,1,0,0,0,0,0,0,0,0,0,0,0,1,0,0,5848,0,1,0,0,0,0,0,1,0,0,3,1,0,0,0,1,0,0,4,0,0,1,0,1,0,1,0,0,0,1,0,1,1,0,0,0,1,0,1,1,0,1
1,0,0,0,18,0,1,0,0,0,1,0,0,0,0,0,0,0,0,0,3676,0,1,0,0,0,0,1,0,0,0,2,0,1,0,0,1,0,0,2,1,0,0,0,0,1,1,0,0,1,0,0,1,1,0,0,0,1,0,1,1,0,1
1,0,0,0,42,0,1,0,0,0,0,0,1,0,0,0,0,0,0,0,5848,0,1,0,0,0,0,1,0,0,0,3,1,0,0,0,1,0,0,4,0,0,1,0,1,0,1,0,0,0,1,0,3,1,0,0,0,2,0,1,1,0,1
0,1,0,0,18,0,1,0,0,0,0,0,0,0,1,0,0,0,0,0,1299,0,1,0,0,0,0,1,0,0,0,4,0,1,0,0,0,1,0,4,1,0,0,0,1,0,1,0,0,1,0,0,1,0,1,0,0,2,0,1,1,0,1
0,1,0,0,24,0,1,0,0,0,0,0,0,0,0,1,0,0,0,0,8229,0,1,0,0,0,0,0,0,0,1,2,1,0,0,0,1,0,0,2,0,0,0,1,1,0,1,0,0,1,0,0,1,1,0,0,0,1,0,1,1,0,1
0,0,1,0,18,1,0,0,0,0,0,1,0,0,0,0,0,0,0,0,1620,0,0,0,0,1,0,1,0,0,0,4,0,1,0,0,1,0,0,2,0,0,0,1,1,0,1,0,0,1,0,0,1,1,0,0,0,1,0,1,1,0,1
1,0,0,0,36,0,1,0,0,0,0,0,0,0,1,0,0,0,0,0,2415,0,1,0,0,0,0,1,0,0,0,4,0,0,1,0,1,0,0,4,0,0,0,1,1,0,1,0,0,0,0,1,1,1,0,0,0,1,0,1,1,0,1
1,0,0,0,6,0,1,0,0,0,0,0,0,1,0,0,0,0,0,0,717,0,1,0,0,0,0,0,0,0,1,3,1,0,0,0,1,0,0,4,1,0,0,0,1,0,1,0,0,1,0,0,1,0,1,0,0,2,1,0,1,0,1
1,0,0,0,6,0,1,0,0,0,0,0,0,1,0,0,0,0,0,0,1514,1,0,0,0,0,0,0,0,1,0,4,0,1,0,0,1,0,0,2,0,1,0,0,1,0,1,0,0,1,0,0,1,0,0,1,0,1,1,0,1,0,1
1,0,0,0,48,0,1,0,0,0,0,0,0,1,0,0,0,0,0,0,8086,0,1,0,0,0,1,0,0,0,0,4,1,0,0,0,1,0,0,4,0,0,1,0,1,0,0,1,0,0,1,0,1,0,0,1,0,1,0,1,1,0,1
0,1,0,0,14,0,1,0,0,0,1,0,0,0,0,0,0,0,0,0,1872,0,1,0,0,0,0,0,0,0,1,1,0,0,0,1,1,0,0,1,1,0,0,0,0,1,1,0,0,0,0,1,1,1,0,0,0,1,0,1,1,0,1
1,0,0,0,33,0,1,0,0,0,1,0,0,0,0,0,0,0,0,0,6614,1,0,0,0,0,1,0,0,0,0,4,1,0,0,0,1,0,0,4,0,1,0,0,1,0,1,0,0,1,0,0,1,1,0,0,0,1,0,1,1,0,1
0,0,1,0,6,0,0,0,1,0,1,0,0,0,0,0,0,0,0,0,1750,0,1,0,0,0,1,0,0,0,0,2,1,0,0,0,1,0,0,4,0,1,0,0,1,0,0,1,0,1,0,0,1,0,1,0,0,2,0,1,1,0,1
1,0,0,0,48,0,1,0,0,0,0,0,0,0,1,0,0,0,0,0,6887,0,1,0,0,0,0,0,1,0,0,1,1,0,0,0,0,1,0,1,1,0,0,0,1,0,1,0,0,1,0,0,1,1,0,0,0,1,1,0,1,0,1
0,1,0,0,9,0,1,0,0,0,0,1,0,0,0,0,0,0,0,0,1316,0,1,0,0,0,0,0,1,0,0,4,0,1,0,0,1,0,0,4,0,1,0,0,1,0,1,0,0,1,0,0,1,0,0,1,0,1,1,0,1,0,1
0,0,1,0,24,0,0,1,0,0,0,0,0,1,0,0,0,0,0,0,3711,1,0,0,0,0,0,1,0,0,0,1,0,1,0,0,1,0,0,4,0,1,0,0,1,0,1,0,0,1,0,0,3,1,0,0,0,1,1,0,1,0,1
1,0,0,0,24,0,0,0,0,1,0,0,0,0,1,0,0,0,0,0,5190,1,0,0,0,0,0,1,0,0,0,4,1,0,0,0,1,0,0,2,0,1,0,0,1,0,0,1,0,1,0,0,1,0,1,0,0,1,1,0,1,0,1
0,1,0,0,24,0,0,0,0,1,1,0,0,0,0,0,0,0,0,0,1514,0,0,0,0,1,0,0,1,0,0,3,0,1,0,0,1,0,0,2,0,1,0,0,0,1,1,0,0,0,0,1,1,1,0,0,0,1,0,1,1,0,1
0,1,0,0,28,1,0,0,0,0,1,0,0,0,0,0,0,0,0,0,6313,0,1,0,0,0,0,0,1,0,0,3,1,0,0,0,1,0,0,2,0,0,0,1,1,0,1,0,0,1,0,0,1,1,0,0,0,1,0,1,1,0,1
1,0,0,0,18,0,1,0,0,0,0,0,0,0,1,0,0,0,0,0,932,0,1,0,0,0,0,1,0,0,0,4,0,1,0,0,1,0,0,4,0,1,0,0,1,0,1,0,0,1,0,0,1,0,1,0,0,1,0,1,1,0,1
0,1,0,0,18,0,1,0,0,0,0,0,0,1,0,0,0,0,0,0,1056,0,1,0,0,0,1,0,0,0,0,3,1,0,0,0,0,1,0,2,1,0,0,0,1,0,0,1,0,1,0,0,1,1,0,0,0,1,0,1,1,0,1
0,0,1,0,9,0,1,0,0,0,0,0,1,0,0,0,0,0,0,0,1520,0,1,0,0,0,0,1,0,0,0,4,0,1,0,0,1,0,0,2,1,0,0,0,1,0,1,0,0,0,0,1,1,1,0,0,0,1,0,1,1,0,1
0,0,1,0,18,1,0,0,0,0,0,0,0,1,0,0,0,0,0,0,2835,0,1,0,0,0,0,0,1,0,0,2,1,0,0,0,1,0,0,2,0,1,0,0,1,0,0,1,0,1,0,0,1,1,0,0,0,1,0,1,1,0,1
0,1,0,0,9,0,1,0,0,0,0,0,1,0,0,0,0,0,0,0,1028,0,1,0,0,0,0,1,0,0,0,4,0,1,0,0,1,0,0,1,0,1,0,0,1,0,1,0,0,1,0,0,1,1,0,0,0,1,0,1,1,0,1
0,0,1,0,36,0,1,0,0,0,0,0,1,0,0,0,0,0,0,0,3711,0,1,0,0,0,0,1,0,0,0,4,0,1,0,0,1,0,0,2,0,0,0,1,1,0,1,0,0,1,0,0,1,0,0,1,0,1,1,0,1,0,1
0,0,1,0,15,0,1,0,0,0,0,0,1,0,0,0,0,0,0,0,1778,0,1,0,0,0,0,0,1,0,0,4,0,1,0,0,1,0,0,1,1,0,0,0,0,1,1,0,0,1,0,0,1,1,0,0,0,1,0,1,1,0,1
1,0,0,0,6,1,0,0,0,0,0,0,0,1,0,0,0,0,0,0,3949,0,1,0,0,0,0,1,0,0,0,1,1,0,0,0,1,0,0,2,1,0,0,0,1,0,1,0,0,0,0,1,3,1,0,0,0,2,0,1,1,0,1
0,1,0,0,24,0,1,0,0,0,0,0,0,0,1,0,0,0,0,0,3949,0,1,0,0,0,0,0,1,0,0,2,1,0,0,0,1,0,0,2,0,1,0,0,1,0,1,0,0,1,0,0,1,1,0,0,0,1,0,1,1,0,1
0,0,1,0,48,0,1,0,0,0,0,0,0,0,1,0,0,0,0,0,4795,1,0,0,0,0,0,1,0,0,0,4,0,0,1,0,1,0,0,2,1,0,0,0,1,0,0,1,0,1,0,0,1,1,0,0,0,1,0,1,1,0,1
0,0,0,1,6,0,1,0,0,0,0,0,1,0,0,0,0,0,0,0,2323,0,1,0,0,0,0,1,0,0,0,2,1,0,0,0,1,0,0,2,1,0,0,0,1,0,1,0,0,1,0,0,1,1,0,0,0,1,1,0,1,0,1
0,1,0,0,9,0,0,0,1,0,0,0,0,1,0,0,0,0,0,0,1287,1,0,0,0,0,0,0,1,0,0,2,1,0,0,0,1,0,0,2,0,0,1,0,1,0,1,0,0,1,0,0,1,1,0,0,0,1,0,1,1,0,1
0,0,1,0,36,0,1,0,0,0,0,0,1,0,0,0,0,0,0,0,4272,0,0,1,0,0,0,1,0,0,0,4,1,0,0,0,1,0,0,4,1,0,0,0,1,0,1,0,0,1,0,0,1,1,0,0,0,1,1,0,1,0,1
0,0,1,0,14,0,1,0,0,0,0,1,0,0,0,0,0,0,0,0,1526,0,1,0,0,0,1,0,0,0,0,4,1,0,0,0,1,0,0,4,0,1,0,0,1,0,0,1,0,1,0,0,3,1,0,0,0,2,1,0,1,0,1
1,0,0,0,45,0,0,0,0,1,1,0,0,0,0,0,0,0,0,0,4370,0,1,0,0,0,0,0,1,0,0,3,1,0,0,0,1,0,0,2,0,1,0,0,1,0,0,1,0,1,0,0,1,1,0,0,0,2,1,0,1,0,1
1,0,0,0,18,0,1,0,0,0,1,0,0,0,0,0,0,0,0,0,2002,0,1,0,0,0,0,0,1,0,0,4,0,0,0,1,1,0,0,1,0,1,0,0,1,0,1,0,0,1,0,0,1,0,0,1,0,1,1,0,1,0,1
0,0,1,0,36,0,0,0,0,1,0,0,0,0,1,0,0,0,0,0,7511,1,0,0,0,0,0,0,0,0,1,4,1,0,0,0,1,0,0,4,0,0,0,1,1,0,1,0,0,0,0,1,1,1,0,0,0,1,1,0,1,0,1
1,0,0,0,28,0,1,0,0,0,1,0,0,0,0,0,0,0,0,0,3527,0,1,0,0,0,0,1,0,0,0,2,0,1,0,0,1,0,0,2,1,0,0,0,1,0,1,0,0,1,0,0,3,1,0,0,0,1,0,1,1,0,1
0,1,0,0,36,0,1,0,0,0,0,0,0,1,0,0,0,0,0,0,8335,0,1,0,0,0,1,0,0,0,0,2,1,0,0,0,1,0,0,4,1,0,0,0,1,0,1,0,0,1,0,0,3,0,0,1,0,1,1,0,1,0,1
0,0,1,0,24,0,1,0,0,0,0,0,0,0,0,1,0,0,0,0,2476,0,1,0,0,0,0,0,1,0,0,4,1,0,0,0,1,0,0,2,0,0,0,1,1,0,1,0,0,1,0,0,1,1,0,0,0,1,1,0,1,0,1
0,1,0,0,14,0,1,0,0,0,0,0,0,1,0,0,0,0,0,0,958,0,1,0,0,0,1,0,0,0,0,4,1,0,0,0,1,0,0,4,0,0,0,1,1,0,0,1,0,1,0,0,1,0,1,0,0,2,0,1,1,0,1
0,1,0,0,18,1,0,0,0,0,0,0,1,0,0,0,0,0,0,0,6614,0,1,0,0,0,1,0,0,0,0,2,1,0,0,0,1,0,0,1,0,0,1,0,1,0,1,0,0,1,0,0,1,1,0,0,0,1,1,0,1,0,1
0,0,0,1,14,0,1,0,0,0,1,0,0,0,0,0,0,0,0,0,1374,0,1,0,0,0,0,1,0,0,0,3,0,0,0,1,1,0,0,4,0,0,1,0,0,1,1,0,0,0,0,1,1,1,0,0,0,1,1,0,1,0,1
1,0,0,0,14,0,1,0,0,0,0,0,0,1,0,0,0,0,0,0,983,1,0,0,0,0,0,1,0,0,0,4,0,0,0,1,1,0,0,2,0,0,0,1,0,1,1,0,0,1,0,0,1,1,0,0,0,1,0,1,1,0,1
0,0,1,0,42,0,0,0,1,0,0,0,0,0,0,0,0,0,1,0,3349,0,1,0,0,0,0,1,0,0,0,1,0,1,0,0,1,0,0,1,1,0,0,0,1,0,0,0,1,1,0,0,1,1,0,0,0,1,0,1,1,0,1
0,1,0,0,6,1,0,0,0,0,0,0,0,1,0,0,0,0,0,0,2121,0,0,1,0,0,0,1,0,0,0,1,0,0,0,1,1,0,0,2,0,0,0,1,0,1,1,0,0,1,0,0,1,1,0,0,0,1,0,1,1,0,1
0,0,1,0,6,0,1,0,0,0,0,1,0,0,0,0,0,0,0,0,1872,0,1,0,0,0,0,0,0,0,1,1,0,1,0,0,1,0,0,2,0,0,1,0,1,0,1,0,0,1,0,0,1,1,0,0,0,1,0,1,1,0,1
0,0,1,0,14,0,1,0,0,0,1,0,0,0,0,0,0,0,0,0,2397,1,0,0,0,0,0,1,0,0,0,4,1,0,0,0,1,0,0,4,0,0,1,0,1,0,1,0,0,0,1,0,1,1,0,0,0,1,1,0,1,0,1
0,0,1,0,15,0,0,0,0,1,1,0,0,0,0,0,0,0,0,0,1299,0,1,0,0,0,0,1,0,0,0,4,0,1,0,0,1,0,0,2,1,0,0,0,1,0,0,1,0,0,0,1,1,1,0,0,0,1,0,1,1,0,1
0,0,1,0,24,1,0,0,0,0,1,0,0,0,0,0,0,0,0,0,5800,0,1,0,0,0,0,0,0,0,1,3,0,0,0,1,1,0,0,2,0,0,1,0,1,0,1,0,0,0,1,0,3,1,0,0,0,1,1,0,1,0,1
1,0,0,0,6,0,1,0,0,0,0,0,0,1,0,0,0,0,0,0,5190,1,0,0,0,0,0,0,0,0,1,1,1,0,0,0,1,0,0,2,0,0,0,1,1,0,1,0,0,1,0,0,1,0,0,1,0,2,0,1,1,0,1
0,0,1,0,6,0,1,0,0,0,0,0,0,0,0,1,0,0,0,0,1338,0,0,1,0,0,0,1,0,0,0,2,1,0,0,0,1,0,0,4,0,1,0,0,1,0,1,0,0,0,0,1,1,1,0,0,0,1,0,1,1,0,1
0,0,0,1,24,0,1,0,0,0,1,0,0,0,0,0,0,0,0,0,1514,0,0,0,0,1,1,0,0,0,0,4,0,1,0,0,1,0,0,2,0,0,1,0,1,0,1,0,0,0,1,0,1,1,0,0,0,1,1,0,1,0,1
0,0,1,0,18,0,1,0,0,0,0,0,0,1,0,0,0,0,0,0,6187,0,0,1,0,0,1,0,0,0,0,1,0,1,0,0,1,0,0,4,0,0,1,0,1,0,1,0,0,0,1,0,1,1,0,0,0,1,0,1,1,0,1
0,1,0,0,9,0,1,0,0,0,1,0,0,0,0,0,0,0,0,0,1323,0,1,0,0,0,1,0,0,0,0,4,0,1,0,0,1,0,0,4,1,0,0,0,0,1,1,0,0,1,0,0,1,1,0,0,0,1,0,1,1,0,1
0,0,1,0,20,0,1,0,0,0,0,0,0,0,0,1,0,0,0,0,2748,1,0,0,0,0,1,0,0,0,0,4,1,0,0,0,1,0,0,4,1,0,0,0,1,0,1,0,0,1,0,0,1,0,0,1,0,1,1,0,1,0,1
0,0,1,0,28,1,0,0,0,0,0,0,0,0,0,1,0,0,0,0,7980,1,0,0,0,0,0,0,0,1,0,1,1,0,0,0,1,0,0,4,0,0,0,1,1,0,1,0,0,1,0,0,1,1,0,0,0,1,0,1,1,0,1
0,1,0,0,7,0,0,1,0,0,1,0,0,0,0,0,0,0,0,0,1076,0,1,0,0,0,0,0,1,0,0,4,1,0,0,0,1,0,0,2,0,0,0,1,1,0,1,0,0,1,0,0,3,0,0,1,0,1,1,0,1,0,1
0,1,0,0,6,0,1,0,0,0,0,1,0,0,0,0,0,0,0,0,652,0,0,0,1,0,0,0,0,0,1,4,0,1,0,0,1,0,0,2,0,1,0,0,0,1,0,1,0,0,0,1,1,1,0,0,0,2,0,1,1,0,1
0,0,1,0,27,0,1,0,0,0,0,0,0,1,0,0,0,0,0,0,2759,0,1,0,0,0,0,1,0,0,0,3,0,1,0,0,1,0,0,2,1,0,0,0,0,1,1,0,0,0,0,1,1,1,0,0,0,1,0,1,1,0,1
0,0,1,0,18,1,0,0,0,0,1,0,0,0,0,0,0,0,0,0,1382,0,0,1,0,0,0,1,0,0,0,2,0,0,0,1,1,0,0,2,0,1,0,0,1,0,1,0,0,1,0,0,1,0,1,0,0,1,0,1,1,0,1
0,1,0,0,42,0,0,0,1,0,0,0,0,0,1,0,0,0,0,0,5507,0,1,0,0,0,1,0,0,0,0,4,0,1,0,0,1,0,0,2,0,0,1,0,1,0,1,0,0,0,0,1,1,1,0,0,0,1,0,1,1,0,1
0,0,1,0,24,0,1,0,0,0,0,0,0,0,0,1,0,0,0,0,2759,0,0,0,1,0,0,1,0,0,0,2,0,1,0,0,1,0,0,4,0,0,0,1,1,0,1,0,0,0,0,1,1,1,0,0,0,1,1,0,1,0,1
1,0,0,0,14,1,0,0,0,0,0,0,0,0,1,0,0,0,0,0,1766,0,1,0,0,0,0,0,0,0,1,3,1,0,0,0,1,0,0,1,0,1,0,0,1,0,0,1,0,1,0,0,1,0,1,0,0,1,0,1,1,0,1
0,0,1,0,20,0,1,0,0,0,0,0,0,0,0,1,0,0,0,0,5801,1,0,0,0,0,0,1,0,0,0,1,1,0,0,0,1,0,0,2,0,0,0,1,1,0,1,0,0,1,0,0,1,1,0,0,0,1,0,1,1,0,1
1,0,0,0,6,0,1,0,0,0,0,0,1,0,0,0,0,0,0,0,652,0,1,0,0,0,1,0,0,0,0,2,0,1,0,0,1,0,0,1,0,1,0,0,1,0,0,1,0,1,0,0,1,1,0,0,0,1,1,0,1,0,1
0,1,0,0,14,0,1,0,0,0,0,0,0,0,1,0,0,0,0,0,951,0,0,0,0,1,0,0,1,0,0,2,0,1,0,0,1,0,0,4,1,0,0,0,0,1,1,0,0,0,0,1,1,0,1,0,0,1,0,1,1,0,1
1,0,0,0,24,0,1,0,0,0,0,0,0,1,0,0,0,0,0,0,1366,1,0,0,0,0,0,0,1,0,0,4,0,1,0,0,1,0,0,4,0,0,1,0,1,0,1,0,0,0,0,1,1,1,0,0,0,1,0,1,1,0,1
0,0,0,1,6,1,0,0,0,0,0,0,0,1,0,0,0,0,0,0,1377,0,1,0,0,0,0,1,0,0,0,1,1,0,0,0,1,0,0,1,1,0,0,0,1,0,1,0,0,1,0,0,3,0,0,1,0,2,0,1,0,1,1
1,0,0,0,14,0,1,0,0,0,0,0,0,1,0,0,0,0,0,0,719,0,1,0,0,0,1,0,0,0,0,4,0,0,0,1,1,0,0,2,0,1,0,0,1,0,1,0,0,1,0,0,1,1,0,0,0,1,0,1,1,0,1
0,0,1,0,18,0,1,0,0,0,0,0,0,1,0,0,0,0,0,0,5711,1,0,0,0,0,1,0,0,0,0,1,0,1,0,0,1,0,0,4,0,0,0,1,1,0,1,0,0,1,0,0,1,1,0,0,0,1,1,0,1,0,1
0,0,1,0,9,0,1,0,0,0,0,0,0,0,0,1,0,0,0,0,2899,1,0,0,0,0,0,0,0,0,1,1,0,1,0,0,1,0,0,4,1,0,0,0,1,0,1,0,0,0,0,1,1,1,0,0,0,1,0,1,1,0,1
0,1,0,0,14,0,1,0,0,0,0,0,1,0,0,0,0,0,0,0,3914,0,1,0,0,0,1,0,0,0,0,1,1,0,0,0,1,0,0,4,0,0,0,1,1,0,1,0,0,0,0,1,3,1,0,0,0,1,1,0,1,0,1
0,0,0,1,14,1,0,0,0,0,0,0,0,1,0,0,0,0,0,0,1553,0,1,0,0,0,0,0,0,1,0,2,0,1,0,0,1,0,0,4,0,0,1,0,1,0,0,1,0,0,0,1,3,0,0,0,1,1,0,1,1,0,1
0,0,1,0,36,1,0,0,0,0,0,0,0,0,0,1,0,0,0,0,5866,0,0,0,1,0,1,0,0,0,0,4,1,0,0,0,1,0,0,2,0,0,0,1,1,0,1,0,0,1,0,0,1,0,0,1,0,1,1,0,1,0,1
0,0,1,0,48,1,0,0,0,0,0,0,0,0,0,1,0,0,0,0,2775,1,0,0,0,0,1,0,0,0,0,4,1,0,0,0,1,0,0,2,0,0,0,1,1,0,1,0,0,0,0,1,1,1,0,0,0,2,1,0,1,0,1
0,1,0,0,48,0,1,0,0,0,0,1,0,0,0,0,0,0,0,0,6110,0,1,0,0,0,1,0,0,0,0,4,1,0,0,0,1,0,0,4,0,0,1,0,1,0,1,0,0,0,1,0,1,1,0,0,0,1,0,1,1,0,1
0,0,1,0,24,0,1,0,0,0,0,0,0,0,0,1,0,0,0,0,6579,1,0,0,0,0,1,0,0,0,0,3,1,0,0,0,1,0,0,4,0,0,0,1,1,0,1,0,0,1,0,0,1,0,0,1,0,2,1,0,1,0,1
1,0,0,0,18,0,1,0,0,0,0,0,0,0,0,1,0,0,0,0,7253,0,0,1,0,0,1,0,0,0,0,1,1,0,0,0,1,0,0,4,0,1,0,0,1,0,1,0,0,0,1,0,1,1,0,0,0,2,1,0,1,0,1
0,0,1,0,24,0,0,0,0,1,0,0,0,1,0,0,0,0,0,0,727,1,0,0,0,0,1,0,0,0,0,4,1,0,0,0,1,0,0,4,0,0,0,1,1,0,1,0,0,1,0,0,1,1,0,0,0,1,0,1,1,0,1
1,0,0,0,21,0,1,0,0,0,0,0,1,0,0,0,0,0,0,0,4308,0,1,0,0,0,1,0,0,0,0,1,0,1,0,0,1,0,0,4,0,1,0,0,0,1,1,0,0,1,0,0,1,1,0,0,0,1,0,1,1,0,1
0,1,0,0,36,0,0,0,1,0,0,0,0,0,0,1,0,0,0,0,8978,0,1,0,0,0,0,0,0,1,0,1,1,0,0,0,1,0,0,2,0,0,1,0,1,0,0,1,0,1,0,0,1,0,0,1,0,1,1,0,1,0,1
0,0,1,0,15,0,0,1,0,0,0,0,1,0,0,0,0,0,0,0,1382,0,1,0,0,0,0,0,0,0,1,2,0,1,0,0,1,0,0,1,1,0,0,0,1,0,1,0,0,0,0,1,3,1,0,0,0,1,0,1,1,0,1
0,1,0,0,9,0,1,0,0,0,0,0,0,0,1,0,0,0,0,0,983,0,1,0,0,0,0,0,0,0,1,3,0,0,0,1,1,0,0,2,1,0,0,0,1,0,1,0,0,1,0,0,1,1,0,0,0,1,1,0,1,0,1
0,1,0,0,6,0,1,0,0,0,1,0,0,0,0,0,0,0,0,0,662,0,1,0,0,0,0,0,1,0,0,3,0,0,0,1,0,1,0,2,1,0,0,0,1,0,0,1,0,1,0,0,1,0,1,0,0,1,0,1,1,0,1
0,0,1,0,6,0,1,0,0,0,0,0,0,0,0,0,1,0,0,0,1480,0,0,1,0,0,0,1,0,0,0,1,0,0,1,0,1,0,0,4,1,0,0,0,1,0,1,0,0,1,0,0,1,1,0,0,0,1,0,1,1,0,1
1,0,0,0,18,0,1,0,0,0,1,0,0,0,0,0,0,0,0,0,1480,0,1,0,0,0,0,1,0,0,0,4,0,0,0,1,1,0,0,2,1,0,0,0,1,0,0,1,0,1,0,0,1,1,0,0,0,1,0,1,1,0,1
1,0,0,0,18,1,0,0,0,0,0,0,0,1,0,0,0,0,0,0,4165,0,1,0,0,0,1,0,0,0,0,1,0,1,0,0,1,0,0,4,1,0,0,0,1,0,0,1,0,0,0,1,3,1,0,0,0,1,1,0,1,0,1
0,0,1,0,18,0,0,1,0,0,0,0,0,0,1,0,0,0,0,0,2901,0,1,0,0,0,0,1,0,0,0,2,1,0,0,0,1,0,0,2,0,0,0,1,1,0,1,0,0,1,0,0,3,1,0,0,0,2,0,1,1,0,1
1,0,0,0,36,0,1,0,0,0,0,0,0,0,0,1,0,0,0,0,8487,1,0,0,0,0,1,0,0,0,0,3,1,0,0,0,1,0,0,4,0,0,1,0,1,0,1,0,0,0,1,0,1,1,0,0,0,1,0,1,1,0,1
0,1,0,0,24,0,1,0,0,0,1,0,0,0,0,0,0,0,0,0,5800,1,0,0,0,0,1,0,0,0,0,2,0,1,0,0,1,0,0,4,0,0,0,1,1,0,1,0,0,1,0,0,1,1,0,0,0,1,1,0,1,0,1
0,0,0,1,18,0,1,0,0,0,1,0,0,0,0,0,0,0,0,0,2629,0,1,0,0,0,0,0,0,0,1,2,0,1,0,0,1,0,0,2,1,0,0,0,1,0,1,0,0,1,0,0,1,0,1,0,0,1,0,1,1,0,1
0,1,0,0,20,0,1,0,0,0,0,0,0,0,0,1,0,0,0,0,2901,0,1,0,0,0,0,0,1,0,0,3,1,0,0,0,1,0,0,2,1,0,0,0,1,0,0,0,1,1,0,0,1,0,1,0,0,1,0,1,1,0,1
0,0,1,0,18,0,1,0,0,0,0,0,1,0,0,0,0,0,0,0,3763,0,1,0,0,0,1,0,0,0,0,4,1,0,0,0,1,0,0,4,0,1,0,0,1,0,0,1,0,1,0,0,3,1,0,0,0,2,1,0,1,0,1
0,0,1,0,18,0,1,0,0,0,0,0,0,1,0,0,0,0,0,0,6850,1,0,0,0,0,0,1,0,0,0,2,1,0,0,0,1,0,0,4,0,0,0,1,1,0,1,0,0,0,0,1,1,1,0,0,0,1,0,1,1,0,1
1,0,0,0,21,1,0,0,0,0,0,0,0,1,0,0,0,0,0,0,2360,0,1,0,0,0,0,1,0,0,0,4,0,0,0,1,0,1,0,2,0,1,0,0,1,0,0,1,0,0,0,1,1,1,0,0,0,1,0,1,0,1,1
0,0,1,0,18,1,0,0,0,0,1,0,0,0,0,0,0,0,0,0,1542,0,1,0,0,0,0,1,0,0,0,4,1,0,0,0,1,0,0,4,0,0,1,0,1,0,1,0,0,0,1,0,1,1,0,0,0,1,1,0,1,0,1
1,0,0,0,18,0,1,0,0,0,0,0,0,1,0,0,0,0,0,0,1442,0,1,0,0,0,0,0,1,0,0,4,1,0,0,0,1,0,0,4,0,0,1,0,1,0,1,0,0,1,0,0,3,0,1,0,0,2,0,1,1,0,1
0,0,1,0,9,0,1,0,0,0,0,0,0,0,0,0,0,0,0,1,958,1,0,0,0,0,0,0,1,0,0,4,0,1,0,0,1,0,0,2,0,1,0,0,1,0,1,0,0,1,0,0,1,1,0,0,0,1,1,0,1,0,1
0,0,1,0,15,0,0,0,0,1,0,0,0,0,1,0,0,0,0,0,2169,0,1,0,0,0,0,1,0,0,0,4,0,0,0,1,1,0,0,2,0,0,0,1,1,0,1,0,0,1,0,0,1,1,0,0,0,1,1,0,1,0,1
0,0,1,0,36,0,1,0,0,0,0,0,0,0,1,0,0,0,0,0,7174,1,0,0,0,0,1,0,0,0,0,3,1,0,0,0,1,0,0,2,0,1,0,0,1,0,1,0,0,1,0,0,1,1,0,0,0,1,0,1,1,0,1
1,0,0,0,14,0,1,0,0,0,0,0,1,0,0,0,0,0,0,0,708,0,1,0,0,0,1,0,0,0,0,4,0,1,0,0,1,0,0,4,0,1,0,0,0,1,1,0,0,0,0,1,1,1,0,0,0,1,0,1,1,0,1
1,0,0,0,24,1,0,0,0,0,0,0,0,0,1,0,0,0,0,0,1412,0,0,0,0,1,0,0,1,0,0,4,1,0,0,0,1,0,0,1,1,0,0,0,1,0,1,0,0,0,0,1,1,1,0,0,0,1,1,0,1,0,1
0,1,0,0,13,1,0,0,0,0,0,0,0,1,0,0,0,0,0,0,1382,0,1,0,0,0,0,1,0,0,0,4,0,1,0,0,1,0,0,4,0,0,0,1,1,0,1,0,0,1,0,0,1,1,0,0,0,1,0,1,1,0,1
0,0,1,0,36,0,1,0,0,0,0,0,0,0,1,0,0,0,0,0,3878,0,1,0,0,0,1,0,0,0,0,4,1,0,0,0,1,0,0,2,0,0,0,1,1,0,1,0,0,1,0,0,1,1,0,0,0,1,0,1,1,0,1
0,0,1,0,24,0,1,0,0,0,0,0,0,0,0,1,0,0,0,0,8086,0,1,0,0,0,0,0,1,0,0,3,1,0,0,0,1,0,0,2,0,0,0,1,1,0,1,0,0,1,0,0,1,0,0,1,0,1,1,0,1,0,1
0,0,1,0,36,1,0,0,0,0,0,0,0,1,0,0,0,0,0,0,7685,0,1,0,0,0,1,0,0,0,0,4,1,0,0,0,1,0,0,4,0,0,0,1,1,0,1,0,0,1,0,0,1,0,0,1,0,1,1,0,1,0,1
0,1,0,0,36,1,0,0,0,0,0,0,0,0,1,0,0,0,0,0,5866,0,1,0,0,0,0,1,0,0,0,3,1,0,0,0,1,0,0,4,0,0,0,1,1,0,1,0,0,1,0,0,1,1,0,0,0,1,1,0,1,0,1
0,0,1,0,36,0,0,0,0,1,0,0,0,0,0,1,0,0,0,0,8947,1,0,0,0,0,0,1,0,0,0,3,1,0,0,0,1,0,0,2,0,0,1,0,1,0,0,0,1,1,0,0,1,0,0,1,0,2,1,0,1,0,1
0,0,1,0,18,0,1,0,0,0,0,0,1,0,0,0,0,0,0,0,2346,1,0,0,0,0,0,0,1,0,0,1,0,1,0,0,1,0,0,4,1,0,0,0,1,0,0,1,0,0,0,1,1,0,1,0,0,1,0,1,1,0,1
0,0,1,0,36,1,0,0,0,0,0,0,0,0,0,1,0,0,0,0,9566,1,0,0,0,0,1,0,0,0,0,2,1,0,0,0,1,0,0,4,0,0,1,0,1,0,1,0,0,0,1,0,1,1,0,0,0,1,0,1,1,0,1
0,0,1,0,24,0,1,0,0,0,1,0,0,0,0,0,0,0,0,0,1360,0,1,0,0,0,1,0,0,0,0,4,1,0,0,0,1,0,0,1,1,0,0,0,1,0,1,0,0,1,0,0,1,0,0,1,0,1,1,0,1,0,1
1,0,0,0,14,0,1,0,0,0,1,0,0,0,0,0,0,0,0,0,1076,0,1,0,0,0,0,1,0,0,0,2,1,0,0,0,1,0,0,2,1,0,0,0,0,1,1,0,0,0,0,1,1,0,0,1,0,2,1,0,1,0,1
1,0,0,0,20,0,1,0,0,0,0,0,0,1,0,0,0,0,0,0,3966,1,0,0,0,0,0,0,1,0,0,2,1,0,0,0,1,0,0,2,0,0,1,0,1,0,1,0,0,1,0,0,1,0,1,0,0,1,0,1,0,1,1
0,1,0,0,36,0,1,0,0,0,0,1,0,0,0,0,0,0,0,0,3966,1,0,0,0,0,0,1,0,0,0,2,1,0,0,0,1,0,0,2,0,0,0,1,1,0,1,0,0,1,0,0,1,1,0,0,0,1,0,1,1,0,1
0,1,0,0,9,0,1,0,0,0,0,0,0,1,0,0,0,0,0,0,3676,1,0,0,0,0,0,1,0,0,0,1,0,1,0,0,1,0,0,2,1,0,0,0,1,0,1,0,0,1,0,0,1,0,1,0,0,1,0,1,1,0,1
0,1,0,0,24,1,0,0,0,0,0,0,1,0,0,0,0,0,0,0,5248,0,1,0,0,0,0,0,0,0,1,2,0,1,0,0,1,0,0,4,0,0,0,1,0,1,0,1,0,1,0,0,1,0,1,0,0,1,0,1,1,0,1
1,0,0,0,20,0,1,0,0,0,0,0,0,0,1,0,0,0,0,0,2520,0,1,0,0,0,0,1,0,0,0,4,1,0,0,0,1,0,0,2,0,1,0,0,1,0,1,0,0,1,0,0,1,1,0,0,0,1,1,0,1,0,1
0,1,0,0,42,0,0,1,0,0,0,0,0,1,0,0,0,0,0,0,11054,0,1,0,0,0,0,1,0,0,0,1,1,0,0,0,1,0,0,2,0,0,1,0,1,0,0,1,0,1,0,0,1,0,0,1,0,1,1,0,1,0,1
0,0,1,0,18,0,1,0,0,0,0,0,1,0,0,0,0,0,0,0,1778,0,1,0,0,0,0,1,0,0,0,4,0,1,0,0,1,0,0,2,0,0,1,0,1,0,1,0,0,1,0,0,1,1,0,0,0,1,0,1,1,0,1
0,0,1,0,48,0,0,0,0,1,1,0,0,0,0,0,0,0,0,0,10477,0,0,1,0,0,0,0,1,0,0,4,1,0,0,0,1,0,0,1,0,0,0,1,1,0,1,0,0,1,0,0,1,0,0,1,0,1,1,0,1,0,1
1,0,0,0,9,0,1,0,0,0,1,0,0,0,0,0,0,0,0,0,1512,0,0,1,0,0,0,0,0,0,1,3,0,1,0,0,1,0,0,4,0,1,0,0,0,1,0,1,0,0,0,1,1,1,0,0,0,1,0,1,1,0,1
0,1,0,0,14,0,1,0,0,0,0,0,0,1,0,0,0,0,0,0,2299,0,1,0,0,0,0,0,1,0,0,3,1,0,0,0,1,0,0,4,0,1,0,0,1,0,1,0,0,0,0,1,1,1,0,0,0,2,1,0,1,0,1
1,0,0,0,48,0,1,0,0,0,0,0,0,0,0,1,0,0,0,0,9283,0,1,0,0,0,0,0,1,0,0,4,1,0,0,0,1,0,0,4,0,0,1,0,1,0,0,0,1,0,1,0,3,1,0,0,0,2,1,0,1,0,1
0,1,0,0,9,0,1,0,0,0,1,0,0,0,0,0,0,0,0,0,1884,0,1,0,0,0,0,0,1,0,0,4,0,1,0,0,1,0,0,2,0,0,0,1,0,1,1,0,0,1,0,0,1,1,0,0,0,1,1,0,1,0,1
0,0,1,0,14,0,1,0,0,0,1,0,0,0,0,0,0,0,0,0,685,0,0,1,0,0,0,1,0,0,0,4,1,0,0,0,1,0,0,4,0,1,0,0,1,0,1,0,0,1,0,0,1,1,0,0,0,2,1,0,1,0,1
0,1,0,0,54,0,1,0,0,0,0,1,0,0,0,0,0,0,0,0,6458,0,1,0,0,0,0,1,0,0,0,4,1,0,0,0,1,0,0,4,0,0,1,0,1,0,1,0,0,0,1,0,1,1,0,0,0,1,0,1,1,0,1
0,0,1,0,24,1,0,0,0,0,0,0,0,0,0,1,0,0,0,0,7763,1,0,0,0,0,0,1,0,0,0,2,1,0,0,0,1,0,0,4,0,1,0,0,1,0,1,0,0,1,0,0,1,0,0,1,0,2,1,0,1,0,1
0,0,1,0,14,0,1,0,0,0,0,0,0,1,0,0,0,0,0,0,3835,1,0,0,0,0,0,0,0,0,1,2,1,0,0,0,1,0,0,2,0,1,0,0,1,0,1,0,0,1,0,0,1,0,0,1,0,2,1,0,1,0,1
1,0,0,0,18,0,1,0,0,0,0,0,1,0,0,0,0,0,0,0,1963,0,1,0,0,0,0,0,1,0,0,4,0,1,0,0,0,1,0,1,0,1,0,0,1,0,1,0,0,0,0,1,1,1,0,0,0,1,0,1,1,0,1
0,1,0,0,42,0,0,1,0,0,0,0,0,1,0,0,0,0,0,0,7119,0,0,1,0,0,0,0,0,0,1,1,0,1,0,0,1,0,0,1,0,0,0,1,1,0,1,0,0,1,0,0,3,1,0,0,0,1,0,1,1,0,1
1,0,0,0,20,0,0,0,1,0,0,0,1,0,0,0,0,0,0,0,2859,0,0,1,0,0,0,0,0,0,1,4,1,0,0,0,1,0,0,4,0,0,1,0,1,0,1,0,0,0,1,0,1,1,0,0,0,2,1,0,1,0,1
0,0,1,0,14,0,1,0,0,0,0,0,0,1,0,0,0,0,0,0,2899,1,0,0,0,0,0,0,0,1,0,4,1,0,0,0,1,0,0,4,0,0,1,0,1,0,1,0,0,1,0,0,1,0,0,1,0,1,1,0,1,0,1
0,0,1,0,18,0,1,0,0,0,0,0,1,0,0,0,0,0,0,0,1620,0,1,0,0,0,0,0,0,0,1,4,1,0,0,0,0,0,1,1,0,1,0,0,1,0,1,0,0,1,0,0,1,0,1,0,0,2,0,1,1,0,1
0,1,0,0,18,0,1,0,0,0,0,0,0,0,1,0,0,0,0,0,3190,0,1,0,0,0,0,1,0,0,0,3,0,0,0,1,1,0,0,2,0,0,0,1,1,0,1,0,0,1,0,0,3,0,0,0,1,2,1,0,1,0,1
1,0,0,0,36,0,1,0,0,0,0,0,0,0,1,0,0,0,0,0,1924,0,1,0,0,0,0,0,1,0,0,2,1,0,0,0,1,0,0,1,0,0,0,1,1,0,1,0,0,1,0,0,1,1,0,0,0,1,1,0,1,0,1
0,0,1,0,36,0,1,0,0,0,0,0,1,0,0,0,0,0,0,0,9566,0,1,0,0,0,0,0,0,1,0,4,0,1,0,0,1,0,0,2,0,0,0,1,1,0,1,0,0,1,0,0,1,0,0,1,0,1,1,0,1,0,1
1,0,0,0,27,0,1,0,0,0,0,0,0,1,0,0,0,0,0,0,4811,0,1,0,0,0,0,1,0,0,0,3,1,0,0,0,1,0,0,2,0,0,0,1,1,0,1,0,0,1,0,0,1,0,1,0,0,1,0,1,1,0,1
0,1,0,0,24,0,1,0,0,0,0,0,1,0,0,0,0,0,0,0,3620,0,0,0,0,1,1,0,0,0,0,4,1,0,0,0,1,0,0,4,0,0,1,0,1,0,1,0,0,0,1,0,1,1,0,0,0,1,0,1,1,0,1
0,0,1,0,24,0,1,0,0,0,1,0,0,0,0,0,0,0,0,0,2728,0,0,1,0,0,1,0,0,0,0,3,1,0,0,0,1,0,0,2,0,0,0,1,1,0,0,1,0,1,0,0,1,1,0,0,0,1,1,0,1,0,1
0,1,0,0,6,0,1,0,0,0,0,0,0,0,0,0,0,1,0,0,662,0,1,0,0,0,0,0,0,0,1,3,0,0,1,0,1,0,0,1,0,1,0,0,1,0,1,0,0,1,0,0,1,0,1,0,0,1,0,1,1,0,1
0,1,0,0,33,0,1,0,0,0,1,0,0,0,0,0,0,0,0,0,1898,1,0,0,0,0,0,1,0,0,0,4,0,1,0,0,1,0,0,1,0,0,0,1,1,0,1,0,0,1,0,0,1,1,0,0,0,1,0,1,1,0,1
0,1,0,0,27,1,0,0,0,0,1,0,0,0,0,0,0,0,0,0,2603,0,0,1,0,0,0,1,0,0,0,4,1,0,0,0,1,0,0,2,0,1,0,0,0,1,1,0,0,1,0,0,1,0,1,0,0,1,0,1,1,0,1
0,0,1,0,18,0,1,0,0,0,1,0,0,0,0,0,0,0,0,0,3835,0,1,0,0,0,1,0,0,0,0,4,0,1,0,0,1,0,0,2,0,0,0,1,1,0,0,1,0,0,0,1,1,0,0,1,0,1,1,0,1,0,1
1,0,0,0,13,1,0,0,0,0,0,0,0,1,0,0,0,0,0,0,4042,0,1,0,0,0,0,1,0,0,0,1,0,1,0,0,1,0,0,2,1,0,0,0,1,0,1,0,0,1,0,0,1,0,1,0,0,2,0,1,1,0,1
0,1,0,0,18,0,1,0,0,0,0,0,0,0,0,0,0,1,0,0,1569,0,0,0,0,1,0,1,0,0,0,4,1,0,0,0,1,0,0,2,1,0,0,0,0,1,0,0,1,1,0,0,1,1,0,0,0,1,0,1,1,0,1
0,0,1,0,24,0,1,0,0,0,0,0,0,1,0,0,0,0,0,0,7174,0,1,0,0,0,0,1,0,0,0,1,1,0,0,0,1,0,0,4,0,1,0,0,1,0,1,0,0,1,0,0,1,0,1,0,0,2,0,1,1,0,1
1,0,0,0,54,0,1,0,0,0,0,0,0,0,1,0,0,0,0,0,7119,0,1,0,0,0,1,0,0,0,0,4,1,0,0,0,1,0,0,4,0,0,1,0,1,0,1,0,0,0,0,1,1,1,0,0,0,1,0,1,1,0,1
0,1,0,0,28,0,1,0,0,0,1,0,0,0,0,0,0,0,0,0,2859,0,1,0,0,0,0,1,0,0,0,4,0,1,0,0,1,0,0,2,0,0,0,1,1,0,1,0,0,0,0,1,1,1,0,0,0,1,1,0,1,0,1
0,0,1,0,48,0,1,0,0,0,0,0,0,0,1,0,0,0,0,0,5507,0,1,0,0,0,0,0,0,1,0,3,1,0,0,0,1,0,0,2,0,0,0,1,1,0,0,1,0,0,0,1,1,0,0,1,0,1,1,0,1,0,1
1,0,0,0,36,0,1,0,0,0,0,0,0,0,0,1,0,0,0,0,8358,0,1,0,0,0,0,1,0,0,0,2,1,0,0,0,1,0,0,2,0,1,0,0,1,0,1,0,0,1,0,0,1,1,0,0,0,2,0,1,1,0,1
1,0,0,0,24,0,1,0,0,0,0,0,0,0,0,1,0,0,0,0,6842,0,1,0,0,0,0,0,0,1,0,4,1,0,0,0,1,0,0,2,0,0,1,0,1,0,1,0,0,0,1,0,1,0,0,1,0,1,1,0,1,0,1
0,0,1,0,15,0,0,0,1,0,1,0,0,0,0,0,0,0,0,0,1514,0,0,0,0,1,1,0,0,0,0,4,1,0,0,0,1,0,0,4,0,0,0,1,1,0,0,1,0,1,0,0,1,1,0,0,0,2,0,1,1,0,1
0,0,1,0,14,0,1,0,0,0,0,0,1,0,0,0,0,0,0,0,1924,0,1,0,0,0,0,0,1,0,0,3,0,1,0,0,1,0,0,4,1,0,0,0,1,0,1,0,0,1,0,0,1,0,1,0,0,1,0,1,1,0,1
