status,month,credit_history,purpose,credit_amount,savings,employment,investment_as_income_percentage,personal_status,other_debtors,residence_since,property,age,installment_plans,housing,number_of_credits,skill_level,people_liable_for,telephone,foreign_worker,credit
A11,7,A34,A43,932,A61,A75,4,A93,A101,4,A121,61,A143,A152,1,A173,1,A192,A201,1
A12,48,A32,A43,5954,A61,A73,2,A93,A101,2,A121,21,A143,A152,1,A173,1,A191,A201,2
A14,12,A34,A46,1574,A61,A73,2,A93,A101,3,A121,43,A143,A152,1,A172,2,A191,A201,1
A11,39,A32,A42,7297,A61,A74,2,A93,A103,4,A122,39,A143,A151,1,A173,2,A191,A201,1
A11,21,A33,A40,3913,A61,A73,3,A93,A101,4,A121,46,A143,A151,1,A173,2,A191,A201,2
A14,33,A32,A44,7824,A65,A73,2,A93,A101,4,A121,33,A143,A152,1,A172,2,A192,A201,1
A14,21,A32,A42,2255,A63,A75,3,A93,A101,4,A122,46,A143,A152,1,A173,1,A191,A201,1
A12,33,A32,A40,5800,A61,A73,2,A93,A101,2,A123,33,A143,A151,1,A174,1,A192,A201,1
A14,12,A32,A43,2445,A65,A74,2,A93,A101,4,A121,61,A143,A152,1,A172,1,A191,A201,1
A12,27,A34,A40,6681,A61,A71,4,A94,A101,2,A123,32,A143,A152,1,A174,1,A191,A201,2
A12,12,A33,A42,1291,A61,A72,3,A93,A101,1,A123,25,A143,A152,1,A173,1,A191,A201,2
A11,48,A32,A49,4439,A61,A74,3,A93,A101,4,A122,23,A143,A151,1,A173,1,A191,A201,2
A12,12,A32,A43,1555,A61,A73,1,A92,A101,1,A123,21,A143,A152,1,A173,1,A192,A201,1
A11,21,A32,A40,936,A61,A72,4,A93,A101,4,A123,51,A143,A152,1,A172,1,A191,A201,2
A11,15,A32,A40,1409,A61,A73,2,A92,A101,4,A123,28,A143,A151,1,A173,1,A191,A201,1
A11,24,A32,A43,1275,A62,A73,4,A92,A101,2,A123,32,A143,A152,1,A172,1,A191,A201,2
A14,21,A34,A43,1935,A65,A75,4,A93,A101,4,A122,46,A143,A152,1,A173,1,A191,A201,1
A11,27,A32,A49,7308,A65,A72,2,A93,A101,3,A123,23,A143,A152,3,A173,1,A191,A201,1
A12,24,A32,A41,12579,A61,A75,4,A93,A101,2,A124,39,A143,A151,1,A174,1,A192,A201,2
A14,21,A32,A43,2746,A63,A72,3,A93,A101,2,A123,30,A143,A152,1,A173,2,A192,A201,1
A14,8,A32,A40,1582,A61,A73,4,A93,A101,4,A123,43,A143,A152,3,A173,1,A192,A201,1
A11,7,A32,A43,2101,A63,A73,2,A93,A101,3,A121,38,A143,A151,1,A173,2,A191,A201,1
A11,10,A34,A40,1743,A61,A72,1,A93,A101,3,A121,43,A143,A151,1,A172,2,A191,A201,1
A12,12,A34,A41,1424,A62,A72,3,A93,A101,4,A122,38,A143,A152,1,A173,1,A191,A201,1
A14,10,A34,A42,3021,A65,A73,2,A93,A101,1,A123,29,A143,A152,1,A173,1,A191,A201,1
A11,7,A32,A42,1204,A61,A73,1,A93,A101,2,A121,34,A141,A152,1,A172,1,A192,A201,1
A14,4,A30,A43,433,A61,A75,4,A93,A101,4,A123,43,A143,A152,1,A172,1,A191,A201,1
A13,12,A31,A43,368,A61,A73,3,A93,A101,3,A121,38,A143,A152,1,A173,1,A191,A201,1
A12,7,A32,A43,1935,A61,A73,3,A93,A103,2,A121,32,A143,A152,1,A173,1,A191,A201,1
A11,48,A32,A49,5190,A61,A72,3,A93,A101,4,A121,53,A143,A152,1,A173,1,A192,A201,2
A12,18,A32,A49,2675,A64,A73,3,A94,A101,3,A121,42,A141,A152,1,A173,1,A192,A201,1
A11,21,A32,A42,3394,A61,A73,2,A93,A101,2,A123,25,A142,A152,1,A173,1,A191,A201,1
A12,15,A32,A45,4473,A62,A73,2,A93,A101,2,A123,28,A143,A152,1,A173,1,A192,A201,1
A14,12,A34,A49,1068,A65,A75,4,A93,A101,4,A121,48,A143,A151,1,A172,1,A191,A201,1
A13,12,A32,A42,1455,A61,A72,4,A93,A101,1,A122,32,A141,A152,1,A174,1,A192,A201,1
A12,45,A32,A43,3812,A61,A72,4,A93,A101,2,A122,23,A143,A152,1,A172,1,A191,A201,2
A14,45,A34,A40,4530,A61,A73,1,A93,A101,3,A124,30,A141,A153,1,A173,1,A192,A201,1
A13,15,A32,A43,1574,A61,A73,4,A93,A101,2,A121,35,A143,A152,1,A173,1,A191,A201,2
A13,10,A32,A44,999,A61,A73,2,A93,A101,2,A123,35,A143,A152,1,A173,1,A192,A201,1
A12,8,A32,A43,385,A61,A73,4,A93,A101,3,A121,23,A143,A152,1,A173,1,A191,A201,1
A14,27,A32,A43,1882,A63,A73,4,A93,A101,2,A123,28,A141,A152,1,A174,1,A191,A201,1
A12,12,A32,A43,841,A63,A73,3,A91,A101,1,A121,24,A143,A152,1,A173,1,A192,A201,1
A12,15,A33,A45,4576,A61,A73,2,A93,A101,4,A121,38,A143,A152,1,A172,2,A192,A201,1
A11,27,A34,A41,7678,A62,A74,1,A94,A101,4,A123,26,A143,A151,1,A173,1,A191,A201,1
A11,48,A34,A40,5965,A61,A75,4,A93,A101,4,A124,51,A142,A153,1,A172,1,A192,A201,2
A14,12,A34,A40,1386,A61,A72,4,A92,A101,4,A123,33,A143,A152,1,A174,1,A191,A201,1
A14,33,A32,A43,1823,A63,A75,4,A93,A101,4,A123,36,A143,A152,1,A173,1,A191,A201,1
A11,4,A32,A41,1301,A63,A71,1,A93,A101,2,A122,23,A143,A152,1,A174,1,A192,A201,1
A14,10,A34,A40,5804,A61,A73,1,A93,A101,4,A122,36,A143,A152,1,A172,1,A191,A201,1
A11,12,A32,A40,2051,A62,A73,4,A93,A101,2,A121,28,A143,A152,1,A173,1,A191,A201,1
A12,21,A33,A42,1882,A65,A72,4,A93,A101,2,A122,28,A141,A152,1,A172,1,A191,A201,1
A12,24,A33,A41,4526,A61,A75,1,A93,A101,2,A123,28,A143,A152,1,A174,1,A192,A201,1
A14,12,A32,A43,1056,A61,A73,3,A93,A101,2,A123,23,A143,A152,1,A173,1,A191,A201,1
A14,15,A32,A41,2743,A65,A73,2,A93,A101,1,A122,30,A143,A152,1,A173,1,A192,A201,1
A12,33,A32,A40,1740,A61,A72,4,A93,A101,4,A124,48,A141,A153,1,A173,1,A192,A201,2
A14,7,A31,A40,685,A65,A73,1,A93,A103,2,A121,25,A142,A152,1,A172,2,A191,A201,1
A12,12,A32,A43,5150,A65,A71,2,A93,A101,1,A124,46,A143,A152,1,A173,1,A191,A201,2
A14,36,A34,A43,9857,A61,A73,2,A93,A101,2,A123,30,A142,A152,1,A173,1,A191,A201,1
A13,15,A32,A40,1961,A61,A75,3,A92,A101,2,A123,23,A143,A152,1,A174,1,A191,A201,1
A11,36,A34,A42,5998,A61,A72,4,A93,A102,4,A124,23,A143,A151,1,A172,1,A192,A201,2
A12,8,A32,A49,1736,A61,A73,2,A94,A101,1,A121,31,A141,A152,1,A173,1,A192,A201,1
A12,14,A32,A43,1316,A65,A75,4,A93,A103,4,A121,44,A143,A152,1,A173,1,A192,A201,1
A12,33,A30,A49,1495,A61,A75,4,A93,A101,4,A124,51,A143,A152,1,A172,1,A192,A201,2
A12,45,A30,A49,12680,A61,A73,2,A93,A101,2,A123,23,A143,A152,1,A173,1,A191,A201,2
A14,24,A32,A43,3190,A61,A75,4,A92,A101,4,A122,26,A143,A152,1,A173,1,A192,A201,1
A14,24,A32,A45,3915,A61,A72,4,A93,A101,4,A122,43,A143,A152,3,A173,2,A191,A201,1
A14,12,A32,A43,2136,A61,A72,2,A93,A101,2,A121,28,A141,A152,1,A173,1,A191,A201,1
A12,12,A32,A40,1231,A64,A73,4,A93,A101,1,A123,23,A143,A152,1,A173,1,A191,A201,1
A14,33,A32,A43,1424,A61,A73,4,A93,A101,4,A124,35,A143,A151,1,A173,1,A192,A201,2
A14,36,A32,A43,2333,A65,A73,4,A93,A101,4,A123,25,A143,A152,1,A173,1,A191,A201,1
A14,36,A32,A41,8133,A61,A73,1,A92,A101,2,A122,30,A141,A152,1,A173,1,A191,A201,1
A14,7,A32,A43,682,A65,A75,4,A93,A101,2,A122,41,A143,A151,1,A172,1,A191,A201,1
A11,8,A34,A49,931,A61,A73,3,A93,A101,4,A124,45,A141,A153,1,A174,2,A192,A201,1
A12,39,A34,A49,5954,A61,A74,2,A93,A101,1,A121,38,A141,A152,1,A172,1,A191,A201,1
A11,33,A32,A46,1532,A62,A72,4,A93,A101,4,A124,36,A143,A152,1,A174,1,A192,A201,2
A11,12,A32,A49,1313,A61,A72,4,A93,A101,4,A123,61,A143,A152,1,A174,1,A191,A201,1
A11,39,A32,A43,3384,A61,A72,4,A93,A101,3,A123,32,A143,A152,1,A173,1,A191,A201,2
A12,10,A33,A43,3812,A61,A74,2,A93,A101,4,A122,45,A143,A152,1,A173,1,A191,A201,1
A14,48,A30,A40,8358,A65,A73,2,A93,A101,2,A122,36,A143,A152,1,A172,2,A191,A201,1
A13,27,A31,A42,5248,A61,A72,2,A93,A101,1,A122,23,A143,A152,1,A173,1,A191,A201,1
A14,24,A32,A43,5954,A65,A72,1,A92,A101,1,A123,39,A143,A152,1,A173,1,A192,A201,2
A14,14,A32,A43,996,A63,A75,4,A93,A101,3,A122,41,A142,A152,1,A173,1,A192,A201,1
A14,15,A32,A49,1555,A62,A73,3,A93,A101,4,A122,23,A143,A151,1,A172,1,A191,A201,1
A11,24,A32,A410,1755,A61,A75,4,A93,A103,4,A121,51,A143,A152,1,A172,1,A192,A201,1
A11,10,A32,A43,1829,A61,A75,3,A93,A101,4,A121,46,A143,A152,1,A172,1,A191,A201,1
A14,12,A34,A49,1409,A61,A73,4,A93,A103,2,A121,28,A143,A152,1,A174,1,A192,A201,1
A12,15,A34,A42,1291,A61,A72,4,A93,A101,1,A122,26,A143,A152,1,A173,1,A191,A201,1
A12,33,A32,A46,10366,A62,A73,1,A93,A101,4,A124,41,A143,A153,1,A173,2,A192,A201,2
A11,15,A32,A40,1743,A62,A74,4,A93,A101,3,A123,28,A143,A152,1,A174,2,A192,A201,1
A11,12,A30,A45,886,A61,A74,4,A93,A101,3,A121,26,A143,A152,1,A173,1,A191,A201,2
A14,12,A34,A43,409,A61,A75,4,A93,A101,4,A121,48,A143,A152,1,A173,1,A191,A201,1
A11,12,A34,A42,1236,A61,A75,4,A93,A101,3,A121,47,A143,A152,1,A173,1,A191,A201,1
A14,12,A34,A43,797,A65,A75,4,A93,A101,3,A122,32,A141,A152,1,A174,2,A191,A201,2
A13,21,A34,A42,3051,A61,A75,4,A93,A102,4,A122,20,A143,A151,1,A173,1,A191,A201,1
A12,12,A32,A40,1158,A64,A75,4,A93,A101,4,A121,47,A143,A152,1,A173,1,A192,A201,1
A12,48,A30,A49,12749,A61,A72,3,A93,A101,4,A124,49,A143,A151,1,A173,1,A192,A201,2
A14,12,A34,A46,2032,A65,A74,4,A93,A101,2,A123,53,A143,A152,1,A173,1,A191,A201,1
A12,15,A32,A49,2101,A62,A73,4,A93,A101,4,A123,32,A143,A152,1,A173,1,A191,A201,1
A12,33,A34,A43,1884,A61,A75,4,A93,A101,4,A121,34,A143,A152,1,A173,1,A191,A201,1
A12,18,A33,A41,5801,A65,A74,3,A93,A101,4,A122,34,A143,A151,1,A173,2,A192,A201,1
A14,24,A32,A40,1808,A62,A75,4,A93,A101,4,A121,45,A143,A151,1,A172,1,A191,A201,1
A12,33,A32,A43,1829,A61,A71,4,A93,A101,4,A123,23,A143,A151,1,A173,1,A191,A201,1
A14,4,A33,A43,932,A61,A73,3,A92,A101,2,A121,23,A143,A152,1,A173,1,A191,A201,1
A12,8,A34,A42,1471,A61,A74,4,A93,A101,3,A123,33,A143,A151,1,A173,1,A192,A201,1
A14,12,A32,A41,3488,A65,A71,2,A93,A101,4,A123,29,A143,A152,1,A173,1,A192,A201,1
A12,21,A34,A42,10297,A61,A73,2,A93,A102,3,A123,36,A143,A152,1,A174,2,A192,A201,2
A14,15,A32,A40,4716,A61,A75,2,A93,A101,4,A121,36,A141,A152,1,A174,2,A192,A201,2
A12,12,A32,A40,4526,A61,A72,2,A93,A101,2,A123,30,A143,A152,1,A173,1,A191,A201,1
A11,24,A32,A42,7678,A65,A72,1,A93,A101,2,A122,30,A143,A152,1,A173,1,A192,A202,1
A12,14,A32,A49,1740,A63,A75,1,A93,A101,2,A121,41,A143,A152,1,A173,1,A192,A201,1
A12,4,A33,A42,1238,A62,A74,1,A91,A101,2,A123,30,A141,A152,3,A173,2,A191,A201,1
A13,15,A32,A46,368,A61,A72,4,A92,A101,4,A122,23,A143,A151,1,A173,1,A192,A201,1
A12,15,A32,A43,4686,A61,A74,3,A93,A101,3,A121,26,A143,A151,1,A172,1,A191,A201,1
A14,36,A34,A40,8072,A61,A73,4,A92,A101,2,A121,25,A142,A152,1,A173,1,A192,A201,2
A11,12,A32,A43,2299,A63,A75,3,A93,A101,1,A124,41,A143,A152,1,A172,1,A191,A201,1
A14,45,A34,A43,3031,A65,A72,4,A93,A101,1,A121,41,A143,A152,1,A173,1,A192,A201,1
A11,39,A32,A43,7127,A65,A74,4,A93,A101,3,A123,30,A143,A152,1,A174,1,A192,A201,2
A11,10,A34,A49,2133,A65,A72,2,A93,A102,3,A121,26,A143,A151,1,A173,1,A191,A202,1
A11,33,A34,A40,4241,A63,A73,1,A92,A101,4,A123,23,A143,A152,1,A173,1,A191,A201,2
A12,12,A34,A40,1928,A63,A74,3,A91,A101,3,A123,36,A143,A152,1,A174,1,A192,A201,1
A11,21,A32,A43,1837,A61,A73,3,A93,A101,2,A121,25,A143,A152,1,A173,1,A192,A201,2
A14,24,A34,A43,3872,A61,A75,4,A92,A101,2,A123,38,A143,A151,1,A174,1,A192,A201,1
A14,12,A32,A42,1422,A61,A73,3,A93,A101,2,A121,23,A143,A151,1,A172,1,A191,A201,1
A13,10,A34,A40,685,A61,A72,4,A93,A101,4,A121,53,A143,A152,1,A173,1,A192,A201,1
A12,15,A32,A49,1887,A65,A72,4,A93,A101,3,A121,26,A143,A152,1,A173,1,A191,A201,2
A11,12,A32,A40,1577,A61,A73,4,A93,A101,2,A122,28,A143,A152,1,A173,1,A191,A201,1
A11,12,A32,A43,900,A61,A73,4,A93,A101,2,A124,44,A143,A152,1,A172,1,A191,A201,1
A12,12,A32,A45,426,A61,A73,4,A93,A101,2,A123,28,A143,A152,1,A173,1,A191,A201,2
A12,12,A34,A41,1455,A61,A71,4,A93,A101,2,A123,32,A143,A152,1,A174,1,A192,A201,1
A11,12,A34,A40,3565,A61,A73,3,A93,A102,2,A121,28,A143,A152,1,A173,1,A191,A201,2
A12,48,A32,A40,9566,A65,A74,1,A93,A101,2,A123,23,A143,A152,1,A173,1,A191,A201,1
A11,33,A33,A46,5800,A61,A73,4,A93,A101,3,A122,28,A142,A152,1,A173,1,A192,A201,2
A14,14,A32,A42,2149,A61,A72,2,A93,A101,3,A122,25,A143,A152,1,A172,1,A191,A201,1
A14,15,A32,A42,1532,A61,A73,4,A93,A101,4,A121,41,A143,A153,1,A173,1,A191,A201,1
A14,48,A32,A43,9960,A62,A74,2,A93,A101,4,A121,21,A143,A152,1,A173,1,A192,A201,1
A14,12,A34,A43,1236,A65,A75,4,A93,A101,2,A121,36,A143,A152,1,A173,1,A192,A201,1
A14,24,A31,A43,7814,A64,A73,2,A93,A101,2,A123,25,A143,A152,1,A173,1,A191,A201,1
A12,12,A32,A43,684,A63,A73,4,A93,A101,3,A121,61,A143,A152,1,A172,1,A191,A201,2
A12,14,A34,A43,2150,A62,A74,4,A93,A103,2,A121,33,A141,A152,3,A173,1,A192,A201,1
A13,12,A32,A43,1882,A61,A73,2,A92,A101,2,A123,39,A143,A152,1,A172,1,A192,A201,1
A13,4,A32,A40,902,A64,A72,2,A94,A101,2,A121,31,A143,A152,1,A171,1,A191,A202,1
A12,36,A32,A43,4811,A61,A72,4,A92,A101,1,A124,30,A143,A152,1,A174,1,A192,A201,1
A11,24,A32,A43,2746,A61,A73,3,A93,A101,2,A123,25,A143,A152,1,A174,1,A191,A201,1
A11,15,A32,A42,1936,A61,A73,2,A93,A101,2,A123,21,A143,A152,1,A173,1,A191,A201,2
A14,21,A34,A42,2325,A61,A72,4,A93,A101,4,A122,23,A143,A152,1,A173,1,A192,A201,1
A12,45,A31,A49,2899,A62,A74,4,A93,A101,2,A123,28,A143,A152,1,A173,1,A191,A201,1
A11,4,A34,A40,884,A61,A75,1,A92,A101,4,A124,37,A143,A152,1,A173,1,A192,A201,1
A14,12,A34,A40,672,A62,A74,4,A93,A101,3,A123,45,A143,A152,1,A173,1,A192,A201,1
A11,33,A34,A42,4020,A61,A73,3,A93,A103,2,A122,26,A143,A152,1,A173,1,A191,A201,1
A14,15,A34,A43,1345,A64,A75,4,A93,A101,4,A123,41,A143,A152,1,A173,1,A191,A201,1
A12,7,A32,A43,1201,A62,A72,2,A93,A101,4,A121,37,A141,A153,1,A173,2,A192,A201,1
A14,10,A32,A43,1493,A61,A73,1,A93,A101,4,A122,35,A143,A152,1,A173,1,A192,A201,1
A13,33,A32,A43,4473,A61,A73,4,A93,A101,1,A123,23,A143,A152,1,A173,1,A191,A201,1
A12,24,A34,A41,7685,A64,A75,2,A93,A101,4,A124,28,A143,A152,1,A173,1,A191,A201,1
A12,21,A33,A49,5801,A62,A74,4,A93,A101,4,A123,34,A143,A151,1,A173,1,A192,A201,1
A11,12,A32,A41,1275,A61,A73,2,A92,A101,4,A123,20,A143,A152,1,A173,1,A191,A201,2
A11,8,A34,A45,1076,A62,A72,3,A93,A103,4,A121,43,A143,A152,1,A173,2,A191,A202,1
A11,12,A31,A42,362,A61,A75,4,A93,A101,1,A123,48,A141,A152,1,A172,1,A191,A201,1
A12,21,A32,A40,2896,A62,A74,2,A93,A101,3,A123,35,A141,A152,1,A173,1,A192,A201,1
A14,7,A34,A43,1469,A65,A73,1,A93,A101,2,A121,32,A143,A152,1,A172,2,A191,A201,1
A14,21,A34,A43,2273,A62,A73,3,A93,A101,4,A121,34,A143,A152,1,A173,2,A192,A201,1
A14,15,A34,A40,1082,A61,A72,4,A92,A101,1,A122,30,A143,A152,1,A173,1,A192,A201,1
A14,14,A32,A44,1056,A63,A74,4,A93,A101,3,A122,34,A143,A152,1,A173,1,A192,A201,1
A12,10,A32,A40,6224,A61,A71,2,A93,A101,4,A124,63,A141,A152,1,A174,1,A191,A201,1
A14,33,A32,A40,766,A63,A75,4,A93,A101,4,A122,34,A143,A152,1,A173,1,A191,A201,1
A12,7,A32,A42,2333,A63,A73,1,A93,A101,2,A123,30,A143,A152,1,A173,1,A192,A201,1
A11,15,A32,A42,1149,A61,A71,4,A92,A101,2,A123,32,A143,A152,1,A173,1,A191,A201,2
A12,12,A32,A43,1597,A64,A72,4,A93,A101,1,A121,20,A143,A152,1,A173,1,A191,A201,1
A14,24,A32,A42,3905,A61,A74,2,A92,A101,4,A122,25,A143,A151,1,A173,1,A192,A201,1
A12,27,A34,A49,1376,A61,A74,4,A91,A101,4,A121,30,A143,A152,3,A173,1,A192,A201,2
A11,14,A30,A40,781,A61,A75,4,A93,A101,3,A123,32,A143,A151,1,A173,2,A191,A201,2
A14,12,A32,A42,753,A61,A73,4,A93,A101,1,A121,26,A143,A152,1,A173,1,A192,A201,1
A12,24,A33,A42,2051,A61,A71,3,A92,A101,2,A122,33,A143,A152,1,A174,1,A192,A201,2
A12,8,A32,A43,1237,A61,A73,4,A93,A103,2,A121,32,A143,A152,1,A173,1,A191,A202,1
A11,18,A33,A43,2746,A61,A72,2,A93,A101,1,A122,25,A143,A152,1,A173,1,A191,A201,2
A14,27,A31,A41,7629,A65,A74,4,A93,A101,1,A121,47,A141,A152,1,A174,1,A192,A201,2
A11,12,A32,A42,1977,A61,A73,2,A93,A101,1,A123,42,A143,A152,1,A173,1,A191,A201,1
A11,7,A34,A43,343,A63,A73,4,A93,A101,4,A123,46,A143,A152,1,A173,1,A191,A201,1
A14,12,A32,A43,1498,A61,A74,4,A93,A101,2,A123,30,A143,A151,1,A174,2,A192,A201,1
A11,18,A34,A40,392,A61,A75,4,A93,A101,4,A121,57,A143,A152,1,A173,1,A191,A201,1
A14,36,A33,A43,8386,A61,A72,1,A93,A101,1,A123,26,A143,A152,3,A173,1,A191,A201,2
A12,36,A32,A40,3949,A61,A73,2,A93,A101,2,A121,30,A142,A152,3,A174,1,A192,A201,2
A11,18,A31,A40,1347,A65,A73,4,A93,A101,2,A122,36,A143,A152,1,A172,2,A191,A201,2
A11,21,A34,A42,3124,A64,A73,4,A93,A101,4,A121,44,A143,A152,1,A173,1,A191,A201,1
A12,15,A34,A40,763,A61,A75,4,A93,A101,4,A123,34,A141,A152,1,A173,2,A192,A201,2
A14,14,A34,A43,1203,A61,A73,4,A93,A101,2,A122,30,A143,A152,1,A173,1,A191,A201,1
A12,8,A32,A41,5293,A61,A75,2,A92,A101,4,A124,64,A141,A153,1,A174,2,A192,A201,2
A12,15,A32,A40,932,A61,A71,2,A93,A101,3,A123,62,A143,A153,3,A171,1,A192,A201,1
A11,12,A34,A43,806,A62,A74,4,A93,A101,1,A122,20,A143,A152,1,A173,1,A191,A201,2
A12,15,A30,A42,3195,A61,A73,1,A92,A101,4,A123,32,A141,A152,1,A173,1,A192,A201,1
A14,21,A32,A49,3651,A64,A73,2,A93,A101,3,A122,47,A143,A152,3,A174,1,A192,A201,2
A12,45,A34,A49,3149,A62,A74,4,A93,A101,4,A124,32,A143,A153,1,A172,2,A191,A201,2
A12,24,A32,A43,3161,A61,A73,4,A93,A101,2,A123,34,A143,A152,1,A173,2,A192,A201,2
A14,4,A32,A43,3161,A61,A74,2,A93,A101,2,A121,33,A143,A151,1,A173,1,A191,A201,1
A12,45,A32,A43,2346,A62,A73,4,A93,A103,4,A123,20,A143,A151,1,A173,1,A191,A201,2
A12,8,A34,A46,1514,A61,A75,2,A93,A101,3,A123,33,A143,A152,1,A174,1,A192,A201,2
A14,4,A34,A43,1382,A61,A73,1,A92,A101,1,A123,28,A143,A152,1,A173,1,A192,A201,1
A12,12,A32,A42,936,A62,A72,4,A93,A101,4,A123,26,A141,A151,3,A173,1,A191,A201,2
A12,21,A32,A49,2169,A65,A75,4,A93,A101,4,A124,34,A141,A152,1,A173,1,A191,A201,1
A14,18,A33,A41,3850,A61,A71,4,A93,A101,3,A124,40,A143,A152,1,A173,1,A192,A201,2
A12,8,A32,A46,781,A63,A72,4,A93,A101,2,A123,46,A143,A152,1,A173,1,A192,A201,1
A11,12,A32,A40,1344,A61,A73,4,A94,A101,3,A121,31,A143,A152,1,A172,1,A191,A201,1
A11,24,A33,A41,3914,A61,A74,3,A93,A101,4,A123,25,A143,A152,1,A173,1,A191,A201,1
A11,12,A32,A48,1154,A61,A74,4,A94,A101,4,A122,21,A143,A153,1,A173,1,A191,A201,2
A11,12,A32,A40,1283,A61,A75,4,A93,A101,1,A121,35,A143,A152,1,A172,2,A191,A201,1
A11,27,A34,A43,8487,A61,A75,3,A93,A101,4,A124,35,A143,A152,3,A174,2,A192,A201,1
A14,12,A32,A42,1494,A61,A75,4,A93,A101,4,A121,38,A143,A152,3,A173,1,A192,A201,1
A12,12,A34,A44,1237,A61,A74,4,A93,A101,3,A122,25,A143,A152,1,A173,1,A191,A201,1
A11,24,A32,A42,8648,A61,A73,2,A93,A101,2,A123,21,A142,A152,1,A174,1,A191,A201,1
A14,12,A32,A41,1236,A64,A74,3,A93,A101,2,A122,47,A143,A152,1,A173,1,A191,A201,1
A14,8,A34,A43,2445,A61,A73,1,A93,A101,2,A121,32,A143,A152,1,A173,2,A191,A201,1
A14,36,A32,A43,3868,A65,A75,2,A93,A101,4,A121,41,A143,A152,1,A172,1,A192,A201,1
A11,24,A30,A49,3931,A61,A71,2,A93,A101,4,A122,44,A142,A152,1,A173,1,A192,A201,2
A13,27,A33,A49,1469,A61,A72,4,A93,A101,4,A121,61,A143,A152,1,A174,1,A192,A201,2
A14,33,A34,A43,2606,A65,A75,4,A93,A101,2,A123,45,A143,A152,1,A173,1,A192,A201,1
A12,4,A34,A43,932,A65,A74,1,A93,A101,3,A122,37,A143,A152,1,A172,1,A191,A201,1
A11,15,A30,A49,2462,A61,A74,3,A93,A101,1,A123,30,A141,A152,1,A173,1,A192,A201,1
A13,33,A32,A43,3160,A61,A73,2,A93,A101,2,A121,21,A143,A152,1,A173,1,A192,A201,1
A14,27,A32,A42,2337,A61,A73,2,A93,A101,2,A121,21,A141,A151,1,A172,1,A191,A201,1
A11,10,A32,A40,1366,A61,A73,2,A93,A101,4,A123,61,A143,A152,1,A173,1,A192,A201,1
A12,12,A32,A43,760,A61,A72,4,A94,A103,1,A124,29,A141,A152,1,A172,1,A191,A201,1
A11,12,A32,A43,1199,A65,A73,4,A93,A101,4,A122,23,A141,A151,1,A173,1,A192,A201,1
A14,12,A32,A43,571,A61,A73,4,A93,A101,2,A121,28,A141,A152,1,A173,1,A191,A201,1
A14,21,A33,A49,2333,A65,A73,4,A93,A101,4,A121,30,A143,A152,1,A173,2,A191,A201,1
A14,14,A32,A41,3652,A61,A73,3,A93,A101,2,A123,28,A143,A152,1,A173,1,A192,A201,1
A14,33,A30,A45,1979,A61,A73,4,A93,A101,2,A123,25,A143,A152,1,A173,1,A191,A201,1
A12,45,A32,A43,8487,A64,A74,1,A93,A102,2,A124,25,A141,A152,1,A173,1,A192,A201,2
A11,12,A32,A42,7297,A61,A72,4,A93,A101,4,A124,46,A143,A153,1,A174,1,A191,A201,2
A14,8,A32,A43,1282,A61,A74,4,A93,A101,2,A123,21,A143,A152,1,A173,1,A191,A201,2
A11,21,A32,A42,2580,A61,A72,4,A93,A101,1,A124,21,A141,A152,1,A173,1,A191,A201,1
A13,33,A32,A43,3512,A61,A73,4,A93,A101,2,A123,25,A143,A152,1,A173,1,A191,A201,2
A14,8,A32,A40,1938,A63,A75,2,A93,A101,4,A124,45,A143,A153,1,A172,1,A191,A201,1
A14,12,A32,A43,1582,A62,A74,3,A93,A101,1,A124,33,A143,A152,1,A173,1,A191,A201,1
A11,18,A32,A43,1047,A61,A73,4,A94,A101,2,A121,27,A143,A152,1,A172,1,A191,A201,1
A14,4,A34,A43,1318,A61,A73,2,A93,A101,1,A121,37,A143,A152,3,A172,2,A191,A201,1
A11,21,A32,A43,1433,A61,A71,4,A93,A101,2,A123,28,A142,A152,1,A174,2,A191,A201,2
A12,7,A32,A40,12680,A65,A71,1,A93,A101,2,A122,21,A143,A152,1,A171,1,A192,A201,2
A12,24,A32,A40,2122,A62,A75,4,A93,A101,2,A123,61,A141,A151,3,A172,1,A191,A201,2
A14,12,A34,A43,1291,A61,A73,4,A92,A101,2,A122,33,A143,A152,1,A173,1,A191,A201,1
A11,27,A32,A43,1967,A61,A75,1,A93,A103,3,A122,36,A143,A152,1,A173,2,A191,A201,1
A11,24,A32,A40,888,A65,A75,4,A93,A101,2,A123,28,A141,A152,1,A173,1,A191,A201,2
A14,7,A32,A43,1346,A61,A74,3,A93,A101,2,A122,45,A143,A152,1,A173,2,A191,A201,1
A11,45,A34,A41,3652,A61,A75,3,A93,A101,4,A124,23,A143,A153,1,A173,2,A191,A201,2
A14,12,A34,A49,1158,A61,A73,3,A92,A101,2,A121,26,A143,A152,1,A173,1,A191,A201,1
A14,12,A31,A43,3386,A63,A73,4,A93,A101,3,A121,33,A143,A152,1,A172,2,A191,A201,1
A14,21,A32,A49,1056,A61,A74,4,A93,A101,1,A121,23,A143,A152,1,A173,1,A191,A201,1
A14,12,A34,A43,585,A61,A75,4,A93,A101,4,A121,46,A143,A152,3,A173,1,A191,A201,1
A14,7,A30,A40,983,A62,A73,4,A93,A101,1,A121,33,A141,A151,1,A173,1,A191,A202,1
A13,21,A32,A42,1493,A61,A73,2,A93,A101,2,A121,25,A143,A152,1,A173,1,A191,A201,1
A14,15,A32,A43,448,A61,A71,3,A92,A101,4,A121,21,A143,A151,1,A173,1,A191,A201,2
A11,4,A34,A40,666,A64,A74,3,A93,A101,4,A121,37,A143,A152,1,A172,1,A192,A201,1
A13,12,A32,A42,2241,A61,A73,1,A93,A101,2,A123,41,A143,A152,1,A172,1,A191,A201,1
A12,27,A32,A40,2136,A61,A73,4,A93,A103,2,A124,23,A141,A152,1,A173,1,A191,A201,2
A14,21,A33,A42,3509,A62,A73,2,A93,A101,3,A122,33,A143,A152,1,A173,1,A191,A201,1
A12,8,A32,A42,1534,A65,A74,2,A93,A101,1,A123,23,A143,A152,1,A173,1,A192,A201,1
A12,48,A33,A43,6229,A65,A73,1,A93,A101,1,A121,25,A143,A152,1,A172,1,A191,A201,1
A14,21,A34,A43,2116,A61,A73,4,A93,A101,2,A121,33,A143,A152,1,A172,1,A191,A201,1
A11,12,A31,A43,1544,A61,A73,4,A93,A101,1,A124,28,A143,A153,1,A173,1,A191,A201,2
A14,15,A32,A41,3758,A62,A72,1,A93,A101,4,A123,23,A143,A152,1,A173,1,A192,A201,1
A14,12,A34,A43,1154,A62,A71,4,A93,A101,4,A121,49,A143,A152,3,A172,1,A191,A201,1
A11,12,A32,A42,1347,A61,A73,2,A93,A101,2,A121,25,A143,A152,1,A173,1,A191,A201,1
A11,24,A32,A43,1603,A61,A75,4,A92,A101,4,A123,48,A143,A152,1,A173,1,A191,A201,1
A11,15,A34,A43,3931,A61,A72,2,A93,A101,4,A124,34,A143,A153,3,A172,1,A192,A201,1
A14,12,A34,A46,2760,A61,A75,2,A93,A101,4,A124,49,A141,A153,3,A172,1,A191,A201,1
A14,10,A34,A40,1007,A61,A75,3,A93,A101,4,A121,30,A143,A152,1,A172,2,A191,A201,1
A12,14,A32,A43,691,A61,A75,4,A93,A101,3,A123,35,A143,A152,1,A173,2,A191,A201,2
A14,33,A34,A49,4686,A61,A75,4,A93,A101,4,A121,34,A143,A152,1,A173,1,A191,A201,1
A14,24,A32,A43,1520,A61,A72,4,A93,A101,3,A123,36,A142,A152,1,A173,1,A192,A201,1
A11,14,A32,A40,7408,A61,A75,1,A91,A101,4,A122,45,A143,A152,1,A172,1,A192,A202,2
A14,21,A32,A43,866,A63,A75,4,A93,A101,2,A123,23,A143,A152,1,A173,1,A191,A201,1
A14,15,A32,A40,2108,A65,A74,4,A93,A101,3,A122,30,A143,A152,1,A173,1,A191,A202,1
A14,12,A34,A42,1409,A63,A74,3,A92,A101,4,A123,35,A143,A152,1,A173,1,A192,A201,1
A12,45,A31,A40,10297,A65,A71,4,A93,A102,4,A124,34,A143,A152,1,A174,1,A192,A201,1
A12,45,A32,A43,2445,A61,A74,4,A93,A101,4,A121,26,A143,A152,1,A173,1,A191,A201,2
A11,33,A32,A45,10297,A61,A72,1,A93,A101,1,A124,34,A143,A152,1,A172,1,A192,A201,2
A14,8,A32,A43,2116,A61,A73,1,A93,A101,2,A121,30,A143,A152,1,A173,2,A191,A201,1
A14,15,A34,A43,2427,A61,A73,2,A92,A102,2,A123,26,A143,A152,1,A173,1,A191,A201,1
A11,12,A32,A42,958,A65,A75,2,A91,A101,4,A122,49,A143,A152,1,A172,1,A192,A201,1
A14,4,A32,A42,4463,A61,A72,1,A92,A101,4,A123,32,A143,A152,1,A173,1,A191,A201,2
A12,21,A32,A43,1469,A62,A73,4,A93,A101,4,A123,28,A143,A151,1,A174,1,A192,A201,1
A14,14,A34,A41,2743,A64,A72,3,A93,A101,4,A123,21,A143,A151,1,A173,1,A192,A201,1
A14,12,A32,A42,1344,A61,A73,4,A93,A101,2,A121,44,A143,A152,1,A173,1,A191,A201,1
A13,15,A31,A43,1238,A65,A74,4,A93,A101,4,A123,43,A141,A152,1,A172,1,A191,A201,1
A12,14,A34,A42,1285,A65,A75,4,A93,A101,4,A122,53,A143,A152,1,A173,1,A191,A201,1
A12,27,A34,A40,3448,A62,A72,4,A93,A101,2,A121,37,A143,A152,1,A173,1,A192,A201,1
A11,45,A32,A40,10144,A61,A71,1,A93,A101,1,A121,33,A143,A152,1,A172,1,A192,A201,1
A11,45,A32,A41,3832,A61,A74,4,A93,A101,3,A122,25,A143,A152,1,A173,2,A191,A201,1
A12,45,A33,A410,6260,A62,A71,2,A93,A101,4,A121,30,A143,A153,1,A174,1,A192,A201,1
A12,12,A32,A43,1092,A61,A73,4,A92,A103,4,A121,44,A143,A152,1,A173,1,A192,A201,1
A11,24,A33,A43,1236,A61,A75,4,A93,A101,4,A121,58,A142,A152,1,A173,1,A191,A201,2
A14,12,A32,A49,1255,A61,A73,2,A93,A101,2,A121,29,A143,A152,1,A173,1,A192,A202,1
A12,33,A32,A41,11816,A61,A72,1,A93,A101,4,A123,32,A143,A151,1,A174,1,A192,A201,2
A11,24,A34,A41,6948,A61,A75,2,A93,A101,4,A124,39,A143,A153,1,A174,2,A192,A201,1
A13,39,A32,A43,3832,A61,A75,4,A93,A101,4,A124,48,A143,A152,1,A173,1,A191,A201,1
A14,48,A34,A43,6260,A65,A75,4,A93,A101,2,A123,46,A141,A152,3,A174,2,A191,A201,1
A12,48,A32,A40,9960,A61,A72,1,A92,A101,2,A123,26,A143,A152,1,A173,1,A192,A201,2
A14,12,A33,A43,4473,A65,A72,1,A93,A101,4,A123,20,A143,A152,1,A173,1,A191,A201,1
A14,10,A32,A40,1076,A65,A75,4,A93,A102,2,A122,39,A143,A152,1,A172,1,A191,A202,1
A14,15,A32,A42,1938,A61,A73,3,A93,A101,4,A121,38,A143,A152,1,A173,1,A192,A201,1
A12,18,A34,A42,2150,A64,A74,3,A93,A101,2,A123,30,A143,A152,1,A173,1,A192,A201,1
A14,4,A32,A40,666,A61,A71,1,A92,A101,4,A121,48,A143,A152,1,A172,1,A192,A201,1
A12,36,A30,A43,3758,A61,A73,4,A92,A101,1,A123,38,A143,A152,1,A173,1,A192,A201,2
A13,21,A34,A40,1201,A65,A74,4,A93,A101,2,A121,35,A141,A152,1,A172,2,A191,A201,2
A11,10,A32,A40,874,A61,A74,4,A93,A102,3,A122,43,A143,A152,1,A173,1,A192,A201,1
A14,45,A32,A40,8386,A63,A73,2,A93,A101,2,A121,38,A141,A153,1,A173,1,A191,A201,2
A14,4,A32,A40,1318,A64,A73,4,A93,A102,2,A121,33,A143,A152,1,A173,1,A191,A201,1
A14,27,A32,A41,4811,A65,A74,2,A93,A101,4,A122,23,A142,A151,1,A172,1,A191,A201,1
A11,12,A32,A43,937,A62,A72,4,A94,A101,3,A124,37,A143,A152,1,A172,1,A192,A201,2
A12,8,A32,A42,1231,A61,A73,3,A92,A101,4,A121,23,A143,A152,1,A173,1,A191,A201,2
A12,8,A32,A40,343,A61,A73,4,A93,A101,4,A121,23,A143,A152,1,A172,1,A191,A201,1
A12,45,A32,A410,4020,A65,A71,3,A93,A101,4,A124,36,A141,A151,1,A171,1,A192,A201,1
A14,21,A32,A42,4042,A62,A73,4,A93,A101,1,A123,23,A142,A152,1,A173,1,A191,A201,1
A13,24,A32,A42,3757,A61,A72,2,A92,A101,4,A123,26,A143,A152,1,A173,1,A191,A201,1
A12,12,A32,A40,836,A61,A74,2,A94,A101,3,A123,27,A141,A152,1,A174,1,A191,A201,2
A13,4,A32,A40,1283,A65,A72,1,A93,A101,2,A121,28,A143,A152,1,A172,2,A191,A202,1
A11,33,A31,A42,2150,A61,A72,4,A93,A101,4,A123,30,A141,A152,1,A173,1,A191,A201,2
A11,12,A32,A42,585,A61,A73,2,A93,A103,3,A122,35,A143,A152,1,A172,2,A191,A201,1
A12,24,A33,A42,4439,A61,A73,1,A92,A101,4,A121,43,A143,A152,1,A172,1,A192,A201,1
A14,12,A34,A49,571,A61,A73,4,A93,A101,2,A123,30,A143,A152,1,A173,1,A191,A201,1
A11,15,A33,A42,3622,A61,A75,1,A93,A101,4,A122,26,A143,A152,1,A172,1,A191,A201,1
A12,27,A34,A40,5507,A61,A71,4,A94,A101,2,A123,32,A143,A152,1,A174,1,A191,A201,2
A11,27,A32,A43,1453,A61,A72,4,A91,A101,3,A122,32,A143,A152,1,A173,1,A191,A201,2
A11,21,A32,A41,2329,A61,A74,2,A93,A101,1,A124,32,A143,A153,1,A173,1,A192,A201,1
A11,15,A32,A42,2108,A64,A73,4,A93,A101,2,A123,26,A143,A152,1,A173,1,A191,A201,1
A14,15,A34,A40,999,A61,A73,4,A93,A101,3,A121,34,A143,A152,1,A173,1,A191,A201,1
A11,8,A34,A40,2745,A61,A74,1,A93,A101,4,A121,36,A143,A152,1,A172,1,A191,A202,1
A14,12,A34,A42,4057,A61,A75,2,A93,A101,4,A122,43,A143,A151,1,A173,1,A192,A201,1
A14,24,A32,A40,1520,A64,A74,4,A92,A101,3,A123,33,A143,A152,1,A173,2,A192,A201,1
A13,33,A32,A43,3650,A61,A75,4,A93,A101,2,A123,30,A143,A152,1,A173,1,A191,A201,1
A12,7,A32,A43,884,A61,A72,4,A93,A101,4,A123,26,A143,A152,1,A173,2,A191,A201,1
A11,21,A34,A41,5179,A61,A71,2,A93,A101,4,A124,64,A143,A151,1,A174,1,A192,A201,1
A14,15,A34,A43,1881,A62,A73,4,A92,A101,2,A121,30,A143,A152,1,A172,1,A191,A201,2
A12,48,A32,A40,7174,A62,A73,4,A93,A101,2,A122,23,A143,A152,1,A174,1,A191,A201,2
A14,48,A34,A41,12204,A62,A73,2,A92,A101,4,A123,23,A141,A152,1,A172,1,A191,A201,2
A11,21,A30,A42,3499,A61,A73,3,A93,A101,4,A123,21,A141,A151,1,A173,2,A191,A201,2
A11,4,A34,A42,2862,A61,A73,1,A93,A101,4,A123,44,A143,A151,1,A173,1,A192,A201,2
A12,14,A32,A43,2058,A61,A72,2,A93,A103,4,A122,23,A143,A152,1,A172,1,A191,A201,1
A11,15,A32,A44,1274,A65,A73,4,A92,A101,2,A122,23,A143,A152,1,A173,1,A191,A201,2
A11,21,A32,A42,3509,A61,A73,4,A93,A101,4,A122,26,A143,A152,1,A173,1,A191,A201,1
A12,8,A32,A40,1287,A61,A73,4,A91,A101,2,A123,30,A143,A152,1,A172,1,A191,A201,1
A12,24,A34,A46,5381,A61,A72,2,A93,A101,4,A124,23,A143,A153,1,A173,1,A192,A201,1
A11,21,A32,A42,3573,A61,A74,1,A93,A101,4,A123,26,A143,A152,1,A172,1,A191,A201,1
A12,18,A32,A43,4351,A63,A72,1,A93,A101,3,A121,27,A143,A151,1,A173,1,A191,A201,1
A12,15,A32,A49,3650,A61,A75,1,A93,A102,1,A121,32,A141,A152,1,A172,1,A192,A201,1
A13,10,A32,A40,3384,A61,A72,1,A93,A103,1,A122,35,A143,A152,1,A172,2,A191,A201,1
A14,15,A34,A43,1453,A61,A73,4,A93,A101,2,A123,39,A143,A152,1,A172,1,A191,A201,1
A12,12,A34,A43,700,A61,A72,4,A93,A103,4,A121,21,A143,A152,1,A173,1,A191,A201,1
A12,24,A32,A43,3757,A63,A74,1,A92,A101,4,A124,23,A143,A151,1,A171,1,A191,A201,1
A14,7,A33,A49,1418,A62,A73,1,A93,A101,2,A121,32,A143,A152,1,A172,1,A191,A201,1
A12,8,A34,A41,930,A64,A75,4,A93,A101,3,A121,30,A143,A152,1,A173,2,A191,A201,2
A14,8,A32,A43,1231,A61,A72,1,A93,A101,4,A121,23,A143,A151,1,A173,1,A192,A201,1
A12,8,A32,A49,937,A61,A73,1,A93,A101,2,A123,28,A143,A152,1,A173,1,A191,A202,2
A14,15,A34,A41,2603,A65,A71,2,A93,A101,4,A121,35,A143,A152,1,A174,1,A192,A201,1
A11,12,A30,A43,4530,A61,A73,4,A93,A101,2,A122,26,A143,A151,1,A173,1,A191,A201,2
A14,10,A32,A43,585,A63,A72,4,A93,A101,4,A124,41,A143,A152,1,A173,1,A192,A201,1
A12,21,A32,A40,1056,A61,A72,4,A93,A101,2,A121,21,A143,A152,1,A172,1,A191,A201,2
A14,12,A34,A43,1882,A65,A75,1,A93,A101,4,A121,43,A143,A152,1,A173,1,A192,A201,1
A14,33,A33,A43,3650,A61,A73,4,A93,A101,2,A123,25,A143,A152,1,A174,1,A192,A201,2
A14,12,A32,A45,1038,A61,A75,4,A93,A101,2,A121,32,A143,A152,1,A173,1,A191,A201,1
A11,27,A32,A42,2427,A61,A74,4,A93,A101,4,A121,23,A143,A152,1,A173,1,A191,A201,2
A12,15,A32,A40,1007,A65,A73,4,A93,A101,4,A124,51,A143,A152,1,A173,1,A191,A201,1
A13,12,A32,A43,2746,A65,A75,2,A93,A101,3,A123,35,A143,A152,1,A174,1,A191,A201,1
A13,12,A33,A40,2241,A61,A73,2,A93,A101,2,A123,34,A142,A152,1,A173,1,A192,A201,1
A14,4,A32,A42,2384,A61,A73,1,A93,A101,2,A122,21,A143,A151,1,A173,1,A191,A201,1
A11,15,A32,A42,1936,A61,A71,4,A93,A101,1,A123,23,A143,A152,1,A171,1,A191,A201,2
A14,12,A32,A43,1316,A61,A75,2,A93,A101,4,A123,34,A143,A152,1,A173,1,A192,A201,1
A14,15,A34,A46,3149,A61,A74,3,A93,A101,1,A123,25,A143,A152,1,A173,1,A191,A201,1
A11,15,A32,A42,3632,A61,A72,1,A93,A101,4,A123,21,A143,A151,1,A173,1,A191,A201,1
A11,33,A32,A42,2872,A61,A75,4,A93,A101,2,A123,37,A143,A152,1,A173,2,A191,A201,2
A12,15,A32,A42,3017,A61,A74,2,A92,A101,4,A121,37,A143,A151,1,A173,1,A192,A201,1
A11,33,A32,A40,2462,A65,A73,4,A93,A101,4,A121,34,A143,A152,1,A173,1,A191,A201,1
A14,15,A34,A43,4526,A61,A75,3,A93,A101,4,A123,32,A143,A152,1,A173,1,A192,A201,1
A14,10,A34,A49,2134,A61,A72,1,A92,A101,3,A121,23,A143,A152,1,A173,1,A191,A201,1
A12,48,A32,A40,12612,A65,A75,2,A93,A101,4,A123,53,A141,A153,1,A174,1,A192,A201,1
A12,48,A31,A410,12680,A62,A75,3,A92,A101,4,A124,53,A141,A153,1,A174,1,A192,A201,2
A11,48,A31,A49,7678,A61,A74,2,A92,A103,4,A123,35,A143,A152,1,A173,1,A191,A201,2
A14,18,A33,A43,3380,A61,A71,2,A93,A101,3,A121,39,A143,A152,1,A173,1,A191,A201,1
A14,7,A32,A43,697,A61,A75,3,A93,A101,4,A122,34,A143,A152,1,A173,1,A191,A201,1
A12,33,A32,A40,12680,A61,A72,4,A93,A101,2,A121,48,A143,A153,1,A174,1,A192,A201,2
A14,4,A34,A40,362,A62,A73,4,A93,A101,4,A123,46,A143,A152,1,A172,1,A191,A201,1
A11,18,A32,A42,1736,A65,A74,4,A93,A101,4,A123,36,A143,A152,1,A173,1,A191,A201,1
A12,15,A32,A41,12612,A61,A71,3,A92,A101,4,A122,36,A143,A153,1,A174,1,A192,A201,2
A14,21,A32,A40,1275,A64,A74,4,A92,A101,4,A123,25,A143,A152,1,A173,1,A191,A201,1
A13,12,A32,A40,1163,A61,A72,4,A93,A101,1,A121,25,A143,A152,1,A173,1,A191,A201,1
A14,27,A33,A49,3512,A62,A73,2,A93,A101,2,A122,25,A143,A152,1,A172,1,A191,A201,1
A14,15,A34,A43,2238,A61,A73,2,A93,A101,1,A123,25,A143,A152,1,A172,1,A191,A201,1
A14,15,A32,A43,1149,A65,A72,4,A93,A101,2,A121,21,A143,A151,1,A173,1,A192,A201,1
A12,15,A34,A42,6224,A61,A71,4,A93,A101,4,A122,36,A142,A152,1,A174,1,A192,A201,1
A12,14,A34,A49,1835,A63,A73,2,A93,A101,4,A123,25,A141,A152,1,A173,1,A191,A201,1
A14,8,A32,A49,1453,A61,A74,3,A93,A101,2,A123,26,A143,A152,1,A173,1,A191,A201,1
A14,18,A30,A40,2390,A61,A73,2,A94,A101,2,A122,34,A143,A152,1,A174,1,A192,A201,1
A12,12,A32,A49,996,A64,A72,1,A92,A101,4,A121,20,A143,A151,1,A172,1,A191,A201,1
A11,33,A32,A40,2606,A61,A74,2,A93,A101,4,A121,36,A141,A153,1,A172,2,A192,A201,1
A11,4,A34,A43,1961,A61,A74,1,A93,A101,4,A123,30,A143,A152,1,A173,1,A191,A201,1
A14,8,A34,A42,1893,A61,A71,2,A93,A101,3,A123,30,A143,A152,1,A174,1,A191,A201,1
A12,33,A33,A46,10222,A62,A74,2,A93,A101,3,A122,30,A143,A151,1,A173,1,A192,A201,1
A11,12,A32,A42,2603,A61,A71,3,A93,A101,4,A124,48,A143,A153,1,A174,1,A191,A201,1
A11,33,A34,A42,3446,A61,A73,3,A93,A101,2,A122,50,A143,A152,1,A173,1,A192,A201,1
A12,12,A32,A40,915,A61,A75,1,A93,A101,1,A121,46,A143,A151,3,A173,1,A191,A201,2
A14,24,A34,A43,1516,A64,A73,4,A93,A101,1,A121,39,A143,A152,1,A172,1,A191,A201,1
A14,18,A32,A43,1887,A61,A72,3,A93,A101,4,A121,43,A143,A152,1,A173,1,A192,A201,1
A12,18,A34,A49,2671,A65,A73,4,A93,A101,4,A121,32,A141,A152,1,A173,1,A191,A201,1
A14,21,A33,A49,7814,A61,A72,2,A93,A101,2,A123,25,A141,A152,1,A173,1,A192,A201,2
A14,14,A33,A40,691,A61,A73,4,A93,A101,2,A123,25,A143,A152,1,A172,1,A191,A201,1
A12,15,A33,A42,2329,A65,A72,4,A93,A101,4,A123,38,A143,A152,1,A173,2,A191,A201,1
A12,24,A32,A43,2764,A61,A72,1,A93,A101,1,A122,23,A143,A152,1,A173,1,A192,A201,2
A14,21,A34,A41,1736,A65,A73,4,A93,A101,4,A123,38,A143,A152,1,A173,2,A192,A201,1
A11,15,A32,A43,1255,A61,A72,4,A93,A101,2,A121,31,A143,A152,1,A173,1,A191,A202,1
A14,27,A32,A43,2718,A63,A75,3,A93,A101,2,A123,24,A143,A152,1,A173,1,A192,A201,1
A13,12,A34,A40,1201,A63,A74,4,A93,A101,2,A121,32,A143,A152,3,A172,1,A192,A201,2
A12,24,A32,A43,1963,A61,A75,4,A93,A101,4,A123,20,A143,A152,1,A173,1,A192,A201,1
A14,28,A34,A41,5804,A61,A74,3,A93,A101,2,A123,33,A143,A152,1,A174,1,A191,A201,1
A14,12,A34,A49,1823,A61,A71,4,A93,A101,2,A123,37,A143,A152,1,A174,1,A192,A201,2
A14,10,A32,A40,1346,A63,A73,3,A93,A101,2,A123,36,A143,A151,1,A172,2,A191,A202,1
A11,24,A32,A40,1382,A65,A73,4,A93,A101,2,A122,33,A143,A152,1,A173,1,A191,A201,2
A14,33,A34,A40,4057,A61,A75,2,A93,A101,2,A122,33,A143,A152,1,A173,2,A192,A201,1
A11,12,A32,A40,1977,A61,A72,4,A93,A101,1,A121,32,A143,A152,1,A172,2,A191,A201,2
A11,15,A33,A42,8229,A61,A73,1,A93,A101,2,A123,23,A143,A151,1,A173,1,A192,A201,1
A14,21,A32,A40,2764,A63,A74,1,A93,A101,2,A123,30,A141,A152,1,A174,1,A191,A201,1
A12,15,A32,A40,999,A65,A73,4,A93,A101,2,A122,32,A143,A152,1,A173,1,A191,A201,2
A14,15,A32,A40,3190,A64,A74,2,A93,A101,3,A123,20,A143,A152,1,A173,1,A191,A201,1
A12,12,A32,A43,1533,A62,A73,4,A93,A101,2,A123,28,A143,A152,1,A173,1,A191,A201,1
A12,12,A34,A40,783,A61,A74,2,A93,A101,3,A121,41,A143,A152,1,A172,2,A191,A201,1
A14,18,A33,A42,1345,A62,A74,4,A93,A101,3,A121,32,A143,A152,1,A174,1,A191,A201,1
A12,12,A32,A42,2762,A65,A75,1,A92,A101,2,A122,25,A141,A152,1,A173,1,A192,A201,2
A14,18,A32,A41,3844,A61,A73,1,A93,A101,3,A123,21,A143,A152,1,A173,1,A192,A201,1
A12,26,A34,A43,2150,A61,A72,4,A93,A101,2,A123,28,A143,A152,1,A173,1,A191,A201,1
A14,15,A34,A43,930,A64,A73,4,A93,A101,3,A121,41,A143,A152,1,A173,1,A191,A201,1
A12,8,A32,A42,1158,A61,A75,1,A93,A101,4,A123,20,A143,A152,1,A173,1,A191,A201,1
A11,15,A34,A45,1158,A61,A71,2,A93,A101,4,A124,48,A143,A153,3,A173,2,A191,A201,2
A14,4,A32,A49,2872,A61,A74,1,A93,A101,4,A121,64,A143,A152,1,A172,1,A191,A201,1
A12,21,A32,A410,10222,A61,A73,2,A93,A102,3,A123,28,A141,A152,1,A174,1,A191,A201,2
A11,7,A34,A42,1455,A61,A71,4,A93,A101,4,A124,34,A143,A153,3,A174,1,A192,A201,1
A14,27,A34,A43,1494,A61,A73,4,A93,A101,2,A121,33,A143,A152,3,A173,1,A191,A201,1
A11,8,A32,A42,1582,A61,A73,3,A93,A101,2,A121,23,A143,A152,1,A173,1,A191,A201,1
A12,12,A32,A45,1935,A65,A72,2,A93,A101,1,A121,27,A143,A152,1,A173,1,A192,A201,2
A14,4,A34,A45,763,A63,A74,2,A93,A101,4,A121,25,A143,A151,1,A174,1,A191,A201,1
A14,24,A34,A40,1289,A64,A75,4,A93,A101,4,A121,35,A143,A152,1,A173,1,A192,A201,1
A11,39,A32,A45,2745,A61,A71,4,A93,A102,4,A123,57,A143,A152,1,A171,1,A191,A201,1
A13,12,A31,A49,458,A61,A72,4,A93,A101,1,A121,26,A143,A152,1,A171,1,A191,A201,2
A14,12,A32,A40,1459,A61,A72,4,A93,A101,4,A123,36,A143,A152,1,A174,1,A192,A201,1
A11,12,A32,A42,1603,A61,A73,2,A93,A102,3,A122,30,A143,A152,1,A173,1,A191,A201,1
A12,18,A33,A43,2101,A61,A73,2,A93,A101,3,A123,28,A141,A152,1,A173,1,A192,A201,1
A14,12,A32,A46,585,A61,A75,4,A93,A101,4,A123,37,A141,A152,1,A172,2,A191,A201,2
A12,48,A34,A49,5293,A61,A73,2,A93,A101,3,A123,30,A143,A152,1,A174,1,A192,A201,2
A14,8,A34,A40,1264,A65,A75,4,A92,A101,4,A122,38,A143,A151,1,A172,1,A191,A201,1
A11,36,A32,A40,1837,A61,A72,4,A93,A101,4,A123,33,A143,A152,1,A173,1,A192,A201,2
A12,7,A32,A43,1977,A61,A73,2,A93,A103,2,A121,33,A143,A152,1,A173,1,A191,A201,1
A11,12,A32,A42,1410,A65,A75,3,A93,A101,4,A121,48,A143,A152,1,A174,1,A192,A201,1
A12,15,A33,A42,1984,A64,A73,3,A94,A101,3,A122,62,A142,A152,1,A173,1,A191,A201,2
A14,33,A34,A43,10144,A65,A73,4,A93,A101,2,A123,28,A143,A152,1,A174,1,A192,A201,1
A14,4,A32,A43,454,A61,A73,3,A93,A101,1,A121,28,A143,A152,1,A173,1,A191,A201,1
A14,12,A30,A42,2169,A61,A72,2,A93,A101,4,A122,32,A143,A152,1,A173,1,A191,A201,1
A14,21,A32,A41,2108,A61,A75,4,A93,A101,4,A123,33,A143,A152,1,A174,1,A192,A201,1
A11,21,A32,A40,3832,A61,A74,2,A93,A102,3,A122,30,A143,A152,1,A173,1,A192,A201,2
A14,24,A32,A41,2622,A61,A72,4,A93,A101,1,A124,28,A143,A152,1,A174,1,A192,A201,1
A11,10,A34,A40,3160,A61,A73,2,A93,A101,2,A121,34,A143,A151,1,A173,2,A191,A201,1
A11,12,A32,A46,2745,A61,A75,3,A93,A101,4,A124,33,A143,A153,1,A173,1,A192,A201,2
A11,4,A32,A44,362,A61,A72,4,A92,A101,1,A121,26,A143,A152,1,A173,1,A191,A201,1
A14,15,A32,A43,3652,A61,A72,3,A93,A101,2,A123,30,A143,A152,1,A173,1,A192,A201,1
A11,33,A32,A42,3051,A61,A73,1,A93,A103,2,A122,35,A143,A152,1,A173,2,A191,A201,1
A11,14,A32,A40,1414,A61,A72,2,A93,A101,3,A121,34,A143,A152,1,A173,1,A191,A201,1
A12,12,A32,A42,3017,A61,A72,3,A93,A101,1,A121,33,A143,A152,1,A174,1,A191,A201,1
A12,12,A32,A48,684,A61,A75,4,A93,A101,4,A122,35,A143,A152,1,A173,1,A191,A201,1
A14,15,A32,A49,1495,A61,A74,4,A93,A101,1,A123,32,A142,A152,1,A173,1,A192,A201,1
A11,21,A32,A42,2331,A61,A73,3,A93,A103,4,A121,53,A141,A152,1,A173,2,A192,A201,1
A11,24,A33,A43,1620,A61,A72,4,A92,A101,2,A123,28,A143,A153,1,A172,1,A192,A201,2
A14,45,A33,A43,5804,A65,A73,3,A93,A101,3,A123,30,A141,A152,1,A173,2,A191,A201,1
A14,33,A33,A49,2762,A61,A73,2,A93,A101,2,A123,26,A143,A152,1,A173,1,A192,A201,1
A14,21,A33,A41,3804,A61,A74,3,A93,A101,3,A123,33,A143,A152,1,A172,1,A192,A201,1
A12,24,A34,A43,4281,A62,A72,3,A94,A101,2,A123,23,A143,A151,1,A173,1,A192,A201,2
A11,4,A32,A46,448,A61,A72,4,A93,A101,4,A122,23,A143,A152,1,A173,1,A192,A201,2
A11,8,A32,A40,426,A61,A73,4,A93,A101,3,A123,26,A143,A152,1,A172,1,A191,A201,2
A14,7,A32,A48,1007,A65,A71,4,A93,A101,4,A122,34,A143,A152,1,A173,2,A192,A201,1
A12,18,A34,A42,1403,A62,A73,4,A93,A101,2,A123,37,A143,A152,1,A173,1,A191,A201,2
A11,15,A30,A42,3031,A61,A72,1,A93,A101,4,A122,26,A143,A152,1,A173,1,A191,A201,2
A14,33,A32,A49,1967,A63,A73,4,A93,A101,4,A123,23,A143,A152,1,A173,1,A191,A201,1
A13,21,A32,A43,3915,A61,A74,4,A93,A101,2,A123,23,A141,A152,1,A173,1,A191,A201,1
A12,12,A32,A49,874,A62,A74,3,A93,A101,4,A121,36,A143,A152,1,A172,1,A191,A201,1
A11,14,A32,A42,1282,A61,A75,4,A93,A101,4,A123,38,A143,A152,1,A173,2,A192,A201,1
A12,12,A34,A43,3568,A65,A73,1,A93,A101,1,A121,23,A143,A152,1,A172,1,A191,A201,1
A12,21,A32,A40,936,A61,A72,4,A93,A101,1,A122,25,A143,A152,1,A173,1,A191,A201,1
A11,27,A32,A42,3622,A64,A75,4,A93,A101,4,A122,49,A143,A151,1,A173,1,A192,A201,1
A14,15,A33,A42,937,A61,A74,3,A93,A101,2,A122,30,A143,A152,1,A173,1,A191,A201,1
A14,12,A32,A40,931,A63,A73,4,A93,A101,4,A121,38,A143,A152,1,A173,1,A192,A201,1
A12,7,A33,A40,996,A61,A71,4,A93,A101,4,A122,41,A143,A152,1,A174,1,A192,A201,2
A14,12,A32,A43,2462,A61,A73,2,A93,A101,4,A123,46,A143,A152,1,A173,1,A191,A201,1
A14,24,A32,A40,3757,A63,A75,4,A93,A102,4,A124,56,A143,A153,1,A173,1,A192,A201,1
A14,10,A32,A42,1237,A62,A73,3,A93,A101,2,A121,33,A143,A151,1,A172,1,A191,A202,1
A14,7,A32,A43,2896,A61,A73,2,A93,A103,3,A123,25,A143,A151,1,A173,1,A191,A201,1
A14,12,A34,A43,1494,A61,A72,2,A93,A101,2,A124,25,A143,A152,1,A173,1,A191,A201,1
A12,27,A30,A49,8133,A61,A75,2,A92,A101,4,A124,38,A143,A153,1,A174,1,A192,A201,2
A14,4,A34,A43,1231,A62,A73,1,A93,A101,1,A122,26,A143,A152,1,A173,1,A191,A201,1
A12,7,A32,A43,362,A64,A75,4,A93,A101,4,A122,35,A143,A152,1,A173,1,A191,A201,1
A11,12,A34,A40,1577,A61,A73,3,A93,A101,2,A121,36,A143,A151,1,A172,2,A191,A202,1
A11,24,A32,A42,3966,A65,A73,2,A93,A101,4,A123,20,A143,A152,1,A173,1,A191,A201,2
A12,33,A32,A42,7824,A62,A72,4,A93,A102,1,A121,28,A143,A151,1,A174,1,A192,A201,2
A14,21,A32,A42,1345,A61,A73,4,A93,A101,3,A122,36,A143,A152,1,A173,1,A191,A201,1
A12,18,A32,A43,1516,A61,A75,4,A94,A101,2,A123,36,A143,A152,1,A172,1,A191,A201,1
A13,4,A31,A40,1098,A62,A75,2,A93,A101,4,A123,26,A143,A152,3,A173,2,A192,A201,1
A11,24,A33,A40,3049,A61,A72,4,A93,A101,1,A122,26,A143,A152,1,A173,1,A191,A201,2
A11,33,A32,A41,4020,A61,A72,2,A93,A101,4,A121,37,A143,A152,1,A173,2,A191,A201,1
A12,7,A32,A43,741,A62,A75,2,A93,A101,4,A121,49,A143,A152,1,A173,1,A191,A201,1
A12,21,A34,A43,996,A62,A72,4,A93,A101,4,A121,35,A141,A152,1,A173,2,A191,A201,2
A11,24,A32,A40,1200,A61,A72,4,A92,A101,4,A122,23,A143,A151,1,A173,1,A191,A201,2
A14,10,A32,A43,1158,A65,A73,4,A93,A103,4,A122,25,A143,A152,1,A172,1,A191,A201,2
A13,14,A34,A41,1887,A63,A73,2,A93,A101,2,A123,34,A143,A152,1,A173,1,A192,A201,1
A12,14,A31,A40,5800,A62,A71,1,A93,A101,2,A122,32,A143,A152,1,A174,2,A192,A201,2
A14,24,A32,A43,1797,A61,A73,4,A93,A101,2,A122,32,A143,A152,1,A173,1,A191,A201,1
A14,33,A32,A40,7814,A62,A72,4,A93,A101,2,A123,39,A143,A152,1,A174,1,A192,A201,1
A11,12,A32,A40,684,A61,A74,4,A93,A101,2,A121,25,A143,A152,1,A173,1,A191,A201,2
A14,33,A32,A41,3804,A61,A73,2,A93,A101,2,A124,30,A143,A153,1,A174,1,A192,A201,1
A13,14,A32,A49,2116,A61,A74,2,A93,A101,4,A122,25,A143,A151,1,A173,1,A192,A201,1
A12,12,A33,A43,654,A61,A73,4,A93,A102,4,A124,20,A143,A151,1,A173,1,A191,A201,1
A14,21,A32,A40,1819,A62,A72,4,A93,A101,1,A122,47,A143,A152,1,A173,1,A191,A201,1
A11,4,A34,A40,458,A61,A74,4,A93,A101,3,A122,35,A143,A152,1,A173,1,A191,A202,1
A11,7,A34,A40,1203,A61,A72,2,A93,A101,4,A121,36,A143,A152,1,A172,2,A191,A202,1
A14,36,A34,A42,7127,A61,A73,2,A93,A101,4,A122,23,A143,A152,1,A173,1,A192,A201,2
A11,7,A32,A40,983,A62,A72,3,A93,A101,2,A122,38,A143,A152,1,A173,1,A192,A201,1
A14,7,A34,A43,571,A64,A75,4,A93,A101,4,A124,34,A143,A153,1,A173,1,A191,A201,1
A14,21,A34,A45,4020,A61,A73,3,A93,A101,4,A124,38,A143,A153,1,A173,1,A191,A201,1
A11,15,A32,A43,3190,A61,A73,2,A93,A101,2,A121,23,A143,A152,1,A173,1,A191,A201,2
A11,45,A30,A42,5801,A61,A73,3,A93,A101,4,A124,46,A143,A151,1,A173,2,A191,A201,2
A14,24,A32,A41,3394,A62,A74,3,A93,A101,4,A123,23,A143,A152,1,A173,1,A191,A201,1
A12,15,A32,A43,1098,A61,A73,4,A92,A103,4,A121,26,A143,A152,1,A172,2,A192,A201,1
A12,22,A32,A49,7297,A61,A72,2,A93,A101,3,A123,28,A143,A152,1,A173,1,A191,A201,1
A14,15,A34,A42,1520,A62,A73,4,A93,A101,3,A123,30,A143,A152,1,A173,1,A191,A201,1
A14,4,A34,A43,1283,A61,A74,2,A93,A101,1,A121,37,A143,A152,1,A172,2,A191,A201,1
A11,36,A32,A43,1603,A61,A73,4,A93,A101,4,A123,30,A143,A151,1,A173,1,A191,A201,2
A11,7,A32,A40,428,A61,A72,3,A93,A101,4,A121,37,A143,A152,1,A172,2,A192,A201,1
A12,33,A32,A42,1820,A61,A74,3,A93,A101,1,A123,30,A143,A152,1,A173,2,A191,A201,1
A12,15,A32,A40,2611,A62,A73,2,A93,A101,4,A123,28,A143,A151,1,A173,1,A192,A201,2
A14,12,A33,A41,1980,A61,A73,4,A94,A101,4,A122,45,A143,A151,1,A173,1,A191,A201,1
A14,24,A32,A46,1520,A62,A74,4,A93,A101,3,A122,29,A143,A152,1,A173,1,A192,A201,1
A14,21,A32,A43,2462,A65,A72,4,A93,A101,2,A123,23,A143,A152,1,A173,1,A191,A201,1
A13,24,A34,A46,1755,A61,A72,2,A93,A101,1,A123,33,A143,A151,1,A173,1,A191,A201,2
A11,4,A32,A40,1371,A65,A71,4,A93,A101,3,A121,64,A143,A152,1,A174,1,A192,A201,1
A12,15,A34,A42,3621,A61,A75,3,A93,A101,4,A122,35,A143,A152,1,A173,1,A192,A201,1
A11,45,A32,A40,6288,A61,A72,4,A93,A101,4,A121,37,A141,A151,1,A173,1,A191,A201,2
A13,15,A32,A42,3021,A61,A72,1,A93,A101,1,A123,41,A142,A152,1,A172,1,A191,A201,1
A12,12,A32,A43,2101,A61,A72,1,A93,A101,1,A121,25,A143,A151,1,A173,1,A191,A201,2
A12,21,A33,A40,1534,A61,A75,4,A93,A101,4,A124,51,A143,A152,1,A173,1,A192,A201,1
A11,27,A32,A42,4712,A61,A75,4,A93,A101,4,A122,30,A143,A152,1,A173,1,A191,A201,2
A13,15,A32,A42,2255,A61,A73,2,A93,A101,1,A121,32,A143,A152,1,A172,2,A191,A201,2
A14,12,A34,A40,1056,A61,A72,4,A93,A101,4,A121,51,A143,A152,1,A172,1,A191,A201,1
A11,21,A32,A40,1163,A61,A71,4,A93,A101,2,A121,38,A143,A153,1,A173,2,A191,A201,2
A14,24,A34,A40,2032,A61,A73,4,A93,A101,4,A123,35,A143,A152,1,A173,1,A192,A201,1
A14,21,A32,A43,1318,A61,A74,3,A93,A101,1,A123,30,A141,A152,1,A173,2,A191,A201,1
A11,12,A31,A43,660,A61,A73,4,A93,A101,4,A121,23,A141,A152,1,A172,1,A192,A201,2
A14,45,A34,A41,7814,A63,A74,2,A93,A101,1,A121,33,A143,A153,1,A173,1,A192,A201,1
A14,12,A34,A45,996,A65,A74,4,A93,A101,4,A121,23,A143,A152,1,A173,1,A191,A201,1
A14,7,A31,A43,1418,A63,A72,2,A93,A101,4,A122,39,A141,A152,1,A172,2,A191,A201,1
A11,45,A32,A43,8978,A61,A74,1,A93,A103,1,A121,39,A143,A152,1,A172,1,A192,A201,2
A12,12,A34,A40,1533,A62,A72,4,A93,A101,1,A123,25,A143,A152,1,A173,1,A191,A201,1
A12,8,A32,A46,1199,A61,A74,4,A93,A101,4,A122,62,A143,A152,1,A174,1,A192,A201,1
A12,12,A32,A43,1163,A61,A72,2,A93,A101,1,A123,21,A143,A152,1,A173,1,A191,A201,2
A12,15,A30,A40,2246,A62,A72,3,A93,A101,3,A123,28,A143,A152,1,A173,1,A191,A201,2
A14,21,A30,A40,4817,A65,A73,1,A92,A101,4,A122,28,A141,A152,1,A173,1,A192,A201,2
A11,21,A31,A42,2896,A61,A74,3,A93,A101,4,A123,25,A141,A152,1,A173,1,A191,A201,2
A12,15,A34,A42,1493,A61,A72,2,A93,A101,2,A121,30,A143,A152,1,A172,1,A191,A201,2
A11,21,A32,A46,2331,A65,A75,4,A93,A101,4,A121,43,A141,A153,1,A173,2,A192,A201,1
A11,21,A31,A43,1318,A61,A71,4,A93,A103,4,A123,23,A141,A151,1,A172,1,A191,A201,2
A13,4,A33,A43,672,A61,A72,2,A92,A101,1,A122,28,A141,A152,1,A173,1,A191,A201,1
A12,33,A32,A40,10297,A65,A73,1,A93,A101,4,A124,35,A143,A153,1,A173,1,A192,A201,2
A12,21,A33,A40,3812,A65,A73,4,A93,A101,2,A122,35,A141,A152,1,A174,1,A192,A201,1
A12,24,A33,A43,1554,A62,A74,3,A92,A101,2,A122,23,A143,A151,1,A173,1,A192,A201,1
A11,12,A32,A40,1204,A61,A74,2,A93,A101,3,A123,36,A143,A152,1,A173,1,A191,A201,2
A14,21,A34,A43,1977,A64,A73,2,A93,A101,2,A123,32,A143,A152,1,A173,1,A191,A201,1
A12,45,A32,A43,3386,A65,A74,4,A93,A101,1,A123,37,A143,A152,1,A173,2,A192,A201,1
A11,48,A33,A43,7057,A61,A73,3,A93,A101,2,A122,30,A143,A152,1,A173,1,A192,A201,2
A11,24,A32,A42,3195,A61,A72,4,A93,A101,4,A121,23,A143,A151,1,A172,1,A192,A201,2
A14,27,A34,A43,4526,A61,A74,3,A93,A102,2,A123,35,A143,A152,1,A173,1,A191,A201,1
A14,24,A32,A41,5371,A65,A74,2,A93,A101,4,A122,26,A143,A152,1,A174,1,A192,A201,1
A11,15,A32,A49,802,A61,A73,4,A93,A101,4,A121,21,A143,A152,1,A172,1,A191,A201,1
A12,8,A32,A43,884,A61,A72,4,A93,A101,4,A123,25,A143,A152,1,A172,1,A191,A201,1
A14,15,A34,A42,2764,A61,A74,2,A93,A102,3,A123,23,A141,A152,1,A173,1,A191,A201,1
A12,12,A32,A43,2910,A61,A74,2,A93,A101,1,A121,26,A143,A152,1,A173,1,A191,A201,1
A14,24,A34,A43,1893,A65,A73,3,A93,A101,2,A123,32,A143,A152,1,A173,1,A192,A201,1
A12,36,A34,A40,2181,A61,A72,4,A91,A101,4,A123,25,A143,A152,3,A173,1,A191,A201,2
A14,24,A32,A42,1201,A61,A72,4,A93,A101,3,A123,31,A143,A152,1,A173,1,A191,A201,1
A12,15,A34,A40,882,A61,A75,3,A93,A103,3,A121,28,A141,A152,1,A173,1,A191,A201,2
A12,12,A32,A40,2463,A61,A72,1,A93,A101,3,A121,43,A141,A152,1,A172,2,A191,A201,1
A14,8,A33,A42,1382,A61,A73,4,A92,A101,2,A121,26,A143,A151,1,A173,1,A191,A201,1
A12,33,A32,A45,1887,A61,A72,4,A93,A101,1,A124,32,A143,A151,1,A172,1,A191,A201,2
A14,12,A32,A40,2133,A65,A75,4,A92,A101,4,A124,46,A143,A153,1,A174,1,A192,A201,1
A11,15,A32,A49,2039,A61,A73,1,A92,A101,4,A121,20,A141,A152,1,A173,1,A191,A201,2
A11,8,A34,A40,2249,A61,A73,2,A93,A101,2,A121,34,A143,A151,1,A173,2,A191,A201,1
A11,12,A32,A42,1082,A61,A73,4,A93,A101,1,A122,20,A143,A152,1,A172,1,A191,A201,1
A11,18,A32,A44,1364,A61,A73,4,A93,A101,3,A121,53,A143,A152,1,A172,1,A192,A201,2
A11,12,A32,A42,1743,A61,A75,3,A93,A101,3,A122,51,A143,A152,1,A173,1,A191,A201,2
A11,12,A34,A43,362,A61,A74,4,A93,A101,3,A121,51,A143,A152,3,A172,1,A192,A201,1
A12,24,A33,A40,1961,A65,A73,4,A93,A101,4,A123,38,A143,A152,1,A173,1,A192,A201,1
A14,21,A32,A49,1555,A64,A75,4,A92,A101,4,A121,34,A141,A152,1,A172,1,A191,A201,1
A12,24,A32,A40,2759,A61,A73,3,A92,A101,4,A122,20,A143,A151,1,A172,1,A192,A201,2
A11,21,A32,A410,1203,A65,A75,4,A93,A101,3,A123,36,A143,A152,1,A174,1,A191,A201,2
A12,4,A31,A40,932,A62,A72,1,A93,A101,1,A122,32,A142,A152,1,A172,1,A191,A201,2
A11,24,A32,A40,1449,A61,A74,4,A93,A101,4,A123,23,A143,A151,1,A173,1,A191,A201,2
A12,21,A30,A49,3512,A61,A73,1,A93,A101,4,A121,34,A143,A152,3,A172,1,A192,A201,2
A14,15,A34,A40,2171,A61,A72,2,A93,A101,2,A122,30,A141,A152,1,A173,1,A191,A201,2
A14,21,A33,A49,3149,A61,A73,1,A93,A101,2,A124,30,A143,A153,1,A173,1,A191,A201,1
A12,7,A32,A43,2327,A61,A72,1,A92,A103,1,A121,41,A143,A152,1,A173,1,A191,A201,1
A12,8,A32,A42,894,A61,A73,4,A92,A101,1,A122,30,A143,A152,1,A173,1,A191,A201,2
A12,24,A31,A49,1837,A61,A74,4,A93,A101,4,A124,33,A141,A153,1,A172,1,A191,A201,2
A14,36,A32,A42,3378,A61,A73,4,A93,A101,2,A123,28,A143,A152,1,A174,1,A192,A201,2
A13,10,A32,A42,1274,A61,A72,4,A93,A101,2,A122,23,A143,A152,1,A173,1,A191,A201,1
A11,21,A31,A42,2251,A63,A73,4,A93,A101,4,A121,21,A142,A152,1,A173,1,A192,A201,1
A12,21,A32,A49,3651,A61,A73,3,A93,A101,2,A121,64,A143,A152,1,A173,1,A192,A201,1
A12,36,A32,A40,2613,A62,A73,4,A92,A102,4,A124,45,A143,A153,1,A173,1,A191,A201,2
A14,15,A32,A43,1534,A61,A72,4,A93,A101,1,A121,32,A143,A152,1,A173,1,A191,A201,1
A14,14,A32,A41,1155,A65,A75,4,A93,A101,4,A122,39,A141,A152,1,A173,2,A191,A201,1
A11,12,A32,A41,750,A62,A71,4,A93,A101,3,A122,21,A143,A152,1,A173,1,A191,A201,2
A13,10,A32,A40,1236,A62,A75,1,A93,A101,4,A124,43,A143,A153,1,A172,2,A191,A201,2
A11,21,A32,A43,3378,A64,A72,4,A93,A101,2,A123,28,A141,A152,1,A173,1,A191,A201,1
A11,24,A34,A41,3622,A61,A73,1,A92,A103,4,A123,21,A141,A151,1,A173,1,A191,A202,1
A14,15,A33,A41,1768,A61,A74,4,A92,A101,1,A121,21,A143,A152,1,A173,1,A191,A201,2
A12,45,A30,A49,10297,A65,A73,2,A93,A101,2,A123,43,A143,A152,1,A174,1,A192,A201,1
A12,48,A33,A43,7824,A65,A73,2,A93,A101,2,A124,25,A143,A151,1,A174,1,A191,A201,1
A11,7,A34,A40,3123,A61,A73,1,A93,A101,3,A121,35,A143,A151,3,A173,2,A191,A201,1
A12,27,A32,A42,3386,A62,A73,2,A93,A102,4,A123,21,A143,A152,1,A173,1,A191,A201,2
A14,12,A32,A40,426,A61,A73,4,A93,A101,2,A121,49,A143,A152,1,A172,1,A191,A201,1
A12,18,A34,A49,3059,A61,A74,2,A93,A101,3,A122,25,A143,A152,1,A173,1,A191,A201,1
A14,15,A34,A40,1313,A61,A73,3,A93,A101,2,A123,30,A143,A152,1,A173,1,A191,A201,2
A14,48,A32,A49,3609,A65,A73,4,A93,A101,2,A121,38,A141,A152,1,A173,1,A191,A201,2
A11,12,A32,A49,1842,A61,A72,4,A93,A101,1,A123,21,A143,A151,1,A173,1,A191,A201,1
A11,15,A32,A43,1979,A61,A73,4,A93,A101,4,A124,57,A143,A153,1,A173,1,A191,A201,2
A14,14,A32,A43,1532,A61,A72,4,A93,A101,2,A123,33,A143,A152,1,A173,1,A191,A201,1
A13,7,A32,A42,1577,A61,A73,2,A93,A101,2,A121,37,A143,A152,1,A173,1,A192,A201,1
A12,8,A31,A40,1238,A62,A74,2,A93,A101,3,A123,28,A143,A152,1,A173,1,A191,A201,2
A14,39,A34,A42,3394,A63,A73,4,A93,A101,4,A121,34,A143,A152,1,A173,1,A192,A201,1
A14,8,A32,A46,3148,A65,A72,1,A93,A101,4,A121,57,A143,A152,1,A172,1,A191,A201,1
A11,24,A32,A43,3749,A61,A73,2,A93,A101,4,A123,28,A143,A152,1,A173,1,A191,A201,1
A11,15,A31,A42,1322,A61,A73,4,A93,A101,3,A123,38,A141,A152,1,A173,1,A191,A201,2
A12,14,A32,A43,1238,A65,A72,4,A93,A101,1,A122,21,A143,A152,1,A173,1,A191,A201,1
A14,8,A32,A42,1963,A61,A72,2,A93,A102,2,A123,20,A143,A151,1,A173,1,A191,A201,2
A12,24,A32,A40,1364,A61,A72,3,A93,A101,4,A123,25,A143,A152,1,A172,1,A192,A201,2
A14,12,A32,A46,1207,A61,A73,4,A93,A101,4,A122,41,A141,A152,3,A173,2,A192,A201,1
A14,24,A32,A43,1371,A63,A74,4,A93,A101,1,A123,28,A143,A152,1,A173,1,A191,A201,1
A14,48,A33,A43,12749,A61,A74,2,A93,A101,4,A123,20,A143,A152,1,A173,1,A192,A201,1
A14,12,A32,A43,1459,A61,A73,4,A92,A101,3,A123,33,A143,A152,1,A173,2,A191,A201,1
A11,39,A32,A43,3527,A61,A74,3,A93,A101,2,A122,25,A141,A152,1,A173,2,A192,A201,2
A11,15,A32,A46,750,A61,A71,4,A93,A101,1,A121,26,A143,A152,1,A171,1,A191,A201,2
A12,14,A32,A45,1155,A61,A72,4,A93,A101,4,A123,35,A143,A152,1,A172,1,A191,A201,1
A14,14,A32,A43,3652,A62,A73,3,A93,A101,2,A122,36,A143,A152,1,A174,1,A192,A201,2
A14,24,A34,A43,2570,A61,A74,4,A93,A101,2,A123,37,A143,A152,1,A173,1,A192,A201,1
A11,18,A34,A42,2576,A61,A74,4,A93,A101,1,A122,36,A143,A152,1,A174,1,A192,A201,1
A14,33,A33,A41,7297,A65,A72,4,A93,A101,4,A123,25,A143,A151,1,A173,1,A192,A201,2
A14,33,A32,A42,4280,A61,A73,2,A93,A103,2,A121,32,A143,A152,3,A173,1,A191,A201,1
A14,12,A32,A40,1382,A63,A73,2,A93,A101,2,A122,26,A143,A152,1,A173,1,A191,A201,2
A13,21,A32,A40,781,A61,A73,4,A93,A101,3,A123,35,A141,A153,1,A173,2,A191,A201,2
A11,12,A32,A46,433,A61,A73,4,A93,A101,4,A123,36,A143,A151,1,A172,2,A191,A201,2
A11,45,A32,A46,6229,A61,A74,4,A93,A101,1,A124,44,A143,A151,1,A173,1,A192,A201,1
A12,12,A32,A42,1493,A61,A73,4,A93,A101,2,A122,35,A143,A152,1,A172,1,A191,A201,2
A11,21,A32,A40,1823,A61,A72,4,A93,A101,1,A121,39,A143,A152,1,A173,1,A191,A201,2
A12,33,A33,A40,7308,A62,A72,2,A93,A101,4,A123,37,A143,A152,3,A172,1,A192,A201,2
A14,21,A34,A41,1884,A61,A74,4,A93,A101,3,A123,33,A143,A152,1,A173,1,A192,A201,1
A11,14,A32,A40,3386,A61,A71,1,A93,A101,4,A124,21,A143,A153,1,A173,1,A191,A201,1
A12,12,A32,A40,763,A61,A75,4,A93,A101,4,A123,37,A141,A152,1,A172,2,A191,A201,2
A14,45,A32,A43,8471,A65,A74,4,A93,A101,3,A123,35,A143,A152,1,A173,1,A192,A201,1
A12,27,A30,A49,4221,A61,A73,2,A93,A101,1,A123,28,A143,A152,1,A173,1,A191,A201,1
A12,15,A34,A42,4712,A61,A75,2,A93,A101,1,A124,37,A143,A152,1,A173,1,A192,A201,1
A13,12,A32,A43,1471,A61,A73,3,A94,A101,4,A121,25,A143,A151,1,A173,1,A191,A201,1
A11,12,A32,A40,1101,A65,A73,4,A93,A101,2,A123,25,A143,A152,1,A173,1,A191,A201,2
A14,18,A32,A42,1743,A61,A72,4,A93,A101,2,A121,44,A143,A152,1,A173,1,A191,A201,1
A12,7,A32,A42,882,A61,A71,4,A93,A101,1,A122,33,A143,A152,1,A174,1,A192,A201,1
A13,4,A34,A43,1007,A61,A73,2,A93,A101,4,A122,45,A143,A152,1,A172,1,A191,A201,1
A14,21,A34,A410,4712,A61,A71,4,A93,A102,2,A124,25,A141,A152,1,A174,1,A192,A201,1
A12,27,A31,A42,2892,A64,A73,4,A93,A101,2,A123,32,A142,A152,1,A173,2,A192,A201,1
A14,48,A32,A49,3621,A61,A73,1,A92,A101,1,A121,26,A142,A152,1,A173,1,A191,A201,1
A11,12,A34,A40,3835,A61,A75,3,A93,A102,4,A122,38,A143,A151,1,A173,1,A192,A201,2
A13,27,A34,A43,2337,A61,A75,4,A93,A101,4,A122,41,A143,A152,1,A173,1,A191,A201,1
A14,21,A32,A49,3509,A62,A73,3,A93,A101,3,A122,25,A143,A152,1,A172,1,A192,A201,1
A14,33,A32,A49,4042,A62,A74,2,A93,A101,2,A123,30,A143,A152,1,A173,1,A192,A201,1
A14,48,A32,A40,8471,A61,A73,2,A93,A101,4,A122,37,A143,A152,1,A174,1,A192,A201,1
A14,4,A34,A40,3021,A64,A73,1,A93,A101,2,A123,26,A143,A152,1,A173,1,A191,A201,1
A14,18,A33,A49,1977,A63,A72,4,A93,A101,2,A121,37,A141,A152,1,A172,2,A191,A201,2
A14,27,A34,A43,4455,A61,A74,4,A93,A101,4,A123,26,A143,A152,1,A174,1,A192,A201,1
A14,21,A34,A42,3915,A61,A73,4,A93,A101,4,A123,32,A143,A152,1,A173,1,A192,A201,1
A12,54,A32,A43,7253,A62,A73,2,A93,A101,2,A123,26,A143,A152,1,A173,1,A191,A201,2
A11,21,A32,A43,1887,A61,A75,4,A93,A101,4,A121,57,A141,A151,1,A172,1,A191,A201,1
A14,15,A32,A43,1453,A61,A72,3,A92,A101,1,A121,26,A143,A152,1,A173,1,A191,A201,1
A14,4,A32,A40,1552,A61,A72,1,A93,A101,2,A124,49,A143,A152,1,A173,1,A191,A201,1
A14,12,A32,A43,1820,A65,A73,4,A93,A101,4,A124,35,A143,A151,1,A173,1,A192,A201,1
A14,15,A33,A40,1934,A61,A73,4,A93,A101,3,A121,37,A143,A152,1,A173,1,A191,A201,1
A14,24,A34,A43,6614,A61,A72,3,A93,A101,3,A124,53,A143,A153,3,A173,1,A192,A201,1
A12,33,A33,A49,8386,A62,A74,1,A93,A101,3,A122,30,A143,A152,1,A172,2,A192,A201,1
A12,48,A32,A40,5152,A65,A73,4,A93,A101,4,A124,32,A143,A153,1,A173,2,A192,A201,1
A13,10,A34,A43,1201,A61,A74,4,A93,A101,2,A122,25,A143,A152,1,A173,1,A192,A201,1
A12,33,A32,A40,2255,A62,A75,4,A93,A101,3,A121,28,A143,A152,1,A173,1,A191,A201,1
A14,8,A32,A43,2169,A62,A75,3,A93,A101,4,A123,33,A143,A152,1,A173,1,A192,A201,1
A11,12,A32,A40,3059,A64,A73,1,A93,A101,3,A122,30,A143,A152,1,A173,2,A191,A201,1
A11,15,A34,A42,654,A61,A73,2,A93,A101,3,A122,22,A143,A152,3,A173,1,A191,A201,1
A12,15,A32,A45,2611,A62,A73,3,A93,A101,2,A121,25,A143,A152,1,A172,1,A191,A201,1
A12,21,A32,A43,2273,A62,A72,2,A93,A101,1,A123,28,A143,A152,1,A173,1,A191,A201,1
A11,7,A34,A40,3812,A61,A72,1,A93,A101,3,A121,38,A143,A152,1,A172,2,A191,A201,1
A14,21,A32,A43,1820,A61,A74,4,A93,A101,2,A123,26,A143,A152,1,A173,1,A192,A201,1
A14,7,A32,A41,1007,A63,A73,2,A93,A101,4,A122,44,A143,A151,1,A173,1,A191,A201,1
A12,12,A32,A43,886,A61,A74,4,A93,A103,3,A121,28,A143,A152,1,A173,1,A191,A202,1
A14,12,A34,A40,931,A61,A71,1,A92,A101,2,A122,36,A143,A152,1,A172,1,A191,A201,1
A14,15,A34,A43,1422,A61,A73,4,A93,A101,2,A123,23,A143,A152,1,A173,1,A191,A201,1
A13,14,A32,A46,1469,A61,A75,4,A93,A101,4,A123,36,A143,A151,1,A174,1,A192,A201,1
A14,12,A32,A42,1098,A63,A73,4,A93,A101,4,A123,28,A143,A152,1,A172,1,A191,A201,2
A11,45,A34,A41,4712,A61,A75,4,A93,A101,4,A124,41,A143,A153,1,A173,1,A192,A201,2
A13,24,A32,A43,1382,A62,A75,4,A93,A101,2,A124,43,A143,A153,1,A173,1,A192,A201,1
A12,27,A33,A49,1938,A62,A75,4,A93,A101,2,A122,37,A143,A152,1,A173,1,A191,A201,1
A12,27,A33,A49,2462,A61,A72,4,A92,A101,1,A121,32,A143,A152,1,A173,2,A192,A201,1
A14,15,A32,A40,5324,A63,A75,1,A93,A101,4,A124,33,A143,A153,1,A173,1,A191,A201,1
A12,45,A32,A40,5152,A62,A74,3,A93,A101,2,A122,23,A143,A152,1,A173,1,A191,A201,2
A12,12,A30,A42,2910,A61,A72,4,A93,A101,3,A122,25,A143,A152,1,A173,1,A191,A201,2
A12,8,A32,A43,1200,A65,A75,4,A93,A101,4,A121,25,A143,A152,1,A173,1,A191,A201,1
A12,8,A32,A43,1577,A61,A73,2,A93,A101,2,A121,35,A143,A152,1,A172,2,A191,A201,1
A14,15,A34,A43,409,A63,A75,4,A93,A101,3,A124,30,A143,A152,1,A174,1,A192,A201,1
A11,4,A32,A49,1199,A61,A75,4,A93,A101,4,A124,33,A143,A153,1,A173,1,A191,A201,2
A12,18,A32,A40,1936,A65,A73,4,A93,A101,4,A121,41,A143,A152,1,A173,1,A192,A201,1
A11,8,A34,A43,930,A61,A73,4,A93,A101,4,A121,23,A143,A152,1,A172,1,A191,A201,1
A12,48,A32,A40,12612,A61,A73,4,A93,A101,2,A124,25,A143,A152,1,A174,1,A192,A201,2
A14,27,A34,A42,6260,A61,A72,1,A93,A101,4,A123,53,A143,A152,1,A173,1,A191,A201,1
A14,27,A34,A43,2462,A65,A73,3,A93,A101,2,A123,36,A143,A152,1,A173,2,A191,A201,1
A14,15,A32,A43,1285,A61,A73,4,A93,A101,2,A124,30,A143,A152,1,A174,1,A192,A201,1
A13,21,A34,A43,2463,A65,A73,3,A93,A101,2,A123,30,A143,A152,1,A173,1,A192,A201,1
A12,18,A30,A41,7678,A62,A75,3,A94,A101,4,A123,35,A141,A152,1,A173,1,A192,A201,1
A13,8,A30,A43,1164,A61,A72,4,A93,A101,2,A123,32,A143,A151,1,A174,1,A192,A201,2
A12,4,A31,A42,448,A63,A72,4,A93,A101,2,A122,23,A141,A152,1,A173,2,A191,A201,2
A11,12,A32,A40,1231,A61,A73,4,A92,A101,2,A121,23,A143,A152,1,A172,1,A191,A201,2
A12,8,A32,A43,797,A63,A73,4,A93,A101,3,A121,62,A143,A152,1,A172,1,A191,A201,1
A14,27,A32,A40,2462,A61,A73,3,A93,A101,3,A121,21,A143,A152,1,A173,1,A191,A201,2
A14,4,A34,A40,343,A64,A73,2,A93,A101,2,A121,38,A141,A152,1,A172,1,A191,A201,1
A14,15,A34,A43,1546,A63,A73,2,A93,A101,2,A122,53,A143,A152,1,A172,1,A191,A201,1
A11,15,A32,A43,1882,A61,A73,4,A92,A101,4,A123,25,A141,A151,1,A173,1,A191,A201,2
A12,48,A31,A49,6110,A61,A75,4,A93,A101,3,A124,51,A143,A151,1,A173,1,A191,A201,2
A13,27,A34,A49,1037,A61,A73,2,A91,A101,4,A121,36,A143,A152,3,A173,1,A192,A201,1
A12,21,A33,A43,4716,A61,A72,1,A93,A101,2,A123,32,A143,A152,1,A173,1,A191,A201,1
A11,21,A32,A43,1532,A61,A73,2,A93,A101,4,A121,20,A143,A151,1,A172,2,A191,A201,2
A12,8,A32,A43,753,A61,A74,4,A93,A103,2,A121,39,A143,A152,1,A172,1,A191,A201,1
A14,24,A32,A41,2606,A63,A73,2,A92,A101,4,A123,28,A143,A152,1,A173,1,A192,A201,1
A14,4,A34,A40,3380,A61,A74,1,A93,A101,1,A121,35,A143,A152,1,A173,2,A191,A201,1
A12,36,A31,A43,4165,A65,A73,3,A93,A101,2,A124,28,A141,A152,1,A173,1,A191,A201,1
A12,24,A32,A41,12204,A61,A73,1,A93,A101,4,A123,23,A143,A152,1,A174,1,A191,A201,2
A11,15,A32,A40,3527,A62,A73,3,A93,A101,4,A123,33,A143,A152,1,A172,2,A192,A201,1
A14,7,A34,A40,5179,A61,A74,1,A93,A101,3,A121,39,A143,A152,1,A173,2,A192,A201,1
A12,27,A30,A49,4241,A62,A73,4,A93,A101,4,A123,26,A143,A152,1,A172,1,A191,A201,2
A11,21,A31,A40,1829,A62,A74,2,A93,A101,3,A123,30,A141,A152,1,A173,1,A191,A201,1
A12,10,A34,A43,874,A61,A73,4,A93,A101,4,A121,21,A141,A152,1,A172,1,A191,A201,1
A14,18,A32,A43,2580,A65,A73,4,A93,A101,3,A122,37,A143,A152,1,A173,1,A192,A201,1
A11,21,A31,A42,1938,A63,A73,4,A93,A101,4,A121,21,A143,A152,1,A173,1,A192,A201,1
A11,33,A34,A42,12612,A64,A74,4,A93,A101,4,A122,28,A143,A152,1,A174,1,A192,A201,1
A11,12,A34,A49,1422,A61,A72,3,A93,A101,1,A122,26,A141,A152,1,A172,1,A191,A201,1
A11,15,A32,A40,2445,A61,A71,1,A92,A101,4,A123,23,A143,A151,1,A173,1,A191,A201,1
A11,12,A32,A40,1274,A61,A72,3,A92,A101,1,A121,35,A143,A152,1,A172,1,A191,A201,2
A14,18,A32,A41,3931,A65,A73,1,A93,A101,3,A123,25,A143,A152,1,A173,1,A191,A201,1
A14,14,A32,A41,2337,A61,A74,2,A93,A101,2,A123,32,A143,A152,1,A173,1,A191,A201,1
A11,4,A32,A42,448,A61,A75,2,A93,A101,1,A122,44,A141,A152,1,A173,1,A192,A201,1
A11,15,A32,A40,996,A61,A72,1,A93,A101,2,A123,23,A143,A152,1,A172,1,A191,A201,2
A12,12,A32,A49,802,A62,A74,2,A93,A101,4,A121,23,A143,A152,1,A172,1,A191,A201,1
A14,27,A34,A43,5381,A61,A74,4,A92,A101,2,A123,25,A143,A152,1,A173,1,A191,A201,1
A14,12,A33,A45,1322,A64,A73,4,A93,A101,4,A124,47,A143,A152,1,A173,2,A191,A201,2
A11,24,A32,A40,1289,A61,A74,4,A92,A101,4,A124,32,A143,A152,1,A173,1,A191,A201,2
A13,7,A34,A40,1155,A61,A73,1,A93,A101,1,A121,64,A143,A152,3,A171,2,A191,A201,1
A13,14,A32,A43,1068,A65,A73,3,A93,A101,4,A124,36,A143,A153,1,A173,1,A192,A201,2
A14,21,A32,A40,1207,A61,A73,2,A93,A103,2,A121,30,A143,A152,1,A173,1,A192,A201,1
A11,12,A34,A40,571,A61,A75,4,A93,A101,3,A122,33,A143,A152,1,A173,1,A191,A201,2
A14,15,A34,A40,4817,A65,A75,1,A92,A101,4,A122,51,A143,A152,1,A173,1,A192,A201,1
A11,15,A34,A40,2133,A61,A73,4,A92,A101,4,A121,23,A143,A152,1,A173,1,A191,A201,2
A11,12,A32,A43,1736,A61,A73,4,A93,A101,3,A122,23,A143,A152,1,A172,1,A191,A201,1
A14,18,A34,A43,10366,A65,A75,4,A93,A101,4,A124,28,A143,A152,1,A174,1,A192,A201,2
A14,24,A34,A40,3566,A62,A74,4,A93,A101,3,A122,31,A143,A152,1,A173,1,A192,A201,1
A12,12,A32,A43,1330,A61,A75,3,A94,A103,3,A121,44,A141,A152,1,A172,1,A191,A201,1
A11,33,A32,A42,2579,A61,A72,2,A93,A101,4,A122,30,A143,A152,1,A172,1,A191,A201,2
A14,10,A32,A41,2901,A65,A72,1,A93,A101,4,A121,30,A143,A151,1,A173,1,A192,A201,1
A12,12,A34,A42,3051,A61,A73,1,A93,A101,4,A123,26,A143,A151,3,A173,1,A192,A201,1
A14,12,A34,A43,1347,A61,A75,2,A93,A101,4,A121,53,A143,A152,1,A172,1,A192,A201,1
A11,24,A32,A41,2892,A61,A75,2,A92,A101,4,A121,26,A143,A151,1,A173,1,A191,A201,1
A11,36,A34,A46,8086,A61,A73,3,A93,A101,2,A123,25,A143,A152,1,A174,1,A192,A201,2
A14,18,A32,A41,2606,A61,A73,1,A93,A101,4,A123,34,A143,A152,1,A174,1,A192,A201,1
A14,21,A34,A43,1740,A62,A75,4,A93,A101,4,A122,46,A141,A152,1,A173,1,A191,A201,1
A13,12,A32,A40,1282,A63,A71,2,A93,A101,4,A124,61,A143,A153,3,A171,1,A191,A201,1
A11,24,A32,A40,1366,A61,A73,4,A92,A101,4,A121,25,A143,A152,1,A173,1,A191,A201,2
A14,33,A32,A40,2896,A61,A73,4,A93,A101,4,A123,35,A143,A152,1,A173,1,A192,A201,1
A11,15,A32,A43,3565,A61,A74,4,A92,A103,1,A121,25,A143,A152,1,A174,1,A191,A201,1
A14,33,A34,A43,4042,A64,A75,4,A93,A101,2,A123,35,A143,A152,1,A174,1,A192,A201,1
A12,15,A32,A45,3872,A61,A71,2,A93,A101,4,A123,62,A143,A152,1,A173,1,A192,A201,1
A12,33,A32,A43,3913,A61,A74,2,A93,A101,2,A121,23,A143,A152,1,A173,1,A191,A201,2
A14,21,A34,A40,1494,A64,A75,4,A93,A101,4,A121,51,A143,A152,1,A173,1,A191,A201,1
A12,12,A30,A48,1236,A61,A73,2,A93,A101,2,A121,30,A143,A152,1,A172,1,A192,A201,1
A12,12,A32,A40,802,A62,A72,4,A93,A101,2,A122,23,A141,A152,1,A172,1,A192,A201,2
A12,21,A32,A41,5150,A65,A71,1,A93,A101,4,A121,60,A143,A152,1,A173,1,A192,A201,1
A12,15,A32,A49,1495,A64,A73,4,A93,A101,2,A122,33,A143,A152,1,A172,1,A192,A201,1
A14,20,A32,A43,2108,A63,A72,3,A93,A101,4,A123,36,A143,A152,1,A173,1,A191,A201,1
A14,45,A34,A43,2169,A65,A75,4,A93,A101,3,A123,35,A143,A152,1,A173,2,A192,A201,1
A12,45,A33,A41,4679,A61,A75,4,A93,A101,4,A124,44,A143,A153,1,A173,1,A191,A201,2
A11,36,A34,A46,4526,A61,A73,4,A93,A101,3,A124,25,A141,A152,1,A173,1,A192,A201,2
A12,21,A32,A49,1158,A61,A75,2,A93,A101,4,A122,37,A143,A152,1,A173,2,A191,A201,2
A14,21,A32,A41,4712,A65,A72,3,A93,A101,4,A123,37,A143,A152,1,A174,2,A192,A201,1
A14,4,A34,A42,1364,A65,A73,1,A93,A101,2,A122,31,A143,A152,1,A173,1,A191,A201,1
A13,27,A32,A49,2273,A61,A75,3,A93,A101,4,A124,51,A143,A153,1,A173,1,A191,A201,1
A14,21,A32,A42,2445,A63,A75,4,A93,A101,3,A124,30,A143,A151,1,A173,1,A192,A201,1
A14,8,A32,A42,2325,A62,A72,2,A93,A101,4,A122,21,A143,A152,1,A173,1,A191,A201,1
A11,15,A32,A41,6260,A65,A72,1,A93,A101,4,A122,45,A143,A153,1,A173,2,A192,A201,2
A14,12,A34,A42,1271,A61,A72,2,A93,A101,4,A124,21,A143,A152,1,A172,1,A191,A201,1
A14,24,A33,A40,937,A65,A75,4,A94,A101,4,A123,60,A143,A152,1,A173,1,A192,A201,1
A12,8,A32,A40,1318,A65,A72,4,A93,A101,2,A121,33,A143,A152,1,A171,1,A191,A201,1
A14,21,A32,A43,1346,A61,A75,4,A93,A101,4,A124,47,A143,A151,1,A173,2,A191,A201,1
A12,15,A34,A43,1766,A61,A75,3,A93,A103,4,A121,43,A141,A152,1,A172,1,A192,A201,1
A11,18,A34,A49,4241,A61,A75,1,A93,A101,4,A122,23,A143,A152,1,A173,1,A191,A201,1
A14,12,A34,A43,790,A65,A75,4,A93,A101,4,A123,33,A143,A152,1,A173,1,A191,A201,1
A12,12,A32,A40,7629,A65,A71,1,A93,A101,2,A121,23,A143,A151,1,A171,1,A191,A201,1
A11,33,A32,A40,7824,A61,A74,2,A93,A101,1,A123,23,A143,A152,1,A173,1,A192,A201,2
A11,4,A32,A40,717,A65,A72,3,A93,A101,3,A124,29,A143,A152,1,A172,1,A191,A202,1
A14,12,A34,A43,776,A65,A75,4,A93,A101,4,A121,57,A143,A152,3,A173,1,A191,A201,1
A12,39,A31,A41,7855,A61,A71,1,A93,A101,2,A124,47,A141,A152,1,A173,1,A192,A201,1
A12,15,A30,A40,1766,A61,A72,2,A93,A101,1,A121,26,A143,A151,1,A171,1,A191,A201,2
A11,7,A32,A49,1154,A61,A72,3,A93,A101,2,A121,29,A143,A152,1,A173,1,A192,A201,1
A12,4,A32,A40,652,A61,A74,3,A93,A103,3,A121,32,A141,A152,1,A172,1,A191,A201,1
A11,33,A34,A41,8386,A61,A74,4,A93,A101,4,A123,23,A143,A152,1,A173,1,A192,A201,2
A11,45,A32,A44,2346,A61,A73,3,A93,A101,4,A123,47,A143,A152,1,A173,1,A191,A201,2
A11,45,A32,A40,3161,A61,A74,4,A93,A101,4,A124,41,A143,A153,1,A173,2,A191,A201,2
A12,36,A33,A40,7228,A61,A73,2,A92,A101,2,A122,48,A143,A151,1,A173,1,A191,A201,1
A14,4,A32,A43,1164,A63,A73,1,A93,A101,4,A121,62,A143,A152,1,A173,1,A191,A201,1
A14,4,A34,A43,1554,A61,A74,1,A93,A101,2,A123,23,A143,A151,1,A173,1,A192,A201,1
A11,36,A32,A43,12749,A61,A71,2,A93,A102,3,A123,43,A143,A152,1,A174,1,A191,A201,1
A11,18,A32,A43,1552,A61,A75,4,A93,A101,3,A121,29,A141,A152,1,A173,1,A191,A201,2
A14,12,A32,A40,1318,A61,A73,3,A94,A101,2,A121,31,A143,A152,1,A173,1,A192,A201,1
A13,12,A32,A49,3966,A61,A73,3,A93,A101,1,A123,26,A143,A152,1,A173,1,A191,A201,1
A11,33,A32,A42,2149,A61,A72,2,A93,A101,2,A122,37,A141,A152,1,A173,2,A191,A201,2
A11,8,A34,A40,683,A61,A72,4,A93,A101,4,A121,41,A143,A152,1,A172,1,A191,A201,1
A14,18,A34,A49,3148,A61,A72,3,A93,A103,2,A123,35,A143,A152,3,A174,1,A192,A201,1
A11,21,A34,A40,2212,A61,A75,4,A94,A101,3,A123,34,A143,A152,1,A173,1,A192,A201,1
A11,15,A34,A40,3905,A61,A75,1,A93,A101,4,A121,32,A141,A152,3,A173,1,A192,A201,2
A12,15,A30,A49,3509,A61,A73,2,A93,A101,2,A123,34,A142,A152,1,A173,2,A191,A201,2
A11,33,A32,A41,7374,A65,A75,3,A93,A101,4,A124,41,A143,A152,1,A173,1,A191,A201,2
A12,45,A33,A49,5179,A61,A73,4,A93,A101,4,A121,35,A143,A152,1,A173,2,A192,A201,1
A14,21,A33,A49,1887,A63,A73,4,A93,A101,2,A123,38,A143,A152,1,A173,2,A192,A201,1
A11,15,A32,A40,1228,A61,A72,4,A93,A101,3,A123,23,A143,A151,1,A173,1,A192,A201,2
A11,45,A30,A49,10222,A61,A75,2,A93,A101,4,A123,28,A143,A151,1,A173,1,A191,A201,2
A12,24,A32,A43,4843,A65,A75,2,A93,A101,4,A123,38,A143,A152,1,A173,1,A192,A201,1
A13,15,A32,A43,2327,A61,A72,2,A92,A101,3,A121,25,A143,A152,1,A173,1,A191,A201,2
A11,12,A30,A40,884,A61,A73,4,A93,A101,4,A123,43,A141,A152,1,A173,1,A191,A201,2
A14,12,A32,A43,886,A65,A73,4,A92,A101,2,A123,21,A143,A152,1,A173,1,A191,A201,1
A14,4,A32,A42,458,A61,A72,1,A93,A101,3,A121,23,A143,A152,1,A172,2,A191,A201,1
A11,21,A34,A41,2331,A61,A72,4,A93,A101,4,A122,53,A143,A152,1,A173,1,A192,A201,1
A14,24,A34,A43,3590,A61,A75,4,A93,A102,3,A121,50,A143,A152,1,A173,1,A191,A201,1
A11,33,A32,A42,3915,A61,A74,4,A93,A101,2,A122,28,A143,A152,1,A173,1,A191,A201,2
A14,18,A33,A43,2333,A61,A73,3,A93,A101,2,A121,26,A142,A152,1,A172,1,A191,A201,1
A14,15,A32,A45,1957,A61,A72,4,A93,A101,4,A121,23,A143,A152,1,A173,1,A191,A201,2
A14,21,A31,A49,1322,A61,A74,4,A93,A101,4,A123,44,A141,A152,1,A173,1,A192,A201,1
A14,15,A32,A42,2746,A61,A75,4,A93,A101,4,A122,41,A141,A152,3,A173,2,A192,A201,1
A12,18,A32,A42,3386,A61,A75,2,A93,A101,3,A123,33,A143,A152,1,A173,1,A192,A201,1
A14,15,A32,A40,5179,A64,A73,2,A93,A101,4,A123,62,A143,A151,1,A173,1,A191,A201,2
A14,24,A32,A40,1403,A61,A72,4,A93,A101,2,A121,32,A143,A152,1,A173,1,A191,A201,1
A11,8,A32,A43,1203,A61,A74,3,A93,A101,4,A121,49,A143,A152,1,A173,1,A191,A201,1
A11,12,A32,A43,585,A61,A75,4,A93,A101,4,A121,48,A143,A152,1,A172,1,A191,A201,2
A11,18,A34,A40,3349,A61,A73,4,A93,A103,2,A122,37,A141,A151,1,A173,1,A191,A201,2
A14,21,A32,A41,3394,A65,A75,3,A93,A101,4,A123,38,A143,A152,1,A173,1,A192,A201,1
A14,14,A34,A43,1278,A61,A73,4,A93,A101,4,A121,33,A143,A153,1,A173,1,A192,A201,1
A11,15,A31,A40,1238,A61,A74,4,A93,A101,4,A121,30,A143,A153,1,A172,2,A191,A201,2
A14,33,A32,A40,8487,A61,A75,2,A93,A101,2,A123,39,A143,A152,1,A173,2,A192,A201,1
A14,24,A32,A40,1887,A62,A72,4,A94,A101,3,A121,37,A143,A152,1,A173,1,A192,A201,1
A14,10,A33,A48,886,A65,A74,4,A93,A101,3,A122,37,A143,A152,1,A173,1,A192,A201,1
A14,14,A34,A42,2606,A61,A73,4,A93,A101,2,A124,26,A143,A152,1,A173,1,A192,A201,1
A11,15,A32,A40,3905,A61,A73,3,A93,A101,2,A122,28,A143,A152,1,A173,1,A192,A201,2
A14,8,A32,A40,3031,A62,A73,1,A93,A103,2,A121,25,A143,A151,1,A173,2,A191,A201,1
A14,21,A34,A41,4057,A64,A73,4,A93,A101,2,A121,25,A143,A152,1,A173,1,A191,A201,1
A14,18,A33,A49,3195,A61,A73,4,A93,A101,2,A123,32,A143,A152,1,A173,1,A192,A201,2
A14,24,A32,A43,2439,A61,A74,4,A93,A101,4,A121,33,A143,A152,1,A173,1,A192,A201,2
A14,24,A34,A42,3651,A64,A72,4,A93,A101,2,A121,30,A142,A152,1,A172,2,A192,A201,1
A14,10,A32,A42,1736,A61,A73,2,A93,A101,2,A121,23,A141,A151,1,A172,1,A191,A201,2
A14,15,A32,A42,2235,A63,A73,2,A93,A101,4,A123,20,A143,A151,1,A173,1,A191,A201,1
A11,15,A32,A43,2333,A61,A72,4,A93,A101,1,A123,26,A142,A152,1,A174,1,A191,A201,1
A14,12,A32,A42,2606,A61,A72,2,A93,A101,4,A122,37,A142,A152,1,A173,1,A191,A201,1
A14,33,A32,A49,6229,A65,A75,3,A93,A101,2,A122,35,A143,A152,1,A173,1,A191,A201,1
A11,12,A32,A42,662,A61,A75,4,A93,A101,4,A122,23,A143,A151,1,A173,1,A191,A201,1
A14,36,A33,A42,7678,A63,A74,2,A93,A101,4,A123,37,A143,A152,1,A173,1,A192,A201,1
A13,7,A34,A40,1164,A61,A72,1,A93,A101,4,A121,41,A143,A152,1,A173,2,A191,A202,1
A11,21,A34,A49,1206,A62,A74,4,A93,A101,1,A121,25,A143,A152,1,A173,1,A192,A201,1
A14,15,A32,A44,884,A65,A72,4,A93,A101,1,A121,23,A143,A152,1,A173,1,A191,A201,1
A11,12,A32,A42,3049,A61,A73,2,A93,A102,2,A122,28,A143,A152,1,A172,2,A191,A201,1
A12,12,A34,A40,1297,A64,A73,4,A92,A101,4,A123,37,A143,A152,1,A173,1,A191,A201,1
A11,15,A31,A43,1494,A61,A72,3,A93,A102,4,A124,34,A141,A153,1,A174,1,A192,A201,1
A14,33,A32,A43,3049,A61,A72,4,A93,A101,2,A123,26,A143,A152,1,A173,1,A191,A201,1
A11,8,A32,A40,1237,A61,A72,3,A93,A101,2,A124,25,A143,A151,1,A174,1,A192,A201,2
A14,27,A34,A43,5179,A65,A74,2,A93,A101,3,A122,34,A143,A152,1,A173,1,A191,A201,1
A14,21,A32,A40,7253,A61,A74,3,A93,A101,3,A123,35,A143,A152,1,A174,1,A192,A201,1
A14,27,A32,A41,7855,A65,A73,2,A91,A101,4,A124,47,A143,A153,1,A173,1,A192,A201,1
A12,27,A34,A40,1721,A61,A72,4,A93,A101,4,A121,34,A143,A152,1,A173,1,A191,A201,1
A14,15,A34,A43,1092,A61,A71,4,A92,A101,4,A123,61,A143,A152,1,A171,1,A192,A201,1
A12,27,A32,A49,3711,A61,A74,3,A93,A101,3,A123,43,A143,A152,1,A173,1,A191,A201,2
A11,12,A32,A41,797,A61,A72,4,A93,A101,4,A122,47,A143,A152,1,A173,1,A191,A201,2
A12,21,A34,A49,2251,A65,A74,4,A93,A101,3,A124,32,A143,A152,1,A173,2,A192,A201,1
A12,45,A32,A49,12749,A61,A73,2,A93,A101,2,A123,21,A143,A152,1,A173,1,A192,A201,2
A14,33,A34,A40,5152,A61,A75,4,A93,A101,4,A123,32,A143,A152,1,A174,1,A192,A201,1
A14,26,A31,A41,7253,A65,A72,3,A93,A103,4,A121,36,A141,A151,1,A173,2,A192,A201,1
A11,24,A34,A49,1935,A61,A75,4,A93,A101,4,A123,38,A142,A152,3,A174,2,A191,A201,1
A14,14,A34,A43,1433,A61,A72,4,A93,A101,4,A123,41,A143,A152,1,A173,1,A192,A201,1
A11,12,A34,A40,1591,A61,A73,4,A93,A101,4,A122,35,A141,A152,1,A172,1,A191,A201,1
A12,33,A34,A49,4057,A61,A73,3,A93,A101,4,A123,32,A143,A152,1,A173,1,A192,A201,1
A14,15,A34,A43,932,A61,A73,4,A93,A101,3,A122,28,A143,A152,1,A173,1,A192,A201,1
A14,33,A33,A41,7814,A65,A74,3,A93,A101,2,A123,30,A142,A152,1,A174,2,A192,A201,1
A11,21,A32,A43,2606,A61,A72,4,A93,A101,4,A122,28,A143,A151,1,A174,1,A192,A201,1
A14,12,A34,A42,1602,A63,A74,3,A92,A101,2,A122,33,A143,A152,1,A173,1,A191,A202,1
A14,15,A32,A40,2225,A65,A74,1,A92,A101,4,A121,32,A141,A151,1,A172,1,A191,A201,1
A11,15,A32,A42,3509,A61,A73,2,A93,A102,3,A123,37,A143,A152,1,A173,1,A191,A201,2
A11,15,A34,A40,2101,A61,A72,2,A93,A103,4,A123,38,A141,A151,1,A173,1,A192,A201,2
A14,21,A34,A40,3017,A65,A72,2,A93,A101,4,A121,44,A143,A152,3,A173,1,A192,A201,1
A14,33,A32,A41,8471,A65,A75,2,A93,A101,4,A124,37,A143,A153,1,A173,1,A191,A201,1
A14,15,A32,A43,1595,A65,A73,4,A93,A101,2,A121,44,A143,A152,1,A173,1,A192,A201,1
A14,21,A32,A43,1068,A61,A75,4,A93,A101,1,A121,34,A143,A152,1,A174,1,A192,A201,1
A11,12,A32,A43,886,A61,A73,2,A93,A101,2,A121,20,A143,A151,1,A174,2,A192,A201,1
A11,18,A32,A40,3124,A62,A74,2,A93,A102,2,A121,23,A143,A152,1,A172,1,A191,A202,1
A12,33,A32,A46,4811,A65,A71,2,A93,A101,2,A123,31,A143,A152,1,A173,1,A191,A201,1
A14,15,A33,A41,3573,A61,A72,1,A93,A101,2,A122,41,A143,A152,1,A172,1,A191,A201,1
A12,8,A32,A40,3190,A65,A73,1,A92,A101,2,A121,32,A143,A152,1,A172,1,A191,A201,1
A14,36,A33,A43,4454,A61,A73,4,A93,A101,4,A121,33,A143,A152,1,A173,1,A191,A201,1
A12,24,A34,A42,4796,A61,A72,2,A93,A101,4,A123,25,A141,A152,1,A172,1,A192,A201,2
A12,27,A32,A43,3016,A61,A75,2,A92,A101,4,A123,25,A143,A152,1,A173,1,A191,A201,1
A14,10,A32,A49,1520,A64,A75,1,A93,A101,2,A123,26,A143,A152,1,A173,1,A192,A201,1
A11,21,A31,A49,2600,A61,A73,4,A93,A101,2,A122,30,A143,A151,1,A173,1,A192,A201,2
A12,48,A30,A410,12749,A61,A73,1,A93,A101,2,A122,32,A141,A152,1,A174,1,A192,A201,2
A14,10,A32,A43,2255,A62,A73,1,A93,A101,2,A121,30,A143,A152,1,A173,2,A191,A201,1
A11,7,A32,A40,12680,A61,A75,1,A93,A101,4,A124,62,A141,A152,1,A174,1,A192,A201,2
A11,27,A32,A42,1884,A61,A74,1,A93,A101,1,A122,33,A143,A152,1,A173,1,A191,A201,2
A11,21,A32,A42,2611,A61,A74,4,A93,A101,2,A122,36,A143,A151,1,A174,1,A192,A201,2
A14,15,A34,A42,1835,A61,A73,4,A93,A101,2,A124,28,A143,A152,1,A173,1,A191,A201,1
A14,45,A32,A43,12612,A63,A74,4,A93,A101,1,A123,35,A143,A152,1,A174,1,A192,A201,1
A11,8,A32,A43,1366,A61,A73,3,A93,A101,4,A122,21,A143,A151,1,A173,1,A191,A201,2
A12,12,A32,A40,1533,A61,A74,3,A93,A101,4,A122,28,A143,A151,1,A173,2,A192,A201,1
A11,27,A31,A42,5800,A61,A72,2,A93,A101,1,A122,55,A141,A152,1,A173,1,A192,A201,2
A11,12,A31,A40,571,A61,A72,4,A93,A101,2,A123,41,A141,A152,1,A173,1,A192,A201,2
A11,15,A34,A42,1076,A61,A72,4,A93,A101,4,A122,21,A143,A151,1,A173,1,A192,A201,1
A11,45,A32,A43,8471,A61,A74,4,A93,A101,4,A124,36,A142,A153,3,A173,2,A192,A201,2
A14,27,A32,A43,1455,A62,A71,4,A93,A101,4,A123,49,A143,A152,1,A173,1,A192,A201,1
A11,12,A33,A40,1201,A61,A73,4,A93,A101,2,A121,38,A143,A152,1,A172,2,A191,A201,1
A11,21,A32,A42,1418,A61,A72,4,A93,A101,1,A122,23,A143,A152,1,A172,1,A191,A201,1
A12,8,A32,A43,1620,A61,A72,4,A93,A101,2,A123,21,A143,A152,1,A173,1,A192,A201,2
A14,8,A34,A40,999,A61,A73,3,A93,A101,1,A121,28,A143,A152,1,A173,1,A191,A201,1
A14,12,A34,A43,392,A63,A75,4,A93,A101,4,A122,37,A143,A152,1,A173,2,A191,A201,1
A11,12,A32,A43,1514,A61,A73,4,A93,A101,1,A123,23,A141,A152,1,A173,1,A191,A201,1
A12,27,A33,A43,1471,A62,A72,4,A93,A101,3,A121,28,A142,A152,1,A174,1,A191,A201,2
A12,8,A32,A43,750,A61,A73,3,A93,A101,2,A121,28,A143,A152,1,A172,1,A191,A201,2
A12,4,A34,A43,2910,A61,A72,4,A93,A101,3,A123,34,A143,A151,1,A174,1,A192,A201,1
A12,48,A32,A46,4686,A61,A73,4,A93,A101,4,A122,37,A143,A152,1,A173,1,A191,A201,2
A12,21,A34,A41,5800,A63,A73,2,A93,A101,4,A122,41,A143,A152,1,A174,2,A192,A201,1
A14,12,A32,A40,2896,A65,A72,2,A93,A101,3,A122,39,A143,A152,1,A174,2,A192,A201,1
A14,10,A32,A40,1318,A61,A73,3,A93,A101,2,A121,30,A143,A152,1,A172,2,A191,A201,1
A14,21,A32,A42,776,A65,A74,4,A93,A101,2,A123,30,A142,A152,1,A173,1,A192,A201,1
A12,4,A32,A40,1278,A61,A74,2,A93,A101,1,A121,37,A143,A152,3,A172,2,A191,A201,1
A11,15,A32,A45,1837,A61,A72,4,A93,A103,1,A122,41,A143,A151,1,A173,1,A191,A201,1
A12,48,A30,A42,8229,A63,A72,1,A92,A101,1,A123,30,A143,A152,1,A173,1,A191,A201,1
A11,21,A32,A42,2611,A63,A72,4,A93,A101,4,A124,28,A143,A153,1,A173,2,A192,A201,2
A14,12,A32,A40,2255,A65,A71,4,A93,A101,4,A121,35,A143,A152,1,A174,1,A192,A201,1
A14,18,A32,A42,2100,A61,A72,4,A93,A102,1,A122,46,A143,A152,1,A172,2,A191,A201,2
A14,21,A32,A43,3051,A62,A72,2,A93,A101,4,A123,30,A143,A152,1,A173,1,A191,A201,2
A12,18,A34,A49,4788,A61,A71,3,A93,A101,3,A123,44,A143,A152,3,A173,2,A192,A201,1
A11,33,A33,A49,1585,A61,A75,2,A93,A101,1,A123,23,A143,A152,1,A173,1,A192,A201,2
A12,24,A32,A41,4210,A63,A74,3,A92,A101,4,A123,28,A143,A152,1,A173,1,A191,A201,2
A14,36,A32,A49,10144,A61,A71,4,A93,A101,2,A123,26,A143,A152,1,A174,1,A192,A201,2
A11,12,A32,A40,1884,A61,A73,4,A93,A103,4,A121,28,A143,A152,1,A173,1,A192,A201,1
A11,24,A34,A43,1231,A64,A75,4,A93,A101,4,A122,49,A143,A151,1,A174,1,A192,A201,1
A13,27,A34,A43,3060,A61,A75,4,A93,A101,4,A122,43,A143,A152,1,A172,1,A191,A201,1
A12,8,A34,A43,930,A61,A73,2,A93,A101,4,A121,35,A143,A152,3,A172,1,A191,A201,1
A11,26,A32,A40,3394,A61,A73,3,A93,A101,2,A123,39,A143,A152,1,A172,1,A191,A201,2
A12,21,A32,A42,2445,A62,A75,4,A93,A101,4,A124,28,A143,A153,1,A173,1,A191,A201,1
A14,4,A34,A43,2301,A61,A75,2,A94,A101,2,A121,34,A143,A151,1,A173,1,A191,A201,1
A12,24,A33,A40,1837,A61,A73,1,A93,A101,4,A122,47,A143,A152,3,A173,1,A191,A201,1
A14,14,A32,A40,2899,A65,A73,3,A93,A101,2,A124,28,A143,A152,1,A173,1,A191,A201,1
A12,21,A32,A43,1893,A63,A72,3,A93,A101,2,A123,33,A141,A152,1,A173,1,A192,A201,2
A12,4,A32,A45,448,A61,A72,3,A93,A101,1,A122,23,A143,A152,1,A172,1,A191,A201,1
A12,27,A32,A43,1750,A65,A73,4,A92,A101,1,A123,26,A143,A152,1,A173,1,A191,A201,1
A12,24,A34,A43,1965,A63,A73,4,A93,A101,2,A122,21,A143,A152,1,A172,1,A191,A201,2
A14,15,A32,A43,3568,A61,A75,4,A93,A101,2,A122,48,A141,A151,1,A174,1,A192,A201,1
A14,39,A32,A43,10477,A65,A74,2,A93,A101,4,A122,33,A143,A153,1,A173,1,A192,A201,1
A11,10,A34,A40,3384,A61,A73,1,A93,A101,2,A121,36,A143,A152,1,A172,2,A191,A201,1
A12,14,A32,A45,1285,A62,A73,4,A93,A103,2,A121,21,A143,A152,1,A173,1,A191,A201,1
A14,21,A32,A40,6224,A61,A73,1,A93,A101,4,A122,38,A143,A152,1,A172,2,A191,A201,1
A11,24,A31,A40,1199,A61,A71,1,A93,A102,4,A124,28,A143,A152,1,A174,1,A191,A201,2
A11,48,A32,A49,5842,A61,A72,4,A93,A102,4,A123,34,A143,A151,1,A173,1,A191,A201,2
A14,27,A34,A43,2896,A61,A73,4,A92,A101,2,A123,32,A143,A152,1,A173,1,A192,A201,1
A13,24,A32,A43,1271,A63,A73,3,A93,A101,3,A123,49,A143,A152,1,A172,1,A191,A201,1
A12,4,A32,A43,750,A61,A73,2,A93,A103,3,A121,61,A143,A152,1,A173,1,A191,A201,1
A12,15,A33,A49,1935,A65,A72,4,A93,A101,2,A122,37,A143,A152,1,A173,1,A191,A201,1
A14,21,A33,A41,1967,A61,A75,4,A93,A101,4,A123,41,A143,A152,1,A172,2,A191,A201,2
A11,15,A31,A40,1455,A62,A73,2,A93,A101,2,A122,27,A143,A153,1,A173,1,A191,A201,2
A12,27,A34,A42,7374,A61,A74,2,A93,A101,2,A122,43,A143,A152,1,A173,1,A191,A201,2
A14,45,A32,A49,3835,A61,A71,3,A93,A101,2,A123,32,A143,A151,1,A173,1,A192,A201,2
A13,21,A32,A40,2901,A62,A73,1,A93,A101,1,A123,28,A141,A152,1,A174,1,A192,A201,1
A11,33,A32,A41,7308,A61,A73,2,A93,A101,2,A122,25,A143,A152,1,A173,2,A191,A201,2
A14,21,A34,A42,1533,A61,A74,2,A93,A101,2,A122,28,A143,A152,1,A172,1,A191,A201,1
A11,15,A34,A42,1412,A61,A73,4,A92,A101,3,A122,25,A143,A152,1,A173,1,A191,A201,1
A12,45,A30,A49,4686,A61,A72,2,A91,A101,1,A122,33,A143,A152,3,A173,1,A191,A201,1
A14,14,A32,A43,1409,A62,A71,2,A93,A101,4,A121,61,A143,A152,1,A173,1,A191,A201,1
A11,21,A32,A41,5152,A61,A71,4,A93,A101,2,A122,28,A143,A153,1,A174,1,A192,A201,1
A12,21,A34,A43,1418,A61,A72,4,A93,A101,2,A122,43,A143,A152,1,A172,1,A191,A201,1
A14,12,A32,A41,2899,A61,A72,2,A93,A101,1,A122,35,A143,A152,1,A172,2,A191,A201,1
A14,14,A31,A43,1344,A62,A75,4,A93,A101,4,A123,32,A143,A152,1,A172,2,A191,A201,1
A11,18,A32,A40,2751,A65,A74,2,A93,A101,4,A123,25,A143,A153,1,A172,1,A191,A201,1
A11,33,A32,A42,3384,A61,A71,4,A93,A101,3,A122,28,A143,A152,1,A174,1,A192,A201,1
A14,12,A32,A40,1893,A65,A72,4,A93,A101,3,A123,44,A143,A152,1,A173,1,A192,A201,1
A14,12,A32,A42,1750,A61,A74,3,A93,A101,4,A121,30,A143,A152,1,A172,1,A191,A201,1
A14,33,A32,A41,3378,A61,A73,4,A91,A101,4,A122,40,A143,A152,1,A174,1,A192,A201,1
A14,12,A32,A43,691,A61,A75,4,A93,A101,4,A123,35,A143,A152,1,A173,1,A191,A201,1
A11,45,A32,A43,1453,A61,A73,4,A93,A101,4,A121,21,A143,A153,1,A173,1,A192,A201,2
A12,45,A34,A41,3651,A62,A71,3,A93,A101,4,A123,25,A143,A152,1,A173,1,A191,A201,1
