algorithm,params,run-id,accuracy,TPR,TNR,BCR,MCC,DIbinary,DIavgall,CV,0-accuracy,1-accuracy,sensitive-attr-accuracy,0-accuracy_over_1-accuracy,sensitive-attr-accuracyRatio,diff:1-accuracyto0-accuracy,sensitive-attr-accuracyDiff,0-TPR,1-TPR,sensitive-attr-TPR,0-TPR_over_1-TPR,sensitive-attr-TPRRatio,diff:1-TPRto0-TPR,sensitive-attr-TPRDiff,0-TNR,1-TNR,sensitive-attr-TNR,0-TNR_over_1-TNR,sensitive-attr-TNRRatio,diff:1-TNRto0-TNR,sensitive-attr-TNRDiff,0-FPR,1-FPR,sensitive-attr-FPR,0-FPR_over_1-FPR,sensitive-attr-FPRRatio,diff:1-FPRto0-FPR,sensitive-attr-FPRDiff,0-FNR,1-FNR,sensitive-attr-FNR,0-FNR_over_1-FNR,sensitive-attr-FNRRatio,diff:1-FNRto0-FNR,sensitive-attr-FNRDiff,0-calibration+,1-calibration+,sensitive-attr-calibration+,0-calibration+_over_1-calibration+,sensitive-attr-calibration+Ratio,diff:1-calibration+to0-calibration+,sensitive-attr-calibration+Diff,0-calibration-,1-calibration-,sensitive-attr-calibration-,0-calibration-_over_1-calibration-,sensitive-attr-calibration-Ratio,diff:1-calibration-to0-calibration-,sensitive-attr-calibration-Diff
SVM,,0,0.9701492537313433,1.0,0.6,0.8,0.7623975340988453,0.9117647058823529,0.9117647058823529,0.9117647058823529,0.9705882352941176,0.9696969696969697,0.9701426024955437,1.0009191176470589,1.0009191176470589,1.000891265597148,1.000891265597148,1.0,1.0,1.0,1.0,1.0,1.0,1.0,0.75,0.0,0.375,0.0,1.0,1.75,1.75,0.25,1.0,0.625,0.25,0.25,0.25,0.25,0.0,0.0,1.0,1.0,1.0,1.0,1.0,0.967741935483871,0.9696969696969697,0.9687194525904204,0.997983870967742,0.997983870967742,0.9980449657869013,0.9980449657869013,0.0,1.0,0.5,0.0,1.0,0.0,1.0
SVM,,1,0.9850746268656716,1.0,0.75,0.875,0.85923294280422,0.90625,0.90625,0.90625,0.96875,1.0,0.984375,0.96875,0.96875,0.96875,0.96875,1.0,1.0,1.0,1.0,1.0,1.0,1.0,0.75,1.0,0.875,0.75,0.75,0.75,0.75,0.25,0.0,0.125,0.0,1.0,1.25,1.25,0.0,0.0,1.0,1.0,1.0,1.0,1.0,0.9655172413793104,1.0,0.9827586206896552,0.9655172413793104,0.9655172413793104,0.9655172413793104,0.9655172413793104,0.0,1.0,0.5,0.0,1.0,0.0,1.0
SVM,,2,0.9552238805970149,1.0,0.25,0.625,0.4885042104591972,0.9705882352941176,0.9705882352941176,0.9705882352941176,0.9705882352941176,0.9393939393939394,0.9549910873440286,1.0332068311195446,1.0332068311195446,1.0311942959001783,1.0311942959001783,1.0,1.0,1.0,1.0,1.0,1.0,1.0,0.5,0.0,0.25,0.0,1.0,1.5,1.5,0.5,1.0,0.75,0.5,0.5,0.5,0.5,0.0,0.0,1.0,1.0,1.0,1.0,1.0,0.9696969696969697,0.9393939393939394,0.9545454545454546,1.032258064516129,1.032258064516129,1.0303030303030303,1.0303030303030303,0.0,1.0,0.5,0.0,1.0,0.0,1.0
SVM,,3,0.9701492537313433,1.0,0.5,0.75,0.6961432213383857,0.9459459459459459,0.9459459459459459,0.9459459459459459,0.972972972972973,0.9666666666666667,0.9698198198198198,1.0065237651444547,1.0065237651444547,1.0063063063063065,1.0063063063063065,1.0,1.0,1.0,1.0,1.0,1.0,1.0,0.6666666666666666,0.0,0.3333333333333333,0.0,1.0,1.6666666666666665,1.6666666666666665,0.33333333333333337,1.0,0.6666666666666667,0.33333333333333337,0.33333333333333337,0.33333333333333337,0.33333333333333337,0.0,0.0,1.0,1.0,1.0,1.0,1.0,0.9714285714285714,0.9666666666666667,0.969047619047619,1.0049261083743841,1.0049261083743841,1.0047619047619047,1.0047619047619047,0.0,1.0,0.5,0.0,1.0,0.0,1.0
SVM,,4,0.9850746268656716,1.0,0.6666666666666666,0.8333333333333333,0.8101914936669333,1.0046296296296295,1.0046296296296295,1.0044802867383513,0.9722222222222222,1.0,0.9861111111111112,0.9722222222222222,0.9722222222222222,0.9722222222222222,0.9722222222222222,1.0,1.0,1.0,1.0,1.0,1.0,1.0,0.5,1.0,0.75,0.5,0.5,0.5,0.5,0.5,0.0,0.25,0.0,1.0,1.5,1.5,0.0,0.0,1.0,1.0,1.0,1.0,1.0,0.9714285714285714,1.0,0.9857142857142858,0.9714285714285714,0.9714285714285714,0.9714285714285714,0.9714285714285714,0.0,0.0,1.0,1.0,1.0,1.0,1.0
SVM,,5,0.9701492537313433,1.0,0.3333333333333333,0.6666666666666666,0.5685352436149612,0.9714285714285714,0.9714285714285714,0.9714285714285714,0.9428571428571428,1.0,0.9714285714285714,0.9428571428571428,0.9428571428571428,0.9428571428571428,0.9428571428571428,1.0,1.0,1.0,1.0,1.0,1.0,1.0,0.3333333333333333,1.0,0.6666666666666666,0.3333333333333333,0.3333333333333333,0.33333333333333326,0.33333333333333326,0.6666666666666667,0.0,0.33333333333333337,0.0,1.0,1.6666666666666667,1.6666666666666667,0.0,0.0,1.0,1.0,1.0,1.0,1.0,0.9411764705882353,1.0,0.9705882352941176,0.9411764705882353,0.9411764705882353,0.9411764705882353,0.9411764705882353,0.0,1.0,0.5,0.0,1.0,0.0,1.0
SVM,,6,1.0,1.0,1.0,1.0,1.0,0.9642857142857143,0.9642857142857143,0.9642857142857143,1.0,1.0,1.0,1.0,1.0,1.0,1.0,1.0,1.0,1.0,1.0,1.0,1.0,1.0,1.0,1.0,1.0,1.0,1.0,1.0,1.0,0.0,0.0,1.0,1.0,1.0,1.0,1.0,0.0,0.0,1.0,1.0,1.0,1.0,1.0,1.0,1.0,1.0,1.0,1.0,1.0,1.0,0.0,1.0,0.5,0.0,1.0,0.0,1.0
SVM,,7,0.9850746268656716,1.0,0.75,0.875,0.85923294280422,0.9090909090909091,0.9090909090909091,0.9090909090909091,0.9696969696969697,1.0,0.9848484848484849,0.9696969696969697,0.9696969696969697,0.9696969696969697,0.9696969696969697,1.0,1.0,1.0,1.0,1.0,1.0,1.0,0.75,1.0,0.875,0.75,0.75,0.75,0.75,0.25,0.0,0.125,0.0,1.0,1.25,1.25,0.0,0.0,1.0,1.0,1.0,1.0,1.0,0.9666666666666667,1.0,0.9833333333333334,0.9666666666666667,0.9666666666666667,0.9666666666666667,0.9666666666666667,0.0,1.0,0.5,0.0,1.0,0.0,1.0
SVM,,8,0.9552238805970149,1.0,0.5,0.75,0.6903350635742038,0.9622119815668202,0.9622119815668202,0.9632616487455197,0.9032258064516129,1.0,0.9516129032258065,0.9032258064516129,0.9032258064516129,0.9032258064516129,0.9032258064516129,1.0,1.0,1.0,1.0,1.0,1.0,1.0,0.4,1.0,0.7,0.4,0.4,0.4,0.4,0.6,0.0,0.3,0.0,1.0,1.6,1.6,0.0,0.0,1.0,1.0,1.0,1.0,1.0,0.896551724137931,1.0,0.9482758620689655,0.896551724137931,0.896551724137931,0.896551724137931,0.896551724137931,0.0,0.0,1.0,1.0,1.0,1.0,1.0
SVM,,9,0.9850746268656716,1.0,0.6666666666666666,0.8333333333333333,0.8101914936669333,1.0084586466165413,1.0084586466165413,1.0081669691470054,0.9736842105263158,1.0,0.986842105263158,0.9736842105263158,0.9736842105263158,0.9736842105263158,0.9736842105263158,1.0,1.0,1.0,1.0,1.0,1.0,1.0,0.5,1.0,0.75,0.5,0.5,0.5,0.5,0.5,0.0,0.25,0.0,1.0,1.5,1.5,0.0,0.0,1.0,1.0,1.0,1.0,1.0,0.972972972972973,1.0,0.9864864864864865,0.972972972972973,0.972972972972973,0.972972972972973,0.972972972972973,0.0,0.0,1.0,1.0,1.0,1.0,1.0
GaussianNB,,0,0.9552238805970149,1.0,0.4,0.7,0.6176879969195301,0.9411764705882353,0.9411764705882353,0.9411764705882353,0.9411764705882353,0.9696969696969697,0.9554367201426025,0.9705882352941176,0.9705882352941176,0.9714795008912656,0.9714795008912656,1.0,1.0,1.0,1.0,1.0,1.0,1.0,0.5,0.0,0.25,0.0,1.0,1.5,1.5,0.5,1.0,0.75,0.5,0.5,0.5,0.5,0.0,0.0,1.0,1.0,1.0,1.0,1.0,0.9375,0.9696969696969697,0.9535984848484849,0.966796875,0.966796875,0.9678030303030303,0.9678030303030303,0.0,1.0,0.5,0.0,1.0,0.0,1.0
GaussianNB,,1,0.9850746268656716,1.0,0.75,0.875,0.85923294280422,0.90625,0.90625,0.90625,0.96875,1.0,0.984375,0.96875,0.96875,0.96875,0.96875,1.0,1.0,1.0,1.0,1.0,1.0,1.0,0.75,1.0,0.875,0.75,0.75,0.75,0.75,0.25,0.0,0.125,0.0,1.0,1.25,1.25,0.0,0.0,1.0,1.0,1.0,1.0,1.0,0.9655172413793104,1.0,0.9827586206896552,0.9655172413793104,0.9655172413793104,0.9655172413793104,0.9655172413793104,0.0,1.0,0.5,0.0,1.0,0.0,1.0
GaussianNB,,2,0.9402985074626866,1.0,0.0,0.5,0.0,1.0,1.0,1.0,0.9411764705882353,0.9393939393939394,0.9402852049910874,1.001897533206831,1.001897533206831,1.0017825311942958,1.0017825311942958,1.0,1.0,1.0,1.0,1.0,1.0,1.0,0.0,0.0,1.0,1.0,1.0,1.0,1.0,1.0,1.0,1.0,1.0,1.0,1.0,1.0,0.0,0.0,1.0,1.0,1.0,1.0,1.0,0.9411764705882353,0.9393939393939394,0.9402852049910874,1.001897533206831,1.001897533206831,1.0017825311942958,1.0017825311942958,1.0,1.0,1.0,1.0,1.0,1.0,1.0
GaussianNB,,3,0.9701492537313433,1.0,0.5,0.75,0.6961432213383857,0.9459459459459459,0.9459459459459459,0.9459459459459459,0.972972972972973,0.9666666666666667,0.9698198198198198,1.0065237651444547,1.0065237651444547,1.0063063063063065,1.0063063063063065,1.0,1.0,1.0,1.0,1.0,1.0,1.0,0.6666666666666666,0.0,0.3333333333333333,0.0,1.0,1.6666666666666665,1.6666666666666665,0.33333333333333337,1.0,0.6666666666666667,0.33333333333333337,0.33333333333333337,0.33333333333333337,0.33333333333333337,0.0,0.0,1.0,1.0,1.0,1.0,1.0,0.9714285714285714,0.9666666666666667,0.969047619047619,1.0049261083743841,1.0049261083743841,1.0047619047619047,1.0047619047619047,0.0,1.0,0.5,0.0,1.0,0.0,1.0
GaussianNB,,4,0.9850746268656716,1.0,0.6666666666666666,0.8333333333333333,0.8101914936669333,1.0046296296296295,1.0046296296296295,1.0044802867383513,0.9722222222222222,1.0,0.9861111111111112,0.9722222222222222,0.9722222222222222,0.9722222222222222,0.9722222222222222,1.0,1.0,1.0,1.0,1.0,1.0,1.0,0.5,1.0,0.75,0.5,0.5,0.5,0.5,0.5,0.0,0.25,0.0,1.0,1.5,1.5,0.0,0.0,1.0,1.0,1.0,1.0,1.0,0.9714285714285714,1.0,0.9857142857142858,0.9714285714285714,0.9714285714285714,0.9714285714285714,0.9714285714285714,0.0,0.0,1.0,1.0,1.0,1.0,1.0
GaussianNB,,5,0.9701492537313433,1.0,0.3333333333333333,0.6666666666666666,0.5685352436149612,0.9714285714285714,0.9714285714285714,0.9714285714285714,0.9428571428571428,1.0,0.9714285714285714,0.9428571428571428,0.9428571428571428,0.9428571428571428,0.9428571428571428,1.0,1.0,1.0,1.0,1.0,1.0,1.0,0.3333333333333333,1.0,0.6666666666666666,0.3333333333333333,0.3333333333333333,0.33333333333333326,0.33333333333333326,0.6666666666666667,0.0,0.33333333333333337,0.0,1.0,1.6666666666666667,1.6666666666666667,0.0,0.0,1.0,1.0,1.0,1.0,1.0,0.9411764705882353,1.0,0.9705882352941176,0.9411764705882353,0.9411764705882353,0.9411764705882353,0.9411764705882353,0.0,1.0,0.5,0.0,1.0,0.0,1.0
GaussianNB,,6,1.0,1.0,1.0,1.0,1.0,0.9642857142857143,0.9642857142857143,0.9642857142857143,1.0,1.0,1.0,1.0,1.0,1.0,1.0,1.0,1.0,1.0,1.0,1.0,1.0,1.0,1.0,1.0,1.0,1.0,1.0,1.0,1.0,0.0,0.0,1.0,1.0,1.0,1.0,1.0,0.0,0.0,1.0,1.0,1.0,1.0,1.0,1.0,1.0,1.0,1.0,1.0,1.0,1.0,0.0,1.0,0.5,0.0,1.0,0.0,1.0
GaussianNB,,7,0.9701492537313433,1.0,0.5,0.75,0.6961432213383857,0.9393939393939394,0.9393939393939394,0.9393939393939394,0.9393939393939394,1.0,0.9696969696969697,0.9393939393939394,0.9393939393939394,0.9393939393939394,0.9393939393939394,1.0,1.0,1.0,1.0,1.0,1.0,1.0,0.5,1.0,0.75,0.5,0.5,0.5,0.5,0.5,0.0,0.25,0.0,1.0,1.5,1.5,0.0,0.0,1.0,1.0,1.0,1.0,1.0,0.9354838709677419,1.0,0.967741935483871,0.9354838709677419,0.9354838709677419,0.9354838709677419,0.9354838709677419,0.0,1.0,0.5,0.0,1.0,0.0,1.0
GaussianNB,,8,0.9253731343283582,1.0,0.16666666666666666,0.5833333333333334,0.3924798135451097,1.0285714285714287,1.0285714285714287,1.0277777777777777,0.8387096774193549,1.0,0.9193548387096775,0.8387096774193549,0.8387096774193549,0.8387096774193549,0.8387096774193549,1.0,1.0,1.0,1.0,1.0,1.0,1.0,0.0,1.0,0.5,0.0,1.0,0.0,1.0,1.0,0.0,0.5,0.0,1.0,2.0,2.0,0.0,0.0,1.0,1.0,1.0,1.0,1.0,0.8387096774193549,1.0,0.9193548387096775,0.8387096774193549,0.8387096774193549,0.8387096774193549,0.8387096774193549,1.0,0.0,0.5,0.0,1.0,2.0,2.0
GaussianNB,,9,0.9552238805970149,1.0,0.0,0.5,0.0,1.0,1.0,1.0,0.9473684210526315,0.9655172413793104,0.956442831215971,0.9812030075187969,0.9812030075187969,0.9818511796733211,0.9818511796733211,1.0,1.0,1.0,1.0,1.0,1.0,1.0,0.0,0.0,1.0,1.0,1.0,1.0,1.0,1.0,1.0,1.0,1.0,1.0,1.0,1.0,0.0,0.0,1.0,1.0,1.0,1.0,1.0,0.9473684210526315,0.9655172413793104,0.956442831215971,0.9812030075187969,0.9812030075187969,0.9818511796733211,0.9818511796733211,1.0,1.0,1.0,1.0,1.0,1.0,1.0
LR,,0,0.9552238805970149,1.0,0.4,0.7,0.6176879969195301,0.9411764705882353,0.9411764705882353,0.9411764705882353,0.9411764705882353,0.9696969696969697,0.9554367201426025,0.9705882352941176,0.9705882352941176,0.9714795008912656,0.9714795008912656,1.0,1.0,1.0,1.0,1.0,1.0,1.0,0.5,0.0,0.25,0.0,1.0,1.5,1.5,0.5,1.0,0.75,0.5,0.5,0.5,0.5,0.0,0.0,1.0,1.0,1.0,1.0,1.0,0.9375,0.9696969696969697,0.9535984848484849,0.966796875,0.966796875,0.9678030303030303,0.9678030303030303,0.0,1.0,0.5,0.0,1.0,0.0,1.0
LR,,1,0.9701492537313433,1.0,0.5,0.75,0.6961432213383857,0.9375,0.9375,0.9375,0.9375,1.0,0.96875,0.9375,0.9375,0.9375,0.9375,1.0,1.0,1.0,1.0,1.0,1.0,1.0,0.5,1.0,0.75,0.5,0.5,0.5,0.5,0.5,0.0,0.25,0.0,1.0,1.5,1.5,0.0,0.0,1.0,1.0,1.0,1.0,1.0,0.9333333333333333,1.0,0.9666666666666667,0.9333333333333333,0.9333333333333333,0.9333333333333333,0.9333333333333333,0.0,1.0,0.5,0.0,1.0,0.0,1.0
LR,,2,0.9402985074626866,1.0,0.0,0.5,0.0,1.0,1.0,1.0,0.9411764705882353,0.9393939393939394,0.9402852049910874,1.001897533206831,1.001897533206831,1.0017825311942958,1.0017825311942958,1.0,1.0,1.0,1.0,1.0,1.0,1.0,0.0,0.0,1.0,1.0,1.0,1.0,1.0,1.0,1.0,1.0,1.0,1.0,1.0,1.0,0.0,0.0,1.0,1.0,1.0,1.0,1.0,0.9411764705882353,0.9393939393939394,0.9402852049910874,1.001897533206831,1.001897533206831,1.0017825311942958,1.0017825311942958,1.0,1.0,1.0,1.0,1.0,1.0,1.0
LR,,3,0.9552238805970149,1.0,0.25,0.625,0.4885042104591972,0.972972972972973,0.972972972972973,0.972972972972973,0.9459459459459459,0.9666666666666667,0.9563063063063063,0.97856477166822,0.97856477166822,0.9792792792792793,0.9792792792792793,1.0,1.0,1.0,1.0,1.0,1.0,1.0,0.3333333333333333,0.0,0.16666666666666666,0.0,1.0,1.3333333333333333,1.3333333333333333,0.6666666666666667,1.0,0.8333333333333334,0.6666666666666667,0.6666666666666667,0.6666666666666667,0.6666666666666667,0.0,0.0,1.0,1.0,1.0,1.0,1.0,0.9444444444444444,0.9666666666666667,0.9555555555555555,0.9770114942528735,0.9770114942528735,0.9777777777777777,0.9777777777777777,0.0,1.0,0.5,0.0,1.0,0.0,1.0
LR,,4,0.9850746268656716,1.0,0.6666666666666666,0.8333333333333333,0.8101914936669333,1.0046296296296295,1.0046296296296295,1.0044802867383513,0.9722222222222222,1.0,0.9861111111111112,0.9722222222222222,0.9722222222222222,0.9722222222222222,0.9722222222222222,1.0,1.0,1.0,1.0,1.0,1.0,1.0,0.5,1.0,0.75,0.5,0.5,0.5,0.5,0.5,0.0,0.25,0.0,1.0,1.5,1.5,0.0,0.0,1.0,1.0,1.0,1.0,1.0,0.9714285714285714,1.0,0.9857142857142858,0.9714285714285714,0.9714285714285714,0.9714285714285714,0.9714285714285714,0.0,0.0,1.0,1.0,1.0,1.0,1.0
LR,,5,0.9701492537313433,1.0,0.3333333333333333,0.6666666666666666,0.5685352436149612,0.9714285714285714,0.9714285714285714,0.9714285714285714,0.9428571428571428,1.0,0.9714285714285714,0.9428571428571428,0.9428571428571428,0.9428571428571428,0.9428571428571428,1.0,1.0,1.0,1.0,1.0,1.0,1.0,0.3333333333333333,1.0,0.6666666666666666,0.3333333333333333,0.3333333333333333,0.33333333333333326,0.33333333333333326,0.6666666666666667,0.0,0.33333333333333337,0.0,1.0,1.6666666666666667,1.6666666666666667,0.0,0.0,1.0,1.0,1.0,1.0,1.0,0.9411764705882353,1.0,0.9705882352941176,0.9411764705882353,0.9411764705882353,0.9411764705882353,0.9411764705882353,0.0,1.0,0.5,0.0,1.0,0.0,1.0
LR,,6,1.0,1.0,1.0,1.0,1.0,0.9642857142857143,0.9642857142857143,0.9642857142857143,1.0,1.0,1.0,1.0,1.0,1.0,1.0,1.0,1.0,1.0,1.0,1.0,1.0,1.0,1.0,1.0,1.0,1.0,1.0,1.0,1.0,0.0,0.0,1.0,1.0,1.0,1.0,1.0,0.0,0.0,1.0,1.0,1.0,1.0,1.0,1.0,1.0,1.0,1.0,1.0,1.0,1.0,0.0,1.0,0.5,0.0,1.0,0.0,1.0
LR,,7,0.9850746268656716,1.0,0.75,0.875,0.85923294280422,0.9090909090909091,0.9090909090909091,0.9090909090909091,0.9696969696969697,1.0,0.9848484848484849,0.9696969696969697,0.9696969696969697,0.9696969696969697,0.9696969696969697,1.0,1.0,1.0,1.0,1.0,1.0,1.0,0.75,1.0,0.875,0.75,0.75,0.75,0.75,0.25,0.0,0.125,0.0,1.0,1.25,1.25,0.0,0.0,1.0,1.0,1.0,1.0,1.0,0.9666666666666667,1.0,0.9833333333333334,0.9666666666666667,0.9666666666666667,0.9666666666666667,0.9666666666666667,0.0,1.0,0.5,0.0,1.0,0.0,1.0
LR,,8,0.9552238805970149,1.0,0.5,0.75,0.6903350635742038,0.9032258064516129,0.9032258064516129,0.9032258064516129,0.9354838709677419,0.9722222222222222,0.953853046594982,0.9622119815668202,0.9622119815668202,0.9632616487455197,0.9632616487455197,1.0,1.0,1.0,1.0,1.0,1.0,1.0,0.6,0.0,0.3,0.0,1.0,1.6,1.6,0.4,1.0,0.7,0.4,0.4,0.4,0.4,0.0,0.0,1.0,1.0,1.0,1.0,1.0,0.9285714285714286,0.9722222222222222,0.9503968253968254,0.9551020408163265,0.9551020408163265,0.9563492063492064,0.9563492063492064,0.0,1.0,0.5,0.0,1.0,0.0,1.0
LR,,9,0.9552238805970149,1.0,0.0,0.5,0.0,1.0,1.0,1.0,0.9473684210526315,0.9655172413793104,0.956442831215971,0.9812030075187969,0.9812030075187969,0.9818511796733211,0.9818511796733211,1.0,1.0,1.0,1.0,1.0,1.0,1.0,0.0,0.0,1.0,1.0,1.0,1.0,1.0,1.0,1.0,1.0,1.0,1.0,1.0,1.0,0.0,0.0,1.0,1.0,1.0,1.0,1.0,0.9473684210526315,0.9655172413793104,0.956442831215971,0.9812030075187969,0.9812030075187969,0.9818511796733211,0.9818511796733211,1.0,1.0,1.0,1.0,1.0,1.0,1.0
DecisionTree,,0,1.0,1.0,1.0,1.0,1.0,0.9099264705882353,0.9099264705882353,0.9126559714795008,1.0,1.0,1.0,1.0,1.0,1.0,1.0,1.0,1.0,1.0,1.0,1.0,1.0,1.0,1.0,1.0,1.0,1.0,1.0,1.0,1.0,0.0,0.0,1.0,1.0,1.0,1.0,1.0,0.0,0.0,1.0,1.0,1.0,1.0,1.0,1.0,1.0,1.0,1.0,1.0,1.0,1.0,0.0,0.0,1.0,1.0,1.0,1.0,1.0
DecisionTree,,1,1.0,1.0,1.0,1.0,1.0,0.875,0.875,0.875,1.0,1.0,1.0,1.0,1.0,1.0,1.0,1.0,1.0,1.0,1.0,1.0,1.0,1.0,1.0,1.0,1.0,1.0,1.0,1.0,1.0,0.0,0.0,1.0,1.0,1.0,1.0,1.0,0.0,0.0,1.0,1.0,1.0,1.0,1.0,1.0,1.0,1.0,1.0,1.0,1.0,1.0,0.0,1.0,0.5,0.0,1.0,0.0,1.0
DecisionTree,,2,1.0,1.0,1.0,1.0,1.0,1.001897533206831,1.001897533206831,1.0017825311942958,1.0,1.0,1.0,1.0,1.0,1.0,1.0,1.0,1.0,1.0,1.0,1.0,1.0,1.0,1.0,1.0,1.0,1.0,1.0,1.0,1.0,0.0,0.0,1.0,1.0,1.0,1.0,1.0,0.0,0.0,1.0,1.0,1.0,1.0,1.0,1.0,1.0,1.0,1.0,1.0,1.0,1.0,0.0,0.0,1.0,1.0,1.0,1.0,1.0
DecisionTree,,3,0.9850746268656716,1.0,0.75,0.875,0.85923294280422,0.97856477166822,0.97856477166822,0.9792792792792793,0.972972972972973,1.0,0.9864864864864865,0.972972972972973,0.972972972972973,0.972972972972973,0.972972972972973,1.0,1.0,1.0,1.0,1.0,1.0,1.0,0.6666666666666666,1.0,0.8333333333333333,0.6666666666666666,0.6666666666666666,0.6666666666666666,0.6666666666666666,0.33333333333333337,0.0,0.16666666666666669,0.0,1.0,1.3333333333333335,1.3333333333333335,0.0,0.0,1.0,1.0,1.0,1.0,1.0,0.9714285714285714,1.0,0.9857142857142858,0.9714285714285714,0.9714285714285714,0.9714285714285714,0.9714285714285714,0.0,0.0,1.0,1.0,1.0,1.0,1.0
DecisionTree,,4,0.9850746268656716,1.0,0.6666666666666666,0.8333333333333333,0.8101914936669333,1.0046296296296295,1.0046296296296295,1.0044802867383513,0.9722222222222222,1.0,0.9861111111111112,0.9722222222222222,0.9722222222222222,0.9722222222222222,0.9722222222222222,1.0,1.0,1.0,1.0,1.0,1.0,1.0,0.5,1.0,0.75,0.5,0.5,0.5,0.5,0.5,0.0,0.25,0.0,1.0,1.5,1.5,0.0,0.0,1.0,1.0,1.0,1.0,1.0,0.9714285714285714,1.0,0.9857142857142858,0.9714285714285714,0.9714285714285714,0.9714285714285714,0.9714285714285714,0.0,0.0,1.0,1.0,1.0,1.0,1.0
DecisionTree,,5,0.9850746268656716,1.0,0.6666666666666666,0.8333333333333333,0.8101914936669333,0.9428571428571428,0.9428571428571428,0.9428571428571428,0.9714285714285714,1.0,0.9857142857142858,0.9714285714285714,0.9714285714285714,0.9714285714285714,0.9714285714285714,1.0,1.0,1.0,1.0,1.0,1.0,1.0,0.6666666666666666,1.0,0.8333333333333333,0.6666666666666666,0.6666666666666666,0.6666666666666666,0.6666666666666666,0.33333333333333337,0.0,0.16666666666666669,0.0,1.0,1.3333333333333335,1.3333333333333335,0.0,0.0,1.0,1.0,1.0,1.0,1.0,0.9696969696969697,1.0,0.9848484848484849,0.9696969696969697,0.9696969696969697,0.9696969696969697,0.9696969696969697,0.0,1.0,0.5,0.0,1.0,0.0,1.0
DecisionTree,,6,1.0,1.0,1.0,1.0,1.0,0.9642857142857143,0.9642857142857143,0.9642857142857143,1.0,1.0,1.0,1.0,1.0,1.0,1.0,1.0,1.0,1.0,1.0,1.0,1.0,1.0,1.0,1.0,1.0,1.0,1.0,1.0,1.0,0.0,0.0,1.0,1.0,1.0,1.0,1.0,0.0,0.0,1.0,1.0,1.0,1.0,1.0,1.0,1.0,1.0,1.0,1.0,1.0,1.0,0.0,1.0,0.5,0.0,1.0,0.0,1.0
DecisionTree,,7,1.0,1.0,1.0,1.0,1.0,0.8787878787878788,0.8787878787878788,0.8787878787878788,1.0,1.0,1.0,1.0,1.0,1.0,1.0,1.0,1.0,1.0,1.0,1.0,1.0,1.0,1.0,1.0,1.0,1.0,1.0,1.0,1.0,0.0,0.0,1.0,1.0,1.0,1.0,1.0,0.0,0.0,1.0,1.0,1.0,1.0,1.0,1.0,1.0,1.0,1.0,1.0,1.0,1.0,0.0,1.0,0.5,0.0,1.0,0.0,1.0
DecisionTree,,8,0.9850746268656716,1.0,0.8333333333333334,0.9166666666666667,0.905479140079041,0.895852534562212,0.895852534562212,0.8987455197132617,0.967741935483871,1.0,0.9838709677419355,0.967741935483871,0.967741935483871,0.967741935483871,0.967741935483871,1.0,1.0,1.0,1.0,1.0,1.0,1.0,0.8,1.0,0.9,0.8,0.8,0.8,0.8,0.19999999999999996,0.0,0.09999999999999998,0.0,1.0,1.2,1.2,0.0,0.0,1.0,1.0,1.0,1.0,1.0,0.9629629629629629,1.0,0.9814814814814814,0.9629629629629629,0.9629629629629629,0.9629629629629629,0.9629629629629629,0.0,0.0,1.0,1.0,1.0,1.0,1.0
DecisionTree,,9,0.9850746268656716,1.0,0.6666666666666666,0.8333333333333333,0.8101914936669333,1.0084586466165413,1.0084586466165413,1.0081669691470054,0.9736842105263158,1.0,0.986842105263158,0.9736842105263158,0.9736842105263158,0.9736842105263158,0.9736842105263158,1.0,1.0,1.0,1.0,1.0,1.0,1.0,0.5,1.0,0.75,0.5,0.5,0.5,0.5,0.5,0.0,0.25,0.0,1.0,1.5,1.5,0.0,0.0,1.0,1.0,1.0,1.0,1.0,0.972972972972973,1.0,0.9864864864864865,0.972972972972973,0.972972972972973,0.972972972972973,0.972972972972973,0.0,0.0,1.0,1.0,1.0,1.0,1.0
Kamishima,eta=1.0,0,0.9552238805970149,1.0,0.4,0.7,0.6176879969195301,0.9411764705882353,0.9411764705882353,0.9411764705882353,0.9411764705882353,0.9696969696969697,0.9554367201426025,0.9705882352941176,0.9705882352941176,0.9714795008912656,0.9714795008912656,1.0,1.0,1.0,1.0,1.0,1.0,1.0,0.5,0.0,0.25,0.0,1.0,1.5,1.5,0.5,1.0,0.75,0.5,0.5,0.5,0.5,0.0,0.0,1.0,1.0,1.0,1.0,1.0,0.9375,0.9696969696969697,0.9535984848484849,0.966796875,0.966796875,0.9678030303030303,0.9678030303030303,0.0,1.0,0.5,0.0,1.0,0.0,1.0
Kamishima,eta=1.0,1,0.9701492537313433,1.0,0.5,0.75,0.6961432213383857,0.9375,0.9375,0.9375,0.9375,1.0,0.96875,0.9375,0.9375,0.9375,0.9375,1.0,1.0,1.0,1.0,1.0,1.0,1.0,0.5,1.0,0.75,0.5,0.5,0.5,0.5,0.5,0.0,0.25,0.0,1.0,1.5,1.5,0.0,0.0,1.0,1.0,1.0,1.0,1.0,0.9333333333333333,1.0,0.9666666666666667,0.9333333333333333,0.9333333333333333,0.9333333333333333,0.9333333333333333,0.0,1.0,0.5,0.0,1.0,0.0,1.0
Kamishima,eta=1.0,3,0.9552238805970149,1.0,0.25,0.625,0.4885042104591972,0.972972972972973,0.972972972972973,0.972972972972973,0.9459459459459459,0.9666666666666667,0.9563063063063063,0.97856477166822,0.97856477166822,0.9792792792792793,0.9792792792792793,1.0,1.0,1.0,1.0,1.0,1.0,1.0,0.3333333333333333,0.0,0.16666666666666666,0.0,1.0,1.3333333333333333,1.3333333333333333,0.6666666666666667,1.0,0.8333333333333334,0.6666666666666667,0.6666666666666667,0.6666666666666667,0.6666666666666667,0.0,0.0,1.0,1.0,1.0,1.0,1.0,0.9444444444444444,0.9666666666666667,0.9555555555555555,0.9770114942528735,0.9770114942528735,0.9777777777777777,0.9777777777777777,0.0,1.0,0.5,0.0,1.0,0.0,1.0
Kamishima,eta=1.0,4,0.9701492537313433,1.0,0.3333333333333333,0.6666666666666666,0.5685352436149612,0.9722222222222222,0.9722222222222222,0.9722222222222222,0.9722222222222222,0.967741935483871,0.9699820788530467,1.0046296296296295,1.0046296296296295,1.0044802867383513,1.0044802867383513,1.0,1.0,1.0,1.0,1.0,1.0,1.0,0.5,0.0,0.25,0.0,1.0,1.5,1.5,0.5,1.0,0.75,0.5,0.5,0.5,0.5,0.0,0.0,1.0,1.0,1.0,1.0,1.0,0.9714285714285714,0.967741935483871,0.9695852534562213,1.0038095238095237,1.0038095238095237,1.0036866359447005,1.0036866359447005,0.0,1.0,0.5,0.0,1.0,0.0,1.0
Kamishima,eta=1.0,5,0.9701492537313433,1.0,0.3333333333333333,0.6666666666666666,0.5685352436149612,0.9714285714285714,0.9714285714285714,0.9714285714285714,0.9428571428571428,1.0,0.9714285714285714,0.9428571428571428,0.9428571428571428,0.9428571428571428,0.9428571428571428,1.0,1.0,1.0,1.0,1.0,1.0,1.0,0.3333333333333333,1.0,0.6666666666666666,0.3333333333333333,0.3333333333333333,0.33333333333333326,0.33333333333333326,0.6666666666666667,0.0,0.33333333333333337,0.0,1.0,1.6666666666666667,1.6666666666666667,0.0,0.0,1.0,1.0,1.0,1.0,1.0,0.9411764705882353,1.0,0.9705882352941176,0.9411764705882353,0.9411764705882353,0.9411764705882353,0.9411764705882353,0.0,1.0,0.5,0.0,1.0,0.0,1.0
Kamishima,eta=1.0,6,1.0,1.0,1.0,1.0,1.0,0.9642857142857143,0.9642857142857143,0.9642857142857143,1.0,1.0,1.0,1.0,1.0,1.0,1.0,1.0,1.0,1.0,1.0,1.0,1.0,1.0,1.0,1.0,1.0,1.0,1.0,1.0,1.0,0.0,0.0,1.0,1.0,1.0,1.0,1.0,0.0,0.0,1.0,1.0,1.0,1.0,1.0,1.0,1.0,1.0,1.0,1.0,1.0,1.0,0.0,1.0,0.5,0.0,1.0,0.0,1.0
Kamishima,eta=1.0,7,0.9850746268656716,1.0,0.75,0.875,0.85923294280422,0.9090909090909091,0.9090909090909091,0.9090909090909091,0.9696969696969697,1.0,0.9848484848484849,0.9696969696969697,0.9696969696969697,0.9696969696969697,0.9696969696969697,1.0,1.0,1.0,1.0,1.0,1.0,1.0,0.75,1.0,0.875,0.75,0.75,0.75,0.75,0.25,0.0,0.125,0.0,1.0,1.25,1.25,0.0,0.0,1.0,1.0,1.0,1.0,1.0,0.9666666666666667,1.0,0.9833333333333334,0.9666666666666667,0.9666666666666667,0.9666666666666667,0.9666666666666667,0.0,1.0,0.5,0.0,1.0,0.0,1.0
Kamishima,eta=1.0,8,0.9402985074626866,1.0,0.3333333333333333,0.6666666666666666,0.5593035962878415,0.9354838709677419,0.9354838709677419,0.9354838709677419,0.9032258064516129,0.9722222222222222,0.9377240143369175,0.9290322580645162,0.9290322580645162,0.9310035842293907,0.9310035842293907,1.0,1.0,1.0,1.0,1.0,1.0,1.0,0.4,0.0,0.2,0.0,1.0,1.4,1.4,0.6,1.0,0.8,0.6,0.6,0.6,0.6,0.0,0.0,1.0,1.0,1.0,1.0,1.0,0.896551724137931,0.9722222222222222,0.9343869731800767,0.9221674876847291,0.9221674876847291,0.9243295019157088,0.9243295019157088,0.0,1.0,0.5,0.0,1.0,0.0,1.0
Kamishima,eta=1.0,9,0.9552238805970149,1.0,0.0,0.5,0.0,1.0,1.0,1.0,0.9473684210526315,0.9655172413793104,0.956442831215971,0.9812030075187969,0.9812030075187969,0.9818511796733211,0.9818511796733211,1.0,1.0,1.0,1.0,1.0,1.0,1.0,0.0,0.0,1.0,1.0,1.0,1.0,1.0,1.0,1.0,1.0,1.0,1.0,1.0,1.0,0.0,0.0,1.0,1.0,1.0,1.0,1.0,0.9473684210526315,0.9655172413793104,0.956442831215971,0.9812030075187969,0.9812030075187969,0.9818511796733211,0.9818511796733211,1.0,1.0,1.0,1.0,1.0,1.0,1.0
Calders,beta=1.0,0,0.9253731343283582,1.0,0.0,0.5,0.0,1.0,1.0,1.0,0.8823529411764706,0.9696969696969697,0.9260249554367201,0.9099264705882353,0.9099264705882353,0.9126559714795008,0.9126559714795008,1.0,1.0,1.0,1.0,1.0,1.0,1.0,0.0,0.0,1.0,1.0,1.0,1.0,1.0,1.0,1.0,1.0,1.0,1.0,1.0,1.0,0.0,0.0,1.0,1.0,1.0,1.0,1.0,0.8823529411764706,0.9696969696969697,0.9260249554367201,0.9099264705882353,0.9099264705882353,0.9126559714795008,0.9126559714795008,1.0,1.0,1.0,1.0,1.0,1.0,1.0
Calders,beta=1.0,1,0.417910447761194,0.4444444444444444,0.0,0.2222222222222222,-0.26352313834736496,0.0,1.0,2.0,0.875,0.0,0.4375,0.0,1.0,1.875,1.875,1.0,0.0,0.5,0.0,1.0,2.0,2.0,0.0,1.0,0.5,0.0,1.0,0.0,1.0,1.0,0.0,0.5,0.0,1.0,2.0,2.0,0.0,1.0,0.5,0.0,1.0,0.0,1.0,0.875,1.0,0.9375,0.875,0.875,0.875,0.875,1.0,1.0,1.0,1.0,1.0,1.0,1.0
Calders,beta=1.0,2,0.9402985074626866,1.0,0.0,0.5,0.0,1.0,1.0,1.0,0.9411764705882353,0.9393939393939394,0.9402852049910874,1.001897533206831,1.001897533206831,1.0017825311942958,1.0017825311942958,1.0,1.0,1.0,1.0,1.0,1.0,1.0,0.0,0.0,1.0,1.0,1.0,1.0,1.0,1.0,1.0,1.0,1.0,1.0,1.0,1.0,0.0,0.0,1.0,1.0,1.0,1.0,1.0,0.9411764705882353,0.9393939393939394,0.9402852049910874,1.001897533206831,1.001897533206831,1.0017825311942958,1.0017825311942958,1.0,1.0,1.0,1.0,1.0,1.0,1.0
Calders,beta=1.0,3,0.5223880597014925,0.5396825396825397,0.25,0.3948412698412698,-0.10021070323166603,0.0,1.0,2.0,0.918918918918919,0.03333333333333333,0.47612612612612615,27.56756756756757,27.56756756756757,1.8855855855855856,1.8855855855855856,1.0,0.0,0.5,0.0,1.0,2.0,2.0,0.0,1.0,0.5,0.0,1.0,0.0,1.0,1.0,0.0,0.5,0.0,1.0,2.0,2.0,0.0,1.0,0.5,0.0,1.0,0.0,1.0,0.918918918918919,1.0,0.9594594594594594,0.918918918918919,0.918918918918919,0.918918918918919,0.918918918918919,1.0,0.9666666666666667,0.9833333333333334,1.0344827586206897,1.0344827586206897,1.0333333333333332,1.0333333333333332
Calders,beta=1.0,4,0.9552238805970149,1.0,0.0,0.5,0.0,1.0,1.0,1.0,0.9444444444444444,0.967741935483871,0.9560931899641577,0.9759259259259259,0.9759259259259259,0.9767025089605734,0.9767025089605734,1.0,1.0,1.0,1.0,1.0,1.0,1.0,0.0,0.0,1.0,1.0,1.0,1.0,1.0,1.0,1.0,1.0,1.0,1.0,1.0,1.0,0.0,0.0,1.0,1.0,1.0,1.0,1.0,0.9444444444444444,0.967741935483871,0.9560931899641577,0.9759259259259259,0.9759259259259259,0.9767025089605734,0.9767025089605734,1.0,1.0,1.0,1.0,1.0,1.0,1.0
Calders,beta=1.0,5,0.9552238805970149,1.0,0.0,0.5,0.0,1.0,1.0,1.0,0.9142857142857143,1.0,0.9571428571428571,0.9142857142857143,0.9142857142857143,0.9142857142857143,0.9142857142857143,1.0,1.0,1.0,1.0,1.0,1.0,1.0,0.0,1.0,0.5,0.0,1.0,0.0,1.0,1.0,0.0,0.5,0.0,1.0,2.0,2.0,0.0,0.0,1.0,1.0,1.0,1.0,1.0,0.9142857142857143,1.0,0.9571428571428571,0.9142857142857143,0.9142857142857143,0.9142857142857143,0.9142857142857143,1.0,1.0,1.0,1.0,1.0,1.0,1.0
Calders,beta=1.0,6,0.9850746268656716,1.0,0.0,0.5,0.0,1.0,1.0,1.0,0.9642857142857143,1.0,0.9821428571428572,0.9642857142857143,0.9642857142857143,0.9642857142857143,0.9642857142857143,1.0,1.0,1.0,1.0,1.0,1.0,1.0,0.0,1.0,0.5,0.0,1.0,0.0,1.0,1.0,0.0,0.5,0.0,1.0,2.0,2.0,0.0,0.0,1.0,1.0,1.0,1.0,1.0,0.9642857142857143,1.0,0.9821428571428572,0.9642857142857143,0.9642857142857143,0.9642857142857143,0.9642857142857143,1.0,1.0,1.0,1.0,1.0,1.0,1.0
Calders,beta=1.0,7,0.9402985074626866,1.0,0.0,0.5,0.0,1.0,1.0,1.0,0.8787878787878788,1.0,0.9393939393939394,0.8787878787878788,0.8787878787878788,0.8787878787878788,0.8787878787878788,1.0,1.0,1.0,1.0,1.0,1.0,1.0,0.0,1.0,0.5,0.0,1.0,0.0,1.0,1.0,0.0,0.5,0.0,1.0,2.0,2.0,0.0,0.0,1.0,1.0,1.0,1.0,1.0,0.8787878787878788,1.0,0.9393939393939394,0.8787878787878788,0.8787878787878788,0.8787878787878788,0.8787878787878788,1.0,1.0,1.0,1.0,1.0,1.0,1.0
Calders,beta=1.0,8,0.9104477611940298,1.0,0.0,0.5,0.0,1.0,1.0,1.0,0.8387096774193549,0.9722222222222222,0.9054659498207885,0.8626728110599079,0.8626728110599079,0.8664874551971327,0.8664874551971327,1.0,1.0,1.0,1.0,1.0,1.0,1.0,0.0,0.0,1.0,1.0,1.0,1.0,1.0,1.0,1.0,1.0,1.0,1.0,1.0,1.0,0.0,0.0,1.0,1.0,1.0,1.0,1.0,0.8387096774193549,0.9722222222222222,0.9054659498207885,0.8626728110599079,0.8626728110599079,0.8664874551971327,0.8664874551971327,1.0,1.0,1.0,1.0,1.0,1.0,1.0
Calders,beta=1.0,9,0.9552238805970149,1.0,0.0,0.5,0.0,1.0,1.0,1.0,0.9473684210526315,0.9655172413793104,0.956442831215971,0.9812030075187969,0.9812030075187969,0.9818511796733211,0.9818511796733211,1.0,1.0,1.0,1.0,1.0,1.0,1.0,0.0,0.0,1.0,1.0,1.0,1.0,1.0,1.0,1.0,1.0,1.0,1.0,1.0,1.0,0.0,0.0,1.0,1.0,1.0,1.0,1.0,0.9473684210526315,0.9655172413793104,0.956442831215971,0.9812030075187969,0.9812030075187969,0.9818511796733211,0.9818511796733211,1.0,1.0,1.0,1.0,1.0,1.0,1.0
ZafarBaseline,,0,1.0,1.0,1.0,1.0,1.0,0.9099264705882353,0.9099264705882353,0.9126559714795008,1.0,1.0,1.0,1.0,1.0,1.0,1.0,1.0,1.0,1.0,1.0,1.0,1.0,1.0,1.0,1.0,1.0,1.0,1.0,1.0,1.0,0.0,0.0,1.0,1.0,1.0,1.0,1.0,0.0,0.0,1.0,1.0,1.0,1.0,1.0,1.0,1.0,1.0,1.0,1.0,1.0,1.0,0.0,0.0,1.0,1.0,1.0,1.0,1.0
ZafarBaseline,,1,1.0,1.0,1.0,1.0,1.0,0.875,0.875,0.875,1.0,1.0,1.0,1.0,1.0,1.0,1.0,1.0,1.0,1.0,1.0,1.0,1.0,1.0,1.0,1.0,1.0,1.0,1.0,1.0,1.0,0.0,0.0,1.0,1.0,1.0,1.0,1.0,0.0,0.0,1.0,1.0,1.0,1.0,1.0,1.0,1.0,1.0,1.0,1.0,1.0,1.0,0.0,1.0,0.5,0.0,1.0,0.0,1.0
ZafarBaseline,,2,1.0,1.0,1.0,1.0,1.0,1.001897533206831,1.001897533206831,1.0017825311942958,1.0,1.0,1.0,1.0,1.0,1.0,1.0,1.0,1.0,1.0,1.0,1.0,1.0,1.0,1.0,1.0,1.0,1.0,1.0,1.0,1.0,0.0,0.0,1.0,1.0,1.0,1.0,1.0,0.0,0.0,1.0,1.0,1.0,1.0,1.0,1.0,1.0,1.0,1.0,1.0,1.0,1.0,0.0,0.0,1.0,1.0,1.0,1.0,1.0
ZafarBaseline,,3,0.9850746268656716,1.0,0.75,0.875,0.85923294280422,0.97856477166822,0.97856477166822,0.9792792792792793,0.972972972972973,1.0,0.9864864864864865,0.972972972972973,0.972972972972973,0.972972972972973,0.972972972972973,1.0,1.0,1.0,1.0,1.0,1.0,1.0,0.6666666666666666,1.0,0.8333333333333333,0.6666666666666666,0.6666666666666666,0.6666666666666666,0.6666666666666666,0.33333333333333337,0.0,0.16666666666666669,0.0,1.0,1.3333333333333335,1.3333333333333335,0.0,0.0,1.0,1.0,1.0,1.0,1.0,0.9714285714285714,1.0,0.9857142857142858,0.9714285714285714,0.9714285714285714,0.9714285714285714,0.9714285714285714,0.0,0.0,1.0,1.0,1.0,1.0,1.0
ZafarBaseline,,4,0.9701492537313433,0.984375,0.6666666666666666,0.8255208333333333,0.6510416666666666,1.039272030651341,1.039272030651341,1.0367383512544803,0.9722222222222222,0.967741935483871,0.9699820788530467,1.0046296296296295,1.0046296296296295,1.0044802867383513,1.0044802867383513,1.0,0.9666666666666667,0.9833333333333334,1.0344827586206897,1.0344827586206897,1.0333333333333332,1.0333333333333332,0.5,1.0,0.75,0.5,0.5,0.5,0.5,0.5,0.0,0.25,0.0,1.0,1.5,1.5,0.0,0.033333333333333326,0.016666666666666663,0.0,1.0,0.9666666666666667,0.9666666666666667,0.9714285714285714,1.0,0.9857142857142858,0.9714285714285714,0.9714285714285714,0.9714285714285714,0.9714285714285714,0.0,0.5,0.25,0.0,1.0,0.5,0.5
ZafarBaseline,,5,0.9850746268656716,1.0,0.6666666666666666,0.8333333333333333,0.8101914936669333,0.9428571428571428,0.9428571428571428,0.9428571428571428,0.9714285714285714,1.0,0.9857142857142858,0.9714285714285714,0.9714285714285714,0.9714285714285714,0.9714285714285714,1.0,1.0,1.0,1.0,1.0,1.0,1.0,0.6666666666666666,1.0,0.8333333333333333,0.6666666666666666,0.6666666666666666,0.6666666666666666,0.6666666666666666,0.33333333333333337,0.0,0.16666666666666669,0.0,1.0,1.3333333333333335,1.3333333333333335,0.0,0.0,1.0,1.0,1.0,1.0,1.0,0.9696969696969697,1.0,0.9848484848484849,0.9696969696969697,0.9696969696969697,0.9696969696969697,0.9696969696969697,0.0,1.0,0.5,0.0,1.0,0.0,1.0
ZafarBaseline,,6,1.0,1.0,1.0,1.0,1.0,0.9642857142857143,0.9642857142857143,0.9642857142857143,1.0,1.0,1.0,1.0,1.0,1.0,1.0,1.0,1.0,1.0,1.0,1.0,1.0,1.0,1.0,1.0,1.0,1.0,1.0,1.0,1.0,0.0,0.0,1.0,1.0,1.0,1.0,1.0,0.0,0.0,1.0,1.0,1.0,1.0,1.0,1.0,1.0,1.0,1.0,1.0,1.0,1.0,0.0,1.0,0.5,0.0,1.0,0.0,1.0
ZafarBaseline,,7,1.0,1.0,1.0,1.0,1.0,0.8787878787878788,0.8787878787878788,0.8787878787878788,1.0,1.0,1.0,1.0,1.0,1.0,1.0,1.0,1.0,1.0,1.0,1.0,1.0,1.0,1.0,1.0,1.0,1.0,1.0,1.0,1.0,0.0,0.0,1.0,1.0,1.0,1.0,1.0,0.0,0.0,1.0,1.0,1.0,1.0,1.0,1.0,1.0,1.0,1.0,1.0,1.0,1.0,0.0,1.0,0.5,0.0,1.0,0.0,1.0
ZafarBaseline,,8,0.9850746268656716,1.0,0.8333333333333334,0.9166666666666667,0.905479140079041,0.895852534562212,0.895852534562212,0.8987455197132617,0.967741935483871,1.0,0.9838709677419355,0.967741935483871,0.967741935483871,0.967741935483871,0.967741935483871,1.0,1.0,1.0,1.0,1.0,1.0,1.0,0.8,1.0,0.9,0.8,0.8,0.8,0.8,0.19999999999999996,0.0,0.09999999999999998,0.0,1.0,1.2,1.2,0.0,0.0,1.0,1.0,1.0,1.0,1.0,0.9629629629629629,1.0,0.9814814814814814,0.9629629629629629,0.9629629629629629,0.9629629629629629,0.9629629629629629,0.0,0.0,1.0,1.0,1.0,1.0,1.0
ZafarBaseline,,9,0.9701492537313433,0.984375,0.6666666666666666,0.8255208333333333,0.6510416666666666,1.0458089668615984,1.0458089668615984,1.0426497277676952,0.9736842105263158,0.9655172413793104,0.9696007259528131,1.0084586466165413,1.0084586466165413,1.0081669691470054,1.0081669691470054,1.0,0.9642857142857143,0.9821428571428572,1.037037037037037,1.037037037037037,1.0357142857142856,1.0357142857142856,0.5,1.0,0.75,0.5,0.5,0.5,0.5,0.5,0.0,0.25,0.0,1.0,1.5,1.5,0.0,0.0357142857142857,0.01785714285714285,0.0,1.0,0.9642857142857143,0.9642857142857143,0.972972972972973,1.0,0.9864864864864865,0.972972972972973,0.972972972972973,0.972972972972973,0.972972972972973,0.0,0.5,0.25,0.0,1.0,0.5,0.5
ZafarFairness,c=0.001,0,0.9850746268656716,1.0,0.8,0.9,0.8873001675315898,0.9402573529411764,0.9402573529411764,0.9420677361853832,0.9705882352941176,1.0,0.9852941176470589,0.9705882352941176,0.9705882352941176,0.9705882352941176,0.9705882352941176,1.0,1.0,1.0,1.0,1.0,1.0,1.0,0.75,1.0,0.875,0.75,0.75,0.75,0.75,0.25,0.0,0.125,0.0,1.0,1.25,1.25,0.0,0.0,1.0,1.0,1.0,1.0,1.0,0.967741935483871,1.0,0.9838709677419355,0.967741935483871,0.967741935483871,0.967741935483871,0.967741935483871,0.0,0.0,1.0,1.0,1.0,1.0,1.0
ZafarFairness,c=0.001,1,0.9850746268656716,1.0,0.75,0.875,0.85923294280422,0.90625,0.90625,0.90625,0.96875,1.0,0.984375,0.96875,0.96875,0.96875,0.96875,1.0,1.0,1.0,1.0,1.0,1.0,1.0,0.75,1.0,0.875,0.75,0.75,0.75,0.75,0.25,0.0,0.125,0.0,1.0,1.25,1.25,0.0,0.0,1.0,1.0,1.0,1.0,1.0,0.9655172413793104,1.0,0.9827586206896552,0.9655172413793104,0.9655172413793104,0.9655172413793104,0.9655172413793104,0.0,1.0,0.5,0.0,1.0,0.0,1.0
ZafarFairness,c=0.001,2,0.9701492537313433,1.0,0.5,0.75,0.6961432213383857,1.064516129032258,1.064516129032258,1.0606060606060606,0.9411764705882353,1.0,0.9705882352941176,0.9411764705882353,0.9411764705882353,0.9411764705882353,0.9411764705882353,1.0,1.0,1.0,1.0,1.0,1.0,1.0,0.0,1.0,0.5,0.0,1.0,0.0,1.0,1.0,0.0,0.5,0.0,1.0,2.0,2.0,0.0,0.0,1.0,1.0,1.0,1.0,1.0,0.9411764705882353,1.0,0.9705882352941176,0.9411764705882353,0.9411764705882353,0.9411764705882353,0.9411764705882353,1.0,0.0,0.5,0.0,1.0,2.0,2.0
ZafarFairness,c=0.001,3,0.9701492537313433,0.9841269841269841,0.75,0.8670634920634921,0.7341269841269841,1.0135135135135136,1.0135135135135136,1.0126126126126125,0.972972972972973,0.9666666666666667,0.9698198198198198,1.0065237651444547,1.0065237651444547,1.0063063063063065,1.0063063063063065,1.0,0.9655172413793104,0.9827586206896552,1.0357142857142856,1.0357142857142856,1.0344827586206895,1.0344827586206895,0.6666666666666666,1.0,0.8333333333333333,0.6666666666666666,0.6666666666666666,0.6666666666666666,0.6666666666666666,0.33333333333333337,0.0,0.16666666666666669,0.0,1.0,1.3333333333333335,1.3333333333333335,0.0,0.03448275862068961,0.017241379310344807,0.0,1.0,0.9655172413793104,0.9655172413793104,0.9714285714285714,1.0,0.9857142857142858,0.9714285714285714,0.9714285714285714,0.9714285714285714,0.9714285714285714,0.0,0.5,0.25,0.0,1.0,0.5,0.5
ZafarFairness,c=0.001,4,0.9552238805970149,0.96875,0.6666666666666666,0.8177083333333333,0.5546371376831473,1.0763888888888888,1.0763888888888888,1.0689964157706093,0.9722222222222222,0.9354838709677419,0.953853046594982,1.039272030651341,1.039272030651341,1.0367383512544803,1.0367383512544803,1.0,0.9333333333333333,0.9666666666666667,1.0714285714285714,1.0714285714285714,1.0666666666666667,1.0666666666666667,0.5,1.0,0.75,0.5,0.5,0.5,0.5,0.5,0.0,0.25,0.0,1.0,1.5,1.5,0.0,0.06666666666666665,0.033333333333333326,0.0,1.0,0.9333333333333333,0.9333333333333333,0.9714285714285714,1.0,0.9857142857142858,0.9714285714285714,0.9714285714285714,0.9714285714285714,0.9714285714285714,0.0,0.6666666666666666,0.3333333333333333,0.0,1.0,0.33333333333333337,0.33333333333333337
ZafarFairness,c=0.001,5,0.9701492537313433,1.0,0.3333333333333333,0.6666666666666666,0.5685352436149612,0.9714285714285714,0.9714285714285714,0.9714285714285714,0.9428571428571428,1.0,0.9714285714285714,0.9428571428571428,0.9428571428571428,0.9428571428571428,0.9428571428571428,1.0,1.0,1.0,1.0,1.0,1.0,1.0,0.3333333333333333,1.0,0.6666666666666666,0.3333333333333333,0.3333333333333333,0.33333333333333326,0.33333333333333326,0.6666666666666667,0.0,0.33333333333333337,0.0,1.0,1.6666666666666667,1.6666666666666667,0.0,0.0,1.0,1.0,1.0,1.0,1.0,0.9411764705882353,1.0,0.9705882352941176,0.9411764705882353,0.9411764705882353,0.9411764705882353,0.9411764705882353,0.0,1.0,0.5,0.0,1.0,0.0,1.0
ZafarFairness,c=0.001,6,0.9850746268656716,0.9848484848484849,1.0,0.9924242424242424,0.701729465267237,0.9896616541353384,0.9896616541353384,0.98992673992674,1.0,0.9743589743589743,0.9871794871794872,1.0263157894736843,1.0263157894736843,1.0256410256410255,1.0256410256410255,1.0,0.9743589743589743,0.9871794871794872,1.0263157894736843,1.0263157894736843,1.0256410256410255,1.0256410256410255,1.0,1.0,1.0,1.0,1.0,1.0,1.0,0.0,0.0,1.0,1.0,1.0,1.0,1.0,0.0,0.02564102564102566,0.01282051282051283,0.0,1.0,0.9743589743589743,0.9743589743589743,1.0,1.0,1.0,1.0,1.0,1.0,1.0,0.0,1.0,0.5,0.0,1.0,0.0,1.0
ZafarFairness,c=0.001,7,1.0,1.0,1.0,1.0,1.0,0.8787878787878788,0.8787878787878788,0.8787878787878788,1.0,1.0,1.0,1.0,1.0,1.0,1.0,1.0,1.0,1.0,1.0,1.0,1.0,1.0,1.0,1.0,1.0,1.0,1.0,1.0,1.0,0.0,0.0,1.0,1.0,1.0,1.0,1.0,0.0,0.0,1.0,1.0,1.0,1.0,1.0,1.0,1.0,1.0,1.0,1.0,1.0,1.0,0.0,1.0,0.5,0.0,1.0,0.0,1.0
ZafarFairness,c=0.001,8,0.9701492537313433,1.0,0.6666666666666666,0.8333333333333333,0.803431792688493,0.9290322580645162,0.9290322580645162,0.9310035842293907,0.9354838709677419,1.0,0.967741935483871,0.9354838709677419,0.9354838709677419,0.9354838709677419,0.9354838709677419,1.0,1.0,1.0,1.0,1.0,1.0,1.0,0.6,1.0,0.8,0.6,0.6,0.6,0.6,0.4,0.0,0.2,0.0,1.0,1.4,1.4,0.0,0.0,1.0,1.0,1.0,1.0,1.0,0.9285714285714286,1.0,0.9642857142857143,0.9285714285714286,0.9285714285714286,0.9285714285714286,0.9285714285714286,0.0,0.0,1.0,1.0,1.0,1.0,1.0
ZafarFairness,c=0.001,9,0.9701492537313433,0.984375,0.6666666666666666,0.8255208333333333,0.6510416666666666,1.0458089668615984,1.0458089668615984,1.0426497277676952,0.9736842105263158,0.9655172413793104,0.9696007259528131,1.0084586466165413,1.0084586466165413,1.0081669691470054,1.0081669691470054,1.0,0.9642857142857143,0.9821428571428572,1.037037037037037,1.037037037037037,1.0357142857142856,1.0357142857142856,0.5,1.0,0.75,0.5,0.5,0.5,0.5,0.5,0.0,0.25,0.0,1.0,1.5,1.5,0.0,0.0357142857142857,0.01785714285714285,0.0,1.0,0.9642857142857143,0.9642857142857143,0.972972972972973,1.0,0.9864864864864865,0.972972972972973,0.972972972972973,0.972972972972973,0.972972972972973,0.0,0.5,0.25,0.0,1.0,0.5,0.5
SDBSVM,,0,0.9850746268656716,1.0,0.8,0.9,0.8873001675315898,0.9402573529411764,0.9402573529411764,0.9420677361853832,0.9705882352941176,1.0,0.9852941176470589,0.9705882352941176,0.9705882352941176,0.9705882352941176,0.9705882352941176,1.0,1.0,1.0,1.0,1.0,1.0,1.0,0.75,1.0,0.875,0.75,0.75,0.75,0.75,0.25,0.0,0.125,0.0,1.0,1.25,1.25,0.0,0.0,1.0,1.0,1.0,1.0,1.0,0.967741935483871,1.0,0.9838709677419355,0.967741935483871,0.967741935483871,0.967741935483871,0.967741935483871,0.0,0.0,1.0,1.0,1.0,1.0,1.0
SDBSVM,,1,0.9701492537313433,1.0,0.5,0.75,0.6961432213383857,0.9375,0.9375,0.9375,0.9375,1.0,0.96875,0.9375,0.9375,0.9375,0.9375,1.0,1.0,1.0,1.0,1.0,1.0,1.0,0.5,1.0,0.75,0.5,0.5,0.5,0.5,0.5,0.0,0.25,0.0,1.0,1.5,1.5,0.0,0.0,1.0,1.0,1.0,1.0,1.0,0.9333333333333333,1.0,0.9666666666666667,0.9333333333333333,0.9333333333333333,0.9333333333333333,0.9333333333333333,0.0,1.0,0.5,0.0,1.0,0.0,1.0
SDBSVM,,2,0.8955223880597015,0.9047619047619048,0.75,0.8273809523809523,0.4549340280700097,1.2811764705882354,1.2811764705882354,1.21301247771836,0.9705882352941176,0.8181818181818182,0.8943850267379679,1.1862745098039216,1.1862745098039216,1.1524064171122994,1.1524064171122994,1.0,0.8064516129032258,0.9032258064516129,1.24,1.24,1.1935483870967742,1.1935483870967742,0.5,1.0,0.75,0.5,0.5,0.5,0.5,0.5,0.0,0.25,0.0,1.0,1.5,1.5,0.0,0.19354838709677424,0.09677419354838712,0.0,1.0,0.8064516129032258,0.8064516129032258,0.9696969696969697,1.0,0.9848484848484849,0.9696969696969697,0.9696969696969697,0.9696969696969697,0.9696969696969697,0.0,0.75,0.375,0.0,1.0,0.25,0.25
SDBSVM,,3,0.9552238805970149,1.0,0.25,0.625,0.4885042104591972,0.972972972972973,0.972972972972973,0.972972972972973,0.9459459459459459,0.9666666666666667,0.9563063063063063,0.97856477166822,0.97856477166822,0.9792792792792793,0.9792792792792793,1.0,1.0,1.0,1.0,1.0,1.0,1.0,0.3333333333333333,0.0,0.16666666666666666,0.0,1.0,1.3333333333333333,1.3333333333333333,0.6666666666666667,1.0,0.8333333333333334,0.6666666666666667,0.6666666666666667,0.6666666666666667,0.6666666666666667,0.0,0.0,1.0,1.0,1.0,1.0,1.0,0.9444444444444444,0.9666666666666667,0.9555555555555555,0.9770114942528735,0.9770114942528735,0.9777777777777777,0.9777777777777777,0.0,1.0,0.5,0.0,1.0,0.0,1.0
SDBSVM,,4,0.9552238805970149,0.96875,0.6666666666666666,0.8177083333333333,0.5546371376831473,1.0763888888888888,1.0763888888888888,1.0689964157706093,0.9722222222222222,0.9354838709677419,0.953853046594982,1.039272030651341,1.039272030651341,1.0367383512544803,1.0367383512544803,1.0,0.9333333333333333,0.9666666666666667,1.0714285714285714,1.0714285714285714,1.0666666666666667,1.0666666666666667,0.5,1.0,0.75,0.5,0.5,0.5,0.5,0.5,0.0,0.25,0.0,1.0,1.5,1.5,0.0,0.06666666666666665,0.033333333333333326,0.0,1.0,0.9333333333333333,0.9333333333333333,0.9714285714285714,1.0,0.9857142857142858,0.9714285714285714,0.9714285714285714,0.9714285714285714,0.9714285714285714,0.0,0.6666666666666666,0.3333333333333333,0.0,1.0,0.33333333333333337,0.33333333333333337
SDBSVM,,5,0.9701492537313433,1.0,0.3333333333333333,0.6666666666666666,0.5685352436149612,0.9714285714285714,0.9714285714285714,0.9714285714285714,0.9428571428571428,1.0,0.9714285714285714,0.9428571428571428,0.9428571428571428,0.9428571428571428,0.9428571428571428,1.0,1.0,1.0,1.0,1.0,1.0,1.0,0.3333333333333333,1.0,0.6666666666666666,0.3333333333333333,0.3333333333333333,0.33333333333333326,0.33333333333333326,0.6666666666666667,0.0,0.33333333333333337,0.0,1.0,1.6666666666666667,1.6666666666666667,0.0,0.0,1.0,1.0,1.0,1.0,1.0,0.9411764705882353,1.0,0.9705882352941176,0.9411764705882353,0.9411764705882353,0.9411764705882353,0.9411764705882353,0.0,1.0,0.5,0.0,1.0,0.0,1.0
SDBSVM,,6,1.0,1.0,1.0,1.0,1.0,0.9642857142857143,0.9642857142857143,0.9642857142857143,1.0,1.0,1.0,1.0,1.0,1.0,1.0,1.0,1.0,1.0,1.0,1.0,1.0,1.0,1.0,1.0,1.0,1.0,1.0,1.0,1.0,0.0,0.0,1.0,1.0,1.0,1.0,1.0,0.0,0.0,1.0,1.0,1.0,1.0,1.0,1.0,1.0,1.0,1.0,1.0,1.0,1.0,0.0,1.0,0.5,0.0,1.0,0.0,1.0
SDBSVM,,7,0.9850746268656716,1.0,0.75,0.875,0.85923294280422,0.9090909090909091,0.9090909090909091,0.9090909090909091,0.9696969696969697,1.0,0.9848484848484849,0.9696969696969697,0.9696969696969697,0.9696969696969697,0.9696969696969697,1.0,1.0,1.0,1.0,1.0,1.0,1.0,0.75,1.0,0.875,0.75,0.75,0.75,0.75,0.25,0.0,0.125,0.0,1.0,1.25,1.25,0.0,0.0,1.0,1.0,1.0,1.0,1.0,0.9666666666666667,1.0,0.9833333333333334,0.9666666666666667,0.9666666666666667,0.9666666666666667,0.9666666666666667,0.0,1.0,0.5,0.0,1.0,0.0,1.0
SDBSVM,,8,0.9701492537313433,1.0,0.6666666666666666,0.8333333333333333,0.803431792688493,0.9290322580645162,0.9290322580645162,0.9310035842293907,0.9354838709677419,1.0,0.967741935483871,0.9354838709677419,0.9354838709677419,0.9354838709677419,0.9354838709677419,1.0,1.0,1.0,1.0,1.0,1.0,1.0,0.6,1.0,0.8,0.6,0.6,0.6,0.6,0.4,0.0,0.2,0.0,1.0,1.4,1.4,0.0,0.0,1.0,1.0,1.0,1.0,1.0,0.9285714285714286,1.0,0.9642857142857143,0.9285714285714286,0.9285714285714286,0.9285714285714286,0.9285714285714286,0.0,0.0,1.0,1.0,1.0,1.0,1.0
SDBSVM,,9,0.9701492537313433,0.96875,1.0,0.984375,0.7623975340988453,1.0566801619433197,1.0566801619433197,1.0508166969147004,1.0,0.9310344827586207,0.9655172413793103,1.0740740740740742,1.0740740740740742,1.0689655172413794,1.0689655172413794,1.0,0.9285714285714286,0.9642857142857143,1.0769230769230769,1.0769230769230769,1.0714285714285714,1.0714285714285714,1.0,1.0,1.0,1.0,1.0,1.0,1.0,0.0,0.0,1.0,1.0,1.0,1.0,1.0,0.0,0.0714285714285714,0.0357142857142857,0.0,1.0,0.9285714285714286,0.9285714285714286,1.0,1.0,1.0,1.0,1.0,1.0,1.0,0.0,0.6666666666666666,0.3333333333333333,0.0,1.0,0.33333333333333337,0.33333333333333337
Kamishima-accuracy,eta=1.0,0,0.9552238805970149,1.0,0.4,0.7,0.6176879969195301,0.9411764705882353,0.9411764705882353,0.9411764705882353,0.9411764705882353,0.9696969696969697,0.9554367201426025,0.9705882352941176,0.9705882352941176,0.9714795008912656,0.9714795008912656,1.0,1.0,1.0,1.0,1.0,1.0,1.0,0.5,0.0,0.25,0.0,1.0,1.5,1.5,0.5,1.0,0.75,0.5,0.5,0.5,0.5,0.0,0.0,1.0,1.0,1.0,1.0,1.0,0.9375,0.9696969696969697,0.9535984848484849,0.966796875,0.966796875,0.9678030303030303,0.9678030303030303,0.0,1.0,0.5,0.0,1.0,0.0,1.0
Kamishima-accuracy,eta=1.0,1,0.9701492537313433,1.0,0.5,0.75,0.6961432213383857,0.9375,0.9375,0.9375,0.9375,1.0,0.96875,0.9375,0.9375,0.9375,0.9375,1.0,1.0,1.0,1.0,1.0,1.0,1.0,0.5,1.0,0.75,0.5,0.5,0.5,0.5,0.5,0.0,0.25,0.0,1.0,1.5,1.5,0.0,0.0,1.0,1.0,1.0,1.0,1.0,0.9333333333333333,1.0,0.9666666666666667,0.9333333333333333,0.9333333333333333,0.9333333333333333,0.9333333333333333,0.0,1.0,0.5,0.0,1.0,0.0,1.0
Kamishima-accuracy,eta=1.0,3,0.9552238805970149,1.0,0.25,0.625,0.4885042104591972,0.972972972972973,0.972972972972973,0.972972972972973,0.9459459459459459,0.9666666666666667,0.9563063063063063,0.97856477166822,0.97856477166822,0.9792792792792793,0.9792792792792793,1.0,1.0,1.0,1.0,1.0,1.0,1.0,0.3333333333333333,0.0,0.16666666666666666,0.0,1.0,1.3333333333333333,1.3333333333333333,0.6666666666666667,1.0,0.8333333333333334,0.6666666666666667,0.6666666666666667,0.6666666666666667,0.6666666666666667,0.0,0.0,1.0,1.0,1.0,1.0,1.0,0.9444444444444444,0.9666666666666667,0.9555555555555555,0.9770114942528735,0.9770114942528735,0.9777777777777777,0.9777777777777777,0.0,1.0,0.5,0.0,1.0,0.0,1.0
Kamishima-accuracy,eta=1.0,4,0.9701492537313433,1.0,0.3333333333333333,0.6666666666666666,0.5685352436149612,0.9722222222222222,0.9722222222222222,0.9722222222222222,0.9722222222222222,0.967741935483871,0.9699820788530467,1.0046296296296295,1.0046296296296295,1.0044802867383513,1.0044802867383513,1.0,1.0,1.0,1.0,1.0,1.0,1.0,0.5,0.0,0.25,0.0,1.0,1.5,1.5,0.5,1.0,0.75,0.5,0.5,0.5,0.5,0.0,0.0,1.0,1.0,1.0,1.0,1.0,0.9714285714285714,0.967741935483871,0.9695852534562213,1.0038095238095237,1.0038095238095237,1.0036866359447005,1.0036866359447005,0.0,1.0,0.5,0.0,1.0,0.0,1.0
Kamishima-accuracy,eta=1.0,5,0.9701492537313433,1.0,0.3333333333333333,0.6666666666666666,0.5685352436149612,0.9714285714285714,0.9714285714285714,0.9714285714285714,0.9428571428571428,1.0,0.9714285714285714,0.9428571428571428,0.9428571428571428,0.9428571428571428,0.9428571428571428,1.0,1.0,1.0,1.0,1.0,1.0,1.0,0.3333333333333333,1.0,0.6666666666666666,0.3333333333333333,0.3333333333333333,0.33333333333333326,0.33333333333333326,0.6666666666666667,0.0,0.33333333333333337,0.0,1.0,1.6666666666666667,1.6666666666666667,0.0,0.0,1.0,1.0,1.0,1.0,1.0,0.9411764705882353,1.0,0.9705882352941176,0.9411764705882353,0.9411764705882353,0.9411764705882353,0.9411764705882353,0.0,1.0,0.5,0.0,1.0,0.0,1.0
Kamishima-accuracy,eta=1.0,6,1.0,1.0,1.0,1.0,1.0,0.9642857142857143,0.9642857142857143,0.9642857142857143,1.0,1.0,1.0,1.0,1.0,1.0,1.0,1.0,1.0,1.0,1.0,1.0,1.0,1.0,1.0,1.0,1.0,1.0,1.0,1.0,1.0,0.0,0.0,1.0,1.0,1.0,1.0,1.0,0.0,0.0,1.0,1.0,1.0,1.0,1.0,1.0,1.0,1.0,1.0,1.0,1.0,1.0,0.0,1.0,0.5,0.0,1.0,0.0,1.0
Kamishima-accuracy,eta=1.0,7,0.9850746268656716,1.0,0.75,0.875,0.85923294280422,0.9090909090909091,0.9090909090909091,0.9090909090909091,0.9696969696969697,1.0,0.9848484848484849,0.9696969696969697,0.9696969696969697,0.9696969696969697,0.9696969696969697,1.0,1.0,1.0,1.0,1.0,1.0,1.0,0.75,1.0,0.875,0.75,0.75,0.75,0.75,0.25,0.0,0.125,0.0,1.0,1.25,1.25,0.0,0.0,1.0,1.0,1.0,1.0,1.0,0.9666666666666667,1.0,0.9833333333333334,0.9666666666666667,0.9666666666666667,0.9666666666666667,0.9666666666666667,0.0,1.0,0.5,0.0,1.0,0.0,1.0
Kamishima-accuracy,eta=1.0,8,0.9402985074626866,1.0,0.3333333333333333,0.6666666666666666,0.5593035962878415,0.9354838709677419,0.9354838709677419,0.9354838709677419,0.9032258064516129,0.9722222222222222,0.9377240143369175,0.9290322580645162,0.9290322580645162,0.9310035842293907,0.9310035842293907,1.0,1.0,1.0,1.0,1.0,1.0,1.0,0.4,0.0,0.2,0.0,1.0,1.4,1.4,0.6,1.0,0.8,0.6,0.6,0.6,0.6,0.0,0.0,1.0,1.0,1.0,1.0,1.0,0.896551724137931,0.9722222222222222,0.9343869731800767,0.9221674876847291,0.9221674876847291,0.9243295019157088,0.9243295019157088,0.0,1.0,0.5,0.0,1.0,0.0,1.0
Kamishima-accuracy,eta=1.0,9,0.9552238805970149,1.0,0.0,0.5,0.0,1.0,1.0,1.0,0.9473684210526315,0.9655172413793104,0.956442831215971,0.9812030075187969,0.9812030075187969,0.9818511796733211,0.9818511796733211,1.0,1.0,1.0,1.0,1.0,1.0,1.0,0.0,0.0,1.0,1.0,1.0,1.0,1.0,1.0,1.0,1.0,1.0,1.0,1.0,1.0,0.0,0.0,1.0,1.0,1.0,1.0,1.0,0.9473684210526315,0.9655172413793104,0.956442831215971,0.9812030075187969,0.9812030075187969,0.9818511796733211,0.9818511796733211,1.0,1.0,1.0,1.0,1.0,1.0,1.0
Kamishima-DIavgall,eta=300.0,0,0.9253731343283582,1.0,0.0,0.5,0.0,1.0,1.0,1.0,0.8823529411764706,0.9696969696969697,0.9260249554367201,0.9099264705882353,0.9099264705882353,0.9126559714795008,0.9126559714795008,1.0,1.0,1.0,1.0,1.0,1.0,1.0,0.0,0.0,1.0,1.0,1.0,1.0,1.0,1.0,1.0,1.0,1.0,1.0,1.0,1.0,0.0,0.0,1.0,1.0,1.0,1.0,1.0,0.8823529411764706,0.9696969696969697,0.9260249554367201,0.9099264705882353,0.9099264705882353,0.9126559714795008,0.9126559714795008,1.0,1.0,1.0,1.0,1.0,1.0,1.0
Kamishima-DIavgall,eta=300.0,1,0.9402985074626866,1.0,0.0,0.5,0.0,1.0,1.0,1.0,0.875,1.0,0.9375,0.875,0.875,0.875,0.875,1.0,1.0,1.0,1.0,1.0,1.0,1.0,0.0,1.0,0.5,0.0,1.0,0.0,1.0,1.0,0.0,0.5,0.0,1.0,2.0,2.0,0.0,0.0,1.0,1.0,1.0,1.0,1.0,0.875,1.0,0.9375,0.875,0.875,0.875,0.875,1.0,1.0,1.0,1.0,1.0,1.0,1.0
Kamishima-DIavgall,eta=300.0,3,0.9402985074626866,1.0,0.0,0.5,0.0,1.0,1.0,1.0,0.918918918918919,0.9666666666666667,0.9427927927927928,0.9506057781919851,0.9506057781919851,0.9522522522522523,0.9522522522522523,1.0,1.0,1.0,1.0,1.0,1.0,1.0,0.0,0.0,1.0,1.0,1.0,1.0,1.0,1.0,1.0,1.0,1.0,1.0,1.0,1.0,0.0,0.0,1.0,1.0,1.0,1.0,1.0,0.918918918918919,0.9666666666666667,0.9427927927927928,0.9506057781919851,0.9506057781919851,0.9522522522522523,0.9522522522522523,1.0,1.0,1.0,1.0,1.0,1.0,1.0
Kamishima-DIavgall,eta=300.0,4,0.9552238805970149,1.0,0.0,0.5,0.0,1.0,1.0,1.0,0.9444444444444444,0.967741935483871,0.9560931899641577,0.9759259259259259,0.9759259259259259,0.9767025089605734,0.9767025089605734,1.0,1.0,1.0,1.0,1.0,1.0,1.0,0.0,0.0,1.0,1.0,1.0,1.0,1.0,1.0,1.0,1.0,1.0,1.0,1.0,1.0,0.0,0.0,1.0,1.0,1.0,1.0,1.0,0.9444444444444444,0.967741935483871,0.9560931899641577,0.9759259259259259,0.9759259259259259,0.9767025089605734,0.9767025089605734,1.0,1.0,1.0,1.0,1.0,1.0,1.0
Kamishima-DIavgall,eta=300.0,5,0.9552238805970149,1.0,0.0,0.5,0.0,1.0,1.0,1.0,0.9142857142857143,1.0,0.9571428571428571,0.9142857142857143,0.9142857142857143,0.9142857142857143,0.9142857142857143,1.0,1.0,1.0,1.0,1.0,1.0,1.0,0.0,1.0,0.5,0.0,1.0,0.0,1.0,1.0,0.0,0.5,0.0,1.0,2.0,2.0,0.0,0.0,1.0,1.0,1.0,1.0,1.0,0.9142857142857143,1.0,0.9571428571428571,0.9142857142857143,0.9142857142857143,0.9142857142857143,0.9142857142857143,1.0,1.0,1.0,1.0,1.0,1.0,1.0
Kamishima-DIavgall,eta=300.0,6,0.9850746268656716,1.0,0.0,0.5,0.0,1.0,1.0,1.0,0.9642857142857143,1.0,0.9821428571428572,0.9642857142857143,0.9642857142857143,0.9642857142857143,0.9642857142857143,1.0,1.0,1.0,1.0,1.0,1.0,1.0,0.0,1.0,0.5,0.0,1.0,0.0,1.0,1.0,0.0,0.5,0.0,1.0,2.0,2.0,0.0,0.0,1.0,1.0,1.0,1.0,1.0,0.9642857142857143,1.0,0.9821428571428572,0.9642857142857143,0.9642857142857143,0.9642857142857143,0.9642857142857143,1.0,1.0,1.0,1.0,1.0,1.0,1.0
Kamishima-DIavgall,eta=300.0,7,0.9402985074626866,1.0,0.0,0.5,0.0,1.0,1.0,1.0,0.8787878787878788,1.0,0.9393939393939394,0.8787878787878788,0.8787878787878788,0.8787878787878788,0.8787878787878788,1.0,1.0,1.0,1.0,1.0,1.0,1.0,0.0,1.0,0.5,0.0,1.0,0.0,1.0,1.0,0.0,0.5,0.0,1.0,2.0,2.0,0.0,0.0,1.0,1.0,1.0,1.0,1.0,0.8787878787878788,1.0,0.9393939393939394,0.8787878787878788,0.8787878787878788,0.8787878787878788,0.8787878787878788,1.0,1.0,1.0,1.0,1.0,1.0,1.0
Kamishima-DIavgall,eta=300.0,8,0.9104477611940298,1.0,0.0,0.5,0.0,1.0,1.0,1.0,0.8387096774193549,0.9722222222222222,0.9054659498207885,0.8626728110599079,0.8626728110599079,0.8664874551971327,0.8664874551971327,1.0,1.0,1.0,1.0,1.0,1.0,1.0,0.0,0.0,1.0,1.0,1.0,1.0,1.0,1.0,1.0,1.0,1.0,1.0,1.0,1.0,0.0,0.0,1.0,1.0,1.0,1.0,1.0,0.8387096774193549,0.9722222222222222,0.9054659498207885,0.8626728110599079,0.8626728110599079,0.8664874551971327,0.8664874551971327,1.0,1.0,1.0,1.0,1.0,1.0,1.0
Kamishima-DIavgall,eta=300.0,9,0.9552238805970149,1.0,0.0,0.5,0.0,1.0,1.0,1.0,0.9473684210526315,0.9655172413793104,0.956442831215971,0.9812030075187969,0.9812030075187969,0.9818511796733211,0.9818511796733211,1.0,1.0,1.0,1.0,1.0,1.0,1.0,0.0,0.0,1.0,1.0,1.0,1.0,1.0,1.0,1.0,1.0,1.0,1.0,1.0,1.0,0.0,0.0,1.0,1.0,1.0,1.0,1.0,0.9473684210526315,0.9655172413793104,0.956442831215971,0.9812030075187969,0.9812030075187969,0.9818511796733211,0.9818511796733211,1.0,1.0,1.0,1.0,1.0,1.0,1.0
Feldman-SVM,lambda=1.0,0,0.9552238805970149,1.0,0.4,0.7,0.6176879969195301,1.0009191176470589,1.0009191176470589,1.000891265597148,0.9117647058823529,1.0,0.9558823529411764,0.9117647058823529,0.9117647058823529,0.9117647058823529,0.9117647058823529,1.0,1.0,1.0,1.0,1.0,1.0,1.0,0.25,1.0,0.625,0.25,0.25,0.25,0.25,0.75,0.0,0.375,0.0,1.0,1.75,1.75,0.0,0.0,1.0,1.0,1.0,1.0,1.0,0.9090909090909091,1.0,0.9545454545454546,0.9090909090909091,0.9090909090909091,0.9090909090909091,0.9090909090909091,0.0,0.0,1.0,1.0,1.0,1.0,1.0
Feldman-SVM,lambda=1.0,1,0.9402985074626866,0.9682539682539683,0.5,0.7341269841269842,0.46825396825396826,0.9943181818181819,0.9943181818181819,0.9946428571428572,0.9375,0.9428571428571428,0.9401785714285714,0.9943181818181819,0.9943181818181819,0.9946428571428572,0.9946428571428572,1.0,0.9428571428571428,0.9714285714285714,1.0606060606060606,1.0606060606060606,1.0571428571428572,1.0571428571428572,0.5,1.0,0.75,0.5,0.5,0.5,0.5,0.5,0.0,0.25,0.0,1.0,1.5,1.5,0.0,0.05714285714285716,0.02857142857142858,0.0,1.0,0.9428571428571428,0.9428571428571428,0.9333333333333333,1.0,0.9666666666666667,0.9333333333333333,0.9333333333333333,0.9333333333333333,0.9333333333333333,0.0,1.0,0.5,0.0,1.0,0.0,1.0
Feldman-SVM,lambda=1.0,3,0.9701492537313433,1.0,0.5,0.75,0.6961432213383857,1.0065237651444547,1.0065237651444547,1.0063063063063065,0.9459459459459459,1.0,0.972972972972973,0.9459459459459459,0.9459459459459459,0.9459459459459459,0.9459459459459459,1.0,1.0,1.0,1.0,1.0,1.0,1.0,0.3333333333333333,1.0,0.6666666666666666,0.3333333333333333,0.3333333333333333,0.33333333333333326,0.33333333333333326,0.6666666666666667,0.0,0.33333333333333337,0.0,1.0,1.6666666666666667,1.6666666666666667,0.0,0.0,1.0,1.0,1.0,1.0,1.0,0.9444444444444444,1.0,0.9722222222222222,0.9444444444444444,0.9444444444444444,0.9444444444444444,0.9444444444444444,0.0,0.0,1.0,1.0,1.0,1.0,1.0
Feldman-SVM,lambda=1.0,4,0.9850746268656716,1.0,0.6666666666666666,0.8333333333333333,0.8101914936669333,1.0046296296296295,1.0046296296296295,1.0044802867383513,0.9722222222222222,1.0,0.9861111111111112,0.9722222222222222,0.9722222222222222,0.9722222222222222,0.9722222222222222,1.0,1.0,1.0,1.0,1.0,1.0,1.0,0.5,1.0,0.75,0.5,0.5,0.5,0.5,0.5,0.0,0.25,0.0,1.0,1.5,1.5,0.0,0.0,1.0,1.0,1.0,1.0,1.0,0.9714285714285714,1.0,0.9857142857142858,0.9714285714285714,0.9714285714285714,0.9714285714285714,0.9714285714285714,0.0,0.0,1.0,1.0,1.0,1.0,1.0
Feldman-SVM,lambda=1.0,5,0.9552238805970149,0.984375,0.3333333333333333,0.6588541666666666,0.38610688370064794,1.0027649769585254,1.0027649769585254,1.0026785714285715,0.9428571428571428,0.96875,0.9558035714285714,0.9732718894009217,0.9732718894009217,0.9741071428571428,0.9741071428571428,1.0,0.96875,0.984375,1.032258064516129,1.032258064516129,1.03125,1.03125,0.3333333333333333,1.0,0.6666666666666666,0.3333333333333333,0.3333333333333333,0.33333333333333326,0.33333333333333326,0.6666666666666667,0.0,0.33333333333333337,0.0,1.0,1.6666666666666667,1.6666666666666667,0.0,0.03125,0.015625,0.0,1.0,0.96875,0.96875,0.9411764705882353,1.0,0.9705882352941176,0.9411764705882353,0.9411764705882353,0.9411764705882353,0.9411764705882353,0.0,1.0,0.5,0.0,1.0,0.0,1.0
Feldman-SVM,lambda=1.0,6,0.9850746268656716,0.9848484848484849,1.0,0.9924242424242424,0.701729465267237,0.9896616541353384,0.9896616541353384,0.98992673992674,1.0,0.9743589743589743,0.9871794871794872,1.0263157894736843,1.0263157894736843,1.0256410256410255,1.0256410256410255,1.0,0.9743589743589743,0.9871794871794872,1.0263157894736843,1.0263157894736843,1.0256410256410255,1.0256410256410255,1.0,1.0,1.0,1.0,1.0,1.0,1.0,0.0,0.0,1.0,1.0,1.0,1.0,1.0,0.0,0.02564102564102566,0.01282051282051283,0.0,1.0,0.9743589743589743,0.9743589743589743,1.0,1.0,1.0,1.0,1.0,1.0,1.0,0.0,1.0,0.5,0.0,1.0,0.0,1.0
Feldman-SVM,lambda=1.0,7,0.9402985074626866,0.9523809523809523,0.75,0.8511904761904762,0.5828173250240297,0.9970674486803519,0.9970674486803519,0.9973262032085561,0.9696969696969697,0.9117647058823529,0.9407308377896613,1.0635386119257086,1.0635386119257086,1.057932263814617,1.057932263814617,1.0,0.9117647058823529,0.9558823529411764,1.096774193548387,1.096774193548387,1.0882352941176472,1.0882352941176472,0.75,1.0,0.875,0.75,0.75,0.75,0.75,0.25,0.0,0.125,0.0,1.0,1.25,1.25,0.0,0.08823529411764708,0.04411764705882354,0.0,1.0,0.9117647058823529,0.9117647058823529,0.9666666666666667,1.0,0.9833333333333334,0.9666666666666667,0.9666666666666667,0.9666666666666667,0.9666666666666667,0.0,1.0,0.5,0.0,1.0,0.0,1.0
Feldman-SVM,lambda=1.0,8,0.9104477611940298,0.9672131147540983,0.3333333333333333,0.6502732240437158,0.3622028573595665,0.9905123339658444,0.9905123339658444,0.9910394265232975,0.9032258064516129,0.9166666666666666,0.9099462365591398,0.9853372434017595,0.9853372434017595,0.9865591397849462,0.9865591397849462,1.0,0.9428571428571428,0.9714285714285714,1.0606060606060606,1.0606060606060606,1.0571428571428572,1.0571428571428572,0.4,0.0,0.2,0.0,1.0,1.4,1.4,0.6,1.0,0.8,0.6,0.6,0.6,0.6,0.0,0.05714285714285716,0.02857142857142858,0.0,1.0,0.9428571428571428,0.9428571428571428,0.896551724137931,0.9705882352941176,0.9335699797160244,0.9237199582027168,0.9237199582027168,0.9259634888438134,0.9259634888438134,0.0,1.0,0.5,0.0,1.0,0.0,1.0
Feldman-SVM,lambda=1.0,9,0.9552238805970149,1.0,0.0,0.5,0.0,1.0,1.0,1.0,0.9473684210526315,0.9655172413793104,0.956442831215971,0.9812030075187969,0.9812030075187969,0.9818511796733211,0.9818511796733211,1.0,1.0,1.0,1.0,1.0,1.0,1.0,0.0,0.0,1.0,1.0,1.0,1.0,1.0,1.0,1.0,1.0,1.0,1.0,1.0,1.0,0.0,0.0,1.0,1.0,1.0,1.0,1.0,0.9473684210526315,0.9655172413793104,0.956442831215971,0.9812030075187969,0.9812030075187969,0.9818511796733211,0.9818511796733211,1.0,1.0,1.0,1.0,1.0,1.0,1.0
Feldman-GaussianNB,lambda=1.0,0,0.9552238805970149,0.9838709677419355,0.6,0.7919354838709678,0.6475860093678135,1.001897533206831,1.001897533206831,1.0017825311942958,0.9411764705882353,0.9696969696969697,0.9554367201426025,0.9705882352941176,0.9705882352941176,0.9714795008912656,0.9714795008912656,1.0,0.96875,0.984375,1.032258064516129,1.032258064516129,1.03125,1.03125,0.5,1.0,0.75,0.5,0.5,0.5,0.5,0.5,0.0,0.25,0.0,1.0,1.5,1.5,0.0,0.03125,0.015625,0.0,1.0,0.96875,0.96875,0.9375,1.0,0.96875,0.9375,0.9375,0.9375,0.9375,0.0,0.5,0.25,0.0,1.0,0.5,0.5
Feldman-GaussianNB,lambda=1.0,1,0.9402985074626866,0.9682539682539683,0.5,0.7341269841269842,0.46825396825396826,0.9943181818181819,0.9943181818181819,0.9946428571428572,0.9375,0.9428571428571428,0.9401785714285714,0.9943181818181819,0.9943181818181819,0.9946428571428572,0.9946428571428572,1.0,0.9428571428571428,0.9714285714285714,1.0606060606060606,1.0606060606060606,1.0571428571428572,1.0571428571428572,0.5,1.0,0.75,0.5,0.5,0.5,0.5,0.5,0.0,0.25,0.0,1.0,1.5,1.5,0.0,0.05714285714285716,0.02857142857142858,0.0,1.0,0.9428571428571428,0.9428571428571428,0.9333333333333333,1.0,0.9666666666666667,0.9333333333333333,0.9333333333333333,0.9333333333333333,0.9333333333333333,0.0,1.0,0.5,0.0,1.0,0.0,1.0
Feldman-GaussianNB,lambda=1.0,2,0.05970149253731343,0.0,1.0,0.5,0.0,1.0,1.0,1.0,0.058823529411764705,0.06060606060606061,0.059714795008912656,0.9705882352941176,0.9705882352941176,0.9982174688057041,0.9982174688057041,0.0,0.0,1.0,1.0,1.0,1.0,1.0,1.0,1.0,1.0,1.0,1.0,1.0,1.0,0.0,0.0,1.0,1.0,1.0,1.0,1.0,1.0,1.0,1.0,1.0,1.0,1.0,1.0,1.0,1.0,1.0,1.0,1.0,1.0,1.0,0.9411764705882353,0.9393939393939394,0.9402852049910874,1.001897533206831,1.001897533206831,1.0017825311942958,1.0017825311942958
Feldman-GaussianNB,lambda=1.0,3,0.9701492537313433,1.0,0.5,0.75,0.6961432213383857,1.0065237651444547,1.0065237651444547,1.0063063063063065,0.9459459459459459,1.0,0.972972972972973,0.9459459459459459,0.9459459459459459,0.9459459459459459,0.9459459459459459,1.0,1.0,1.0,1.0,1.0,1.0,1.0,0.3333333333333333,1.0,0.6666666666666666,0.3333333333333333,0.3333333333333333,0.33333333333333326,0.33333333333333326,0.6666666666666667,0.0,0.33333333333333337,0.0,1.0,1.6666666666666667,1.6666666666666667,0.0,0.0,1.0,1.0,1.0,1.0,1.0,0.9444444444444444,1.0,0.9722222222222222,0.9444444444444444,0.9444444444444444,0.9444444444444444,0.9444444444444444,0.0,0.0,1.0,1.0,1.0,1.0,1.0
Feldman-GaussianNB,lambda=1.0,4,0.9850746268656716,1.0,0.6666666666666666,0.8333333333333333,0.8101914936669333,1.0046296296296295,1.0046296296296295,1.0044802867383513,0.9722222222222222,1.0,0.9861111111111112,0.9722222222222222,0.9722222222222222,0.9722222222222222,0.9722222222222222,1.0,1.0,1.0,1.0,1.0,1.0,1.0,0.5,1.0,0.75,0.5,0.5,0.5,0.5,0.5,0.0,0.25,0.0,1.0,1.5,1.5,0.0,0.0,1.0,1.0,1.0,1.0,1.0,0.9714285714285714,1.0,0.9857142857142858,0.9714285714285714,0.9714285714285714,0.9714285714285714,0.9714285714285714,0.0,0.0,1.0,1.0,1.0,1.0,1.0
Feldman-GaussianNB,lambda=1.0,5,0.9552238805970149,0.984375,0.3333333333333333,0.6588541666666666,0.38610688370064794,1.0027649769585254,1.0027649769585254,1.0026785714285715,0.9428571428571428,0.96875,0.9558035714285714,0.9732718894009217,0.9732718894009217,0.9741071428571428,0.9741071428571428,1.0,0.96875,0.984375,1.032258064516129,1.032258064516129,1.03125,1.03125,0.3333333333333333,1.0,0.6666666666666666,0.3333333333333333,0.3333333333333333,0.33333333333333326,0.33333333333333326,0.6666666666666667,0.0,0.33333333333333337,0.0,1.0,1.6666666666666667,1.6666666666666667,0.0,0.03125,0.015625,0.0,1.0,0.96875,0.96875,0.9411764705882353,1.0,0.9705882352941176,0.9411764705882353,0.9411764705882353,0.9411764705882353,0.9411764705882353,0.0,1.0,0.5,0.0,1.0,0.0,1.0
Feldman-GaussianNB,lambda=1.0,6,0.9850746268656716,0.9848484848484849,1.0,0.9924242424242424,0.701729465267237,0.9896616541353384,0.9896616541353384,0.98992673992674,1.0,0.9743589743589743,0.9871794871794872,1.0263157894736843,1.0263157894736843,1.0256410256410255,1.0256410256410255,1.0,0.9743589743589743,0.9871794871794872,1.0263157894736843,1.0263157894736843,1.0256410256410255,1.0256410256410255,1.0,1.0,1.0,1.0,1.0,1.0,1.0,0.0,0.0,1.0,1.0,1.0,1.0,1.0,0.0,0.02564102564102566,0.01282051282051283,0.0,1.0,0.9743589743589743,0.9743589743589743,1.0,1.0,1.0,1.0,1.0,1.0,1.0,0.0,1.0,0.5,0.0,1.0,0.0,1.0
Feldman-GaussianNB,lambda=1.0,7,0.9402985074626866,0.9841269841269841,0.25,0.6170634920634921,0.32597182586479967,0.9990817263544537,0.9990817263544537,0.9991087344028521,0.9090909090909091,0.9705882352941176,0.9398395721925134,0.9366391184573003,0.9366391184573003,0.9385026737967914,0.9385026737967914,1.0,0.9705882352941176,0.9852941176470589,1.0303030303030303,1.0303030303030303,1.0294117647058822,1.0294117647058822,0.25,1.0,0.625,0.25,0.25,0.25,0.25,0.75,0.0,0.375,0.0,1.0,1.75,1.75,0.0,0.02941176470588236,0.01470588235294118,0.0,1.0,0.9705882352941176,0.9705882352941176,0.90625,1.0,0.953125,0.90625,0.90625,0.90625,0.90625,0.0,1.0,0.5,0.0,1.0,0.0,1.0
Feldman-GaussianNB,lambda=1.0,8,0.9104477611940298,1.0,0.0,0.5,0.0,1.0,1.0,1.0,0.8387096774193549,0.9722222222222222,0.9054659498207885,0.8626728110599079,0.8626728110599079,0.8664874551971327,0.8664874551971327,1.0,1.0,1.0,1.0,1.0,1.0,1.0,0.0,0.0,1.0,1.0,1.0,1.0,1.0,1.0,1.0,1.0,1.0,1.0,1.0,1.0,0.0,0.0,1.0,1.0,1.0,1.0,1.0,0.8387096774193549,0.9722222222222222,0.9054659498207885,0.8626728110599079,0.8626728110599079,0.8664874551971327,0.8664874551971327,1.0,1.0,1.0,1.0,1.0,1.0,1.0
Feldman-GaussianNB,lambda=1.0,9,0.9552238805970149,1.0,0.0,0.5,0.0,1.0,1.0,1.0,0.9473684210526315,0.9655172413793104,0.956442831215971,0.9812030075187969,0.9812030075187969,0.9818511796733211,0.9818511796733211,1.0,1.0,1.0,1.0,1.0,1.0,1.0,0.0,0.0,1.0,1.0,1.0,1.0,1.0,1.0,1.0,1.0,1.0,1.0,1.0,1.0,0.0,0.0,1.0,1.0,1.0,1.0,1.0,0.9473684210526315,0.9655172413793104,0.956442831215971,0.9812030075187969,0.9812030075187969,0.9818511796733211,0.9818511796733211,1.0,1.0,1.0,1.0,1.0,1.0,1.0
Feldman-LR,lambda=1.0,0,0.9552238805970149,1.0,0.4,0.7,0.6176879969195301,1.0009191176470589,1.0009191176470589,1.000891265597148,0.9117647058823529,1.0,0.9558823529411764,0.9117647058823529,0.9117647058823529,0.9117647058823529,0.9117647058823529,1.0,1.0,1.0,1.0,1.0,1.0,1.0,0.25,1.0,0.625,0.25,0.25,0.25,0.25,0.75,0.0,0.375,0.0,1.0,1.75,1.75,0.0,0.0,1.0,1.0,1.0,1.0,1.0,0.9090909090909091,1.0,0.9545454545454546,0.9090909090909091,0.9090909090909091,0.9090909090909091,0.9090909090909091,0.0,0.0,1.0,1.0,1.0,1.0,1.0
Feldman-LR,lambda=1.0,1,0.9402985074626866,0.9841269841269841,0.25,0.6170634920634921,0.32597182586479967,0.9972426470588235,0.9972426470588235,0.9973214285714286,0.90625,0.9714285714285714,0.9388392857142858,0.9329044117647058,0.9329044117647058,0.9348214285714286,0.9348214285714286,1.0,0.9714285714285714,0.9857142857142858,1.0294117647058825,1.0294117647058825,1.0285714285714285,1.0285714285714285,0.25,1.0,0.625,0.25,0.25,0.25,0.25,0.75,0.0,0.375,0.0,1.0,1.75,1.75,0.0,0.02857142857142858,0.01428571428571429,0.0,1.0,0.9714285714285714,0.9714285714285714,0.9032258064516129,1.0,0.9516129032258065,0.9032258064516129,0.9032258064516129,0.9032258064516129,0.9032258064516129,0.0,1.0,0.5,0.0,1.0,0.0,1.0
Feldman-LR,lambda=1.0,3,0.9701492537313433,1.0,0.5,0.75,0.6961432213383857,1.0065237651444547,1.0065237651444547,1.0063063063063065,0.9459459459459459,1.0,0.972972972972973,0.9459459459459459,0.9459459459459459,0.9459459459459459,0.9459459459459459,1.0,1.0,1.0,1.0,1.0,1.0,1.0,0.3333333333333333,1.0,0.6666666666666666,0.3333333333333333,0.3333333333333333,0.33333333333333326,0.33333333333333326,0.6666666666666667,0.0,0.33333333333333337,0.0,1.0,1.6666666666666667,1.6666666666666667,0.0,0.0,1.0,1.0,1.0,1.0,1.0,0.9444444444444444,1.0,0.9722222222222222,0.9444444444444444,0.9444444444444444,0.9444444444444444,0.9444444444444444,0.0,0.0,1.0,1.0,1.0,1.0,1.0
Feldman-LR,lambda=1.0,4,0.9850746268656716,1.0,0.6666666666666666,0.8333333333333333,0.8101914936669333,1.0046296296296295,1.0046296296296295,1.0044802867383513,0.9722222222222222,1.0,0.9861111111111112,0.9722222222222222,0.9722222222222222,0.9722222222222222,0.9722222222222222,1.0,1.0,1.0,1.0,1.0,1.0,1.0,0.5,1.0,0.75,0.5,0.5,0.5,0.5,0.5,0.0,0.25,0.0,1.0,1.5,1.5,0.0,0.0,1.0,1.0,1.0,1.0,1.0,0.9714285714285714,1.0,0.9857142857142858,0.9714285714285714,0.9714285714285714,0.9714285714285714,0.9714285714285714,0.0,0.0,1.0,1.0,1.0,1.0,1.0
Feldman-LR,lambda=1.0,5,0.9552238805970149,0.984375,0.3333333333333333,0.6588541666666666,0.38610688370064794,1.0027649769585254,1.0027649769585254,1.0026785714285715,0.9428571428571428,0.96875,0.9558035714285714,0.9732718894009217,0.9732718894009217,0.9741071428571428,0.9741071428571428,1.0,0.96875,0.984375,1.032258064516129,1.032258064516129,1.03125,1.03125,0.3333333333333333,1.0,0.6666666666666666,0.3333333333333333,0.3333333333333333,0.33333333333333326,0.33333333333333326,0.6666666666666667,0.0,0.33333333333333337,0.0,1.0,1.6666666666666667,1.6666666666666667,0.0,0.03125,0.015625,0.0,1.0,0.96875,0.96875,0.9411764705882353,1.0,0.9705882352941176,0.9411764705882353,0.9411764705882353,0.9411764705882353,0.9411764705882353,0.0,1.0,0.5,0.0,1.0,0.0,1.0
Feldman-LR,lambda=1.0,6,0.9850746268656716,0.9848484848484849,1.0,0.9924242424242424,0.701729465267237,0.9896616541353384,0.9896616541353384,0.98992673992674,1.0,0.9743589743589743,0.9871794871794872,1.0263157894736843,1.0263157894736843,1.0256410256410255,1.0256410256410255,1.0,0.9743589743589743,0.9871794871794872,1.0263157894736843,1.0263157894736843,1.0256410256410255,1.0256410256410255,1.0,1.0,1.0,1.0,1.0,1.0,1.0,0.0,0.0,1.0,1.0,1.0,1.0,1.0,0.0,0.02564102564102566,0.01282051282051283,0.0,1.0,0.9743589743589743,0.9743589743589743,1.0,1.0,1.0,1.0,1.0,1.0,1.0,0.0,1.0,0.5,0.0,1.0,0.0,1.0
Feldman-LR,lambda=1.0,7,0.9402985074626866,0.9682539682539683,0.5,0.7341269841269842,0.46825396825396826,0.9981060606060607,0.9981060606060607,0.9982174688057042,0.9393939393939394,0.9411764705882353,0.9402852049910874,0.9981060606060607,0.9981060606060607,0.9982174688057042,0.9982174688057042,1.0,0.9411764705882353,0.9705882352941176,1.0625,1.0625,1.0588235294117647,1.0588235294117647,0.5,1.0,0.75,0.5,0.5,0.5,0.5,0.5,0.0,0.25,0.0,1.0,1.5,1.5,0.0,0.05882352941176472,0.02941176470588236,0.0,1.0,0.9411764705882353,0.9411764705882353,0.9354838709677419,1.0,0.967741935483871,0.9354838709677419,0.9354838709677419,0.9354838709677419,0.9354838709677419,0.0,1.0,0.5,0.0,1.0,0.0,1.0
Feldman-LR,lambda=1.0,8,0.9402985074626866,0.9836065573770492,0.5,0.7418032786885246,0.5828173250240297,0.9905123339658444,0.9905123339658444,0.9910394265232975,0.9032258064516129,0.9722222222222222,0.9377240143369175,0.9290322580645162,0.9290322580645162,0.9310035842293907,0.9310035842293907,1.0,0.9714285714285714,0.9857142857142858,1.0294117647058825,1.0294117647058825,1.0285714285714285,1.0285714285714285,0.4,1.0,0.7,0.4,0.4,0.4,0.4,0.6,0.0,0.3,0.0,1.0,1.6,1.6,0.0,0.02857142857142858,0.01428571428571429,0.0,1.0,0.9714285714285714,0.9714285714285714,0.896551724137931,1.0,0.9482758620689655,0.896551724137931,0.896551724137931,0.896551724137931,0.896551724137931,0.0,0.5,0.25,0.0,1.0,0.5,0.5
Feldman-LR,lambda=1.0,9,0.9552238805970149,1.0,0.0,0.5,0.0,1.0,1.0,1.0,0.9473684210526315,0.9655172413793104,0.956442831215971,0.9812030075187969,0.9812030075187969,0.9818511796733211,0.9818511796733211,1.0,1.0,1.0,1.0,1.0,1.0,1.0,0.0,0.0,1.0,1.0,1.0,1.0,1.0,1.0,1.0,1.0,1.0,1.0,1.0,1.0,0.0,0.0,1.0,1.0,1.0,1.0,1.0,0.9473684210526315,0.9655172413793104,0.956442831215971,0.9812030075187969,0.9812030075187969,0.9818511796733211,0.9818511796733211,1.0,1.0,1.0,1.0,1.0,1.0,1.0
Feldman-DecisionTree,lambda=1.0,0,0.9552238805970149,0.9516129032258065,1.0,0.9758064516129032,0.7712055916006633,1.0040567951318458,1.0040567951318458,1.0035650623885917,1.0,0.9090909090909091,0.9545454545454546,1.1,1.1,1.0909090909090908,1.0909090909090908,1.0,0.90625,0.953125,1.103448275862069,1.103448275862069,1.09375,1.09375,1.0,1.0,1.0,1.0,1.0,1.0,1.0,0.0,0.0,1.0,1.0,1.0,1.0,1.0,0.0,0.09375,0.046875,0.0,1.0,0.90625,0.90625,1.0,1.0,1.0,1.0,1.0,1.0,1.0,0.0,0.75,0.375,0.0,1.0,0.25,0.25
Feldman-DecisionTree,lambda=1.0,1,0.9402985074626866,0.9365079365079365,1.0,0.9682539682539683,0.6842908506285673,0.9879032258064516,0.9879032258064516,0.9892857142857143,1.0,0.8857142857142857,0.9428571428571428,1.1290322580645162,1.1290322580645162,1.1142857142857143,1.1142857142857143,1.0,0.8857142857142857,0.9428571428571428,1.1290322580645162,1.1290322580645162,1.1142857142857143,1.1142857142857143,1.0,1.0,1.0,1.0,1.0,1.0,1.0,0.0,0.0,1.0,1.0,1.0,1.0,1.0,0.0,0.11428571428571432,0.05714285714285716,0.0,1.0,0.8857142857142857,0.8857142857142857,1.0,1.0,1.0,1.0,1.0,1.0,1.0,0.0,1.0,0.5,0.0,1.0,0.0,1.0
Feldman-DecisionTree,lambda=1.0,2,0.05970149253731343,0.0,1.0,0.5,0.0,1.0,1.0,1.0,0.058823529411764705,0.06060606060606061,0.059714795008912656,0.9705882352941176,0.9705882352941176,0.9982174688057041,0.9982174688057041,0.0,0.0,1.0,1.0,1.0,1.0,1.0,1.0,1.0,1.0,1.0,1.0,1.0,1.0,0.0,0.0,1.0,1.0,1.0,1.0,1.0,1.0,1.0,1.0,1.0,1.0,1.0,1.0,1.0,1.0,1.0,1.0,1.0,1.0,1.0,0.9411764705882353,0.9393939393939394,0.9402852049910874,1.001897533206831,1.001897533206831,1.0017825311942958,1.0017825311942958
Feldman-DecisionTree,lambda=1.0,3,0.9701492537313433,0.9841269841269841,0.75,0.8670634920634921,0.7341269841269841,1.0135135135135136,1.0135135135135136,1.0126126126126125,0.972972972972973,0.9666666666666667,0.9698198198198198,1.0065237651444547,1.0065237651444547,1.0063063063063065,1.0063063063063065,1.0,0.9655172413793104,0.9827586206896552,1.0357142857142856,1.0357142857142856,1.0344827586206895,1.0344827586206895,0.6666666666666666,1.0,0.8333333333333333,0.6666666666666666,0.6666666666666666,0.6666666666666666,0.6666666666666666,0.33333333333333337,0.0,0.16666666666666669,0.0,1.0,1.3333333333333335,1.3333333333333335,0.0,0.03448275862068961,0.017241379310344807,0.0,1.0,0.9655172413793104,0.9655172413793104,0.9714285714285714,1.0,0.9857142857142858,0.9714285714285714,0.9714285714285714,0.9714285714285714,0.9714285714285714,0.0,0.5,0.25,0.0,1.0,0.5,0.5
Feldman-DecisionTree,lambda=1.0,4,0.9850746268656716,1.0,0.6666666666666666,0.8333333333333333,0.8101914936669333,1.0046296296296295,1.0046296296296295,1.0044802867383513,0.9722222222222222,1.0,0.9861111111111112,0.9722222222222222,0.9722222222222222,0.9722222222222222,0.9722222222222222,1.0,1.0,1.0,1.0,1.0,1.0,1.0,0.5,1.0,0.75,0.5,0.5,0.5,0.5,0.5,0.0,0.25,0.0,1.0,1.5,1.5,0.0,0.0,1.0,1.0,1.0,1.0,1.0,0.9714285714285714,1.0,0.9857142857142858,0.9714285714285714,0.9714285714285714,0.9714285714285714,0.9714285714285714,0.0,0.0,1.0,1.0,1.0,1.0,1.0
Feldman-DecisionTree,lambda=1.0,5,0.9552238805970149,0.96875,0.6666666666666666,0.8177083333333333,0.5546371376831473,1.0057142857142858,1.0057142857142858,1.0053571428571428,0.9714285714285714,0.9375,0.9544642857142858,1.036190476190476,1.036190476190476,1.0339285714285715,1.0339285714285715,1.0,0.9375,0.96875,1.0666666666666667,1.0666666666666667,1.0625,1.0625,0.6666666666666666,1.0,0.8333333333333333,0.6666666666666666,0.6666666666666666,0.6666666666666666,0.6666666666666666,0.33333333333333337,0.0,0.16666666666666669,0.0,1.0,1.3333333333333335,1.3333333333333335,0.0,0.0625,0.03125,0.0,1.0,0.9375,0.9375,0.9696969696969697,1.0,0.9848484848484849,0.9696969696969697,0.9696969696969697,0.9696969696969697,0.9696969696969697,0.0,1.0,0.5,0.0,1.0,0.0,1.0
Feldman-DecisionTree,lambda=1.0,6,0.9850746268656716,0.9848484848484849,1.0,0.9924242424242424,0.701729465267237,0.9896616541353384,0.9896616541353384,0.98992673992674,1.0,0.9743589743589743,0.9871794871794872,1.0263157894736843,1.0263157894736843,1.0256410256410255,1.0256410256410255,1.0,0.9743589743589743,0.9871794871794872,1.0263157894736843,1.0263157894736843,1.0256410256410255,1.0256410256410255,1.0,1.0,1.0,1.0,1.0,1.0,1.0,0.0,0.0,1.0,1.0,1.0,1.0,1.0,0.0,0.02564102564102566,0.01282051282051283,0.0,1.0,0.9743589743589743,0.9743589743589743,1.0,1.0,1.0,1.0,1.0,1.0,1.0,0.0,1.0,0.5,0.0,1.0,0.0,1.0
Feldman-DecisionTree,lambda=1.0,7,0.9402985074626866,0.9365079365079365,1.0,0.9682539682539683,0.6842908506285673,0.9959595959595959,0.9959595959595959,0.9964349376114082,1.0,0.8823529411764706,0.9411764705882353,1.1333333333333333,1.1333333333333333,1.1176470588235294,1.1176470588235294,1.0,0.8823529411764706,0.9411764705882353,1.1333333333333333,1.1333333333333333,1.1176470588235294,1.1176470588235294,1.0,1.0,1.0,1.0,1.0,1.0,1.0,0.0,0.0,1.0,1.0,1.0,1.0,1.0,0.0,0.11764705882352944,0.05882352941176472,0.0,1.0,0.8823529411764706,0.8823529411764706,1.0,1.0,1.0,1.0,1.0,1.0,1.0,0.0,1.0,0.5,0.0,1.0,0.0,1.0
Feldman-DecisionTree,lambda=1.0,8,0.9253731343283582,0.9344262295081968,0.8333333333333334,0.8838797814207651,0.6428809039203306,1.0114464099895941,1.0114464099895941,1.0098566308243728,0.967741935483871,0.8888888888888888,0.9283154121863799,1.088709677419355,1.088709677419355,1.0788530465949822,1.0788530465949822,1.0,0.8857142857142857,0.9428571428571428,1.1290322580645162,1.1290322580645162,1.1142857142857143,1.1142857142857143,0.8,1.0,0.9,0.8,0.8,0.8,0.8,0.19999999999999996,0.0,0.09999999999999998,0.0,1.0,1.2,1.2,0.0,0.11428571428571432,0.05714285714285716,0.0,1.0,0.8857142857142857,0.8857142857142857,0.9629629629629629,1.0,0.9814814814814814,0.9629629629629629,0.9629629629629629,0.9629629629629629,0.9629629629629629,0.0,0.8,0.4,0.0,1.0,0.19999999999999996,0.19999999999999996
Feldman-DecisionTree,lambda=1.0,9,0.9850746268656716,1.0,0.6666666666666666,0.8333333333333333,0.8101914936669333,1.0084586466165413,1.0084586466165413,1.0081669691470054,0.9736842105263158,1.0,0.986842105263158,0.9736842105263158,0.9736842105263158,0.9736842105263158,0.9736842105263158,1.0,1.0,1.0,1.0,1.0,1.0,1.0,0.5,1.0,0.75,0.5,0.5,0.5,0.5,0.5,0.0,0.25,0.0,1.0,1.5,1.5,0.0,0.0,1.0,1.0,1.0,1.0,1.0,0.972972972972973,1.0,0.9864864864864865,0.972972972972973,0.972972972972973,0.972972972972973,0.972972972972973,0.0,0.0,1.0,1.0,1.0,1.0,1.0
Feldman-SVM-DIavgall,lambda=1.0,0,0.9552238805970149,1.0,0.4,0.7,0.6176879969195301,1.0009191176470589,1.0009191176470589,1.000891265597148,0.9117647058823529,1.0,0.9558823529411764,0.9117647058823529,0.9117647058823529,0.9117647058823529,0.9117647058823529,1.0,1.0,1.0,1.0,1.0,1.0,1.0,0.25,1.0,0.625,0.25,0.25,0.25,0.25,0.75,0.0,0.375,0.0,1.0,1.75,1.75,0.0,0.0,1.0,1.0,1.0,1.0,1.0,0.9090909090909091,1.0,0.9545454545454546,0.9090909090909091,0.9090909090909091,0.9090909090909091,0.9090909090909091,0.0,0.0,1.0,1.0,1.0,1.0,1.0
Feldman-SVM-DIavgall,lambda=1.0,1,0.9402985074626866,0.9682539682539683,0.5,0.7341269841269842,0.46825396825396826,0.9943181818181819,0.9943181818181819,0.9946428571428572,0.9375,0.9428571428571428,0.9401785714285714,0.9943181818181819,0.9943181818181819,0.9946428571428572,0.9946428571428572,1.0,0.9428571428571428,0.9714285714285714,1.0606060606060606,1.0606060606060606,1.0571428571428572,1.0571428571428572,0.5,1.0,0.75,0.5,0.5,0.5,0.5,0.5,0.0,0.25,0.0,1.0,1.5,1.5,0.0,0.05714285714285716,0.02857142857142858,0.0,1.0,0.9428571428571428,0.9428571428571428,0.9333333333333333,1.0,0.9666666666666667,0.9333333333333333,0.9333333333333333,0.9333333333333333,0.9333333333333333,0.0,1.0,0.5,0.0,1.0,0.0,1.0
Feldman-SVM-DIavgall,lambda=0.5,2,0.9402985074626866,1.0,0.0,0.5,0.0,1.0,1.0,1.0,0.9411764705882353,0.9393939393939394,0.9402852049910874,1.001897533206831,1.001897533206831,1.0017825311942958,1.0017825311942958,1.0,1.0,1.0,1.0,1.0,1.0,1.0,0.0,0.0,1.0,1.0,1.0,1.0,1.0,1.0,1.0,1.0,1.0,1.0,1.0,1.0,0.0,0.0,1.0,1.0,1.0,1.0,1.0,0.9411764705882353,0.9393939393939394,0.9402852049910874,1.001897533206831,1.001897533206831,1.0017825311942958,1.0017825311942958,1.0,1.0,1.0,1.0,1.0,1.0,1.0
Feldman-SVM-DIavgall,lambda=1.0,3,0.9701492537313433,1.0,0.5,0.75,0.6961432213383857,1.0065237651444547,1.0065237651444547,1.0063063063063065,0.9459459459459459,1.0,0.972972972972973,0.9459459459459459,0.9459459459459459,0.9459459459459459,0.9459459459459459,1.0,1.0,1.0,1.0,1.0,1.0,1.0,0.3333333333333333,1.0,0.6666666666666666,0.3333333333333333,0.3333333333333333,0.33333333333333326,0.33333333333333326,0.6666666666666667,0.0,0.33333333333333337,0.0,1.0,1.6666666666666667,1.6666666666666667,0.0,0.0,1.0,1.0,1.0,1.0,1.0,0.9444444444444444,1.0,0.9722222222222222,0.9444444444444444,0.9444444444444444,0.9444444444444444,0.9444444444444444,0.0,0.0,1.0,1.0,1.0,1.0,1.0
Feldman-SVM-DIavgall,lambda=1.0,4,0.9850746268656716,1.0,0.6666666666666666,0.8333333333333333,0.8101914936669333,1.0046296296296295,1.0046296296296295,1.0044802867383513,0.9722222222222222,1.0,0.9861111111111112,0.9722222222222222,0.9722222222222222,0.9722222222222222,0.9722222222222222,1.0,1.0,1.0,1.0,1.0,1.0,1.0,0.5,1.0,0.75,0.5,0.5,0.5,0.5,0.5,0.0,0.25,0.0,1.0,1.5,1.5,0.0,0.0,1.0,1.0,1.0,1.0,1.0,0.9714285714285714,1.0,0.9857142857142858,0.9714285714285714,0.9714285714285714,0.9714285714285714,0.9714285714285714,0.0,0.0,1.0,1.0,1.0,1.0,1.0
Feldman-SVM-DIavgall,lambda=1.0,5,0.9552238805970149,0.984375,0.3333333333333333,0.6588541666666666,0.38610688370064794,1.0027649769585254,1.0027649769585254,1.0026785714285715,0.9428571428571428,0.96875,0.9558035714285714,0.9732718894009217,0.9732718894009217,0.9741071428571428,0.9741071428571428,1.0,0.96875,0.984375,1.032258064516129,1.032258064516129,1.03125,1.03125,0.3333333333333333,1.0,0.6666666666666666,0.3333333333333333,0.3333333333333333,0.33333333333333326,0.33333333333333326,0.6666666666666667,0.0,0.33333333333333337,0.0,1.0,1.6666666666666667,1.6666666666666667,0.0,0.03125,0.015625,0.0,1.0,0.96875,0.96875,0.9411764705882353,1.0,0.9705882352941176,0.9411764705882353,0.9411764705882353,0.9411764705882353,0.9411764705882353,0.0,1.0,0.5,0.0,1.0,0.0,1.0
Feldman-SVM-DIavgall,lambda=1.0,6,0.9850746268656716,0.9848484848484849,1.0,0.9924242424242424,0.701729465267237,0.9896616541353384,0.9896616541353384,0.98992673992674,1.0,0.9743589743589743,0.9871794871794872,1.0263157894736843,1.0263157894736843,1.0256410256410255,1.0256410256410255,1.0,0.9743589743589743,0.9871794871794872,1.0263157894736843,1.0263157894736843,1.0256410256410255,1.0256410256410255,1.0,1.0,1.0,1.0,1.0,1.0,1.0,0.0,0.0,1.0,1.0,1.0,1.0,1.0,0.0,0.02564102564102566,0.01282051282051283,0.0,1.0,0.9743589743589743,0.9743589743589743,1.0,1.0,1.0,1.0,1.0,1.0,1.0,0.0,1.0,0.5,0.0,1.0,0.0,1.0
Feldman-SVM-DIavgall,lambda=1.0,7,0.9402985074626866,0.9523809523809523,0.75,0.8511904761904762,0.5828173250240297,0.9970674486803519,0.9970674486803519,0.9973262032085561,0.9696969696969697,0.9117647058823529,0.9407308377896613,1.0635386119257086,1.0635386119257086,1.057932263814617,1.057932263814617,1.0,0.9117647058823529,0.9558823529411764,1.096774193548387,1.096774193548387,1.0882352941176472,1.0882352941176472,0.75,1.0,0.875,0.75,0.75,0.75,0.75,0.25,0.0,0.125,0.0,1.0,1.25,1.25,0.0,0.08823529411764708,0.04411764705882354,0.0,1.0,0.9117647058823529,0.9117647058823529,0.9666666666666667,1.0,0.9833333333333334,0.9666666666666667,0.9666666666666667,0.9666666666666667,0.9666666666666667,0.0,1.0,0.5,0.0,1.0,0.0,1.0
Feldman-SVM-DIavgall,lambda=1.0,8,0.9104477611940298,0.9672131147540983,0.3333333333333333,0.6502732240437158,0.3622028573595665,0.9905123339658444,0.9905123339658444,0.9910394265232975,0.9032258064516129,0.9166666666666666,0.9099462365591398,0.9853372434017595,0.9853372434017595,0.9865591397849462,0.9865591397849462,1.0,0.9428571428571428,0.9714285714285714,1.0606060606060606,1.0606060606060606,1.0571428571428572,1.0571428571428572,0.4,0.0,0.2,0.0,1.0,1.4,1.4,0.6,1.0,0.8,0.6,0.6,0.6,0.6,0.0,0.05714285714285716,0.02857142857142858,0.0,1.0,0.9428571428571428,0.9428571428571428,0.896551724137931,0.9705882352941176,0.9335699797160244,0.9237199582027168,0.9237199582027168,0.9259634888438134,0.9259634888438134,0.0,1.0,0.5,0.0,1.0,0.0,1.0
Feldman-SVM-DIavgall,lambda=1.0,9,0.9552238805970149,1.0,0.0,0.5,0.0,1.0,1.0,1.0,0.9473684210526315,0.9655172413793104,0.956442831215971,0.9812030075187969,0.9812030075187969,0.9818511796733211,0.9818511796733211,1.0,1.0,1.0,1.0,1.0,1.0,1.0,0.0,0.0,1.0,1.0,1.0,1.0,1.0,1.0,1.0,1.0,1.0,1.0,1.0,1.0,0.0,0.0,1.0,1.0,1.0,1.0,1.0,0.9473684210526315,0.9655172413793104,0.956442831215971,0.9812030075187969,0.9812030075187969,0.9818511796733211,0.9818511796733211,1.0,1.0,1.0,1.0,1.0,1.0,1.0
Feldman-SVM-accuracy,lambda=1.0,0,0.9552238805970149,1.0,0.4,0.7,0.6176879969195301,1.0009191176470589,1.0009191176470589,1.000891265597148,0.9117647058823529,1.0,0.9558823529411764,0.9117647058823529,0.9117647058823529,0.9117647058823529,0.9117647058823529,1.0,1.0,1.0,1.0,1.0,1.0,1.0,0.25,1.0,0.625,0.25,0.25,0.25,0.25,0.75,0.0,0.375,0.0,1.0,1.75,1.75,0.0,0.0,1.0,1.0,1.0,1.0,1.0,0.9090909090909091,1.0,0.9545454545454546,0.9090909090909091,0.9090909090909091,0.9090909090909091,0.9090909090909091,0.0,0.0,1.0,1.0,1.0,1.0,1.0
Feldman-SVM-accuracy,lambda=0.95,1,0.9402985074626866,0.9682539682539683,0.5,0.7341269841269842,0.46825396825396826,0.9943181818181819,0.9943181818181819,0.9946428571428572,0.9375,0.9428571428571428,0.9401785714285714,0.9943181818181819,0.9943181818181819,0.9946428571428572,0.9946428571428572,1.0,0.9428571428571428,0.9714285714285714,1.0606060606060606,1.0606060606060606,1.0571428571428572,1.0571428571428572,0.5,1.0,0.75,0.5,0.5,0.5,0.5,0.5,0.0,0.25,0.0,1.0,1.5,1.5,0.0,0.05714285714285716,0.02857142857142858,0.0,1.0,0.9428571428571428,0.9428571428571428,0.9333333333333333,1.0,0.9666666666666667,0.9333333333333333,0.9333333333333333,0.9333333333333333,0.9333333333333333,0.0,1.0,0.5,0.0,1.0,0.0,1.0
Feldman-SVM-accuracy,lambda=0.5,2,0.9402985074626866,1.0,0.0,0.5,0.0,1.0,1.0,1.0,0.9411764705882353,0.9393939393939394,0.9402852049910874,1.001897533206831,1.001897533206831,1.0017825311942958,1.0017825311942958,1.0,1.0,1.0,1.0,1.0,1.0,1.0,0.0,0.0,1.0,1.0,1.0,1.0,1.0,1.0,1.0,1.0,1.0,1.0,1.0,1.0,0.0,0.0,1.0,1.0,1.0,1.0,1.0,0.9411764705882353,0.9393939393939394,0.9402852049910874,1.001897533206831,1.001897533206831,1.0017825311942958,1.0017825311942958,1.0,1.0,1.0,1.0,1.0,1.0,1.0
Feldman-SVM-accuracy,lambda=1.0,3,0.9701492537313433,1.0,0.5,0.75,0.6961432213383857,1.0065237651444547,1.0065237651444547,1.0063063063063065,0.9459459459459459,1.0,0.972972972972973,0.9459459459459459,0.9459459459459459,0.9459459459459459,0.9459459459459459,1.0,1.0,1.0,1.0,1.0,1.0,1.0,0.3333333333333333,1.0,0.6666666666666666,0.3333333333333333,0.3333333333333333,0.33333333333333326,0.33333333333333326,0.6666666666666667,0.0,0.33333333333333337,0.0,1.0,1.6666666666666667,1.6666666666666667,0.0,0.0,1.0,1.0,1.0,1.0,1.0,0.9444444444444444,1.0,0.9722222222222222,0.9444444444444444,0.9444444444444444,0.9444444444444444,0.9444444444444444,0.0,0.0,1.0,1.0,1.0,1.0,1.0
Feldman-SVM-accuracy,lambda=1.0,4,0.9850746268656716,1.0,0.6666666666666666,0.8333333333333333,0.8101914936669333,1.0046296296296295,1.0046296296296295,1.0044802867383513,0.9722222222222222,1.0,0.9861111111111112,0.9722222222222222,0.9722222222222222,0.9722222222222222,0.9722222222222222,1.0,1.0,1.0,1.0,1.0,1.0,1.0,0.5,1.0,0.75,0.5,0.5,0.5,0.5,0.5,0.0,0.25,0.0,1.0,1.5,1.5,0.0,0.0,1.0,1.0,1.0,1.0,1.0,0.9714285714285714,1.0,0.9857142857142858,0.9714285714285714,0.9714285714285714,0.9714285714285714,0.9714285714285714,0.0,0.0,1.0,1.0,1.0,1.0,1.0
Feldman-SVM-accuracy,lambda=1.0,5,0.9552238805970149,0.984375,0.3333333333333333,0.6588541666666666,0.38610688370064794,1.0027649769585254,1.0027649769585254,1.0026785714285715,0.9428571428571428,0.96875,0.9558035714285714,0.9732718894009217,0.9732718894009217,0.9741071428571428,0.9741071428571428,1.0,0.96875,0.984375,1.032258064516129,1.032258064516129,1.03125,1.03125,0.3333333333333333,1.0,0.6666666666666666,0.3333333333333333,0.3333333333333333,0.33333333333333326,0.33333333333333326,0.6666666666666667,0.0,0.33333333333333337,0.0,1.0,1.6666666666666667,1.6666666666666667,0.0,0.03125,0.015625,0.0,1.0,0.96875,0.96875,0.9411764705882353,1.0,0.9705882352941176,0.9411764705882353,0.9411764705882353,0.9411764705882353,0.9411764705882353,0.0,1.0,0.5,0.0,1.0,0.0,1.0
Feldman-SVM-accuracy,lambda=1.0,6,0.9850746268656716,0.9848484848484849,1.0,0.9924242424242424,0.701729465267237,0.9896616541353384,0.9896616541353384,0.98992673992674,1.0,0.9743589743589743,0.9871794871794872,1.0263157894736843,1.0263157894736843,1.0256410256410255,1.0256410256410255,1.0,0.9743589743589743,0.9871794871794872,1.0263157894736843,1.0263157894736843,1.0256410256410255,1.0256410256410255,1.0,1.0,1.0,1.0,1.0,1.0,1.0,0.0,0.0,1.0,1.0,1.0,1.0,1.0,0.0,0.02564102564102566,0.01282051282051283,0.0,1.0,0.9743589743589743,0.9743589743589743,1.0,1.0,1.0,1.0,1.0,1.0,1.0,0.0,1.0,0.5,0.0,1.0,0.0,1.0
Feldman-SVM-accuracy,lambda=0.95,7,0.9402985074626866,0.9523809523809523,0.75,0.8511904761904762,0.5828173250240297,0.9970674486803519,0.9970674486803519,0.9973262032085561,0.9696969696969697,0.9117647058823529,0.9407308377896613,1.0635386119257086,1.0635386119257086,1.057932263814617,1.057932263814617,1.0,0.9117647058823529,0.9558823529411764,1.096774193548387,1.096774193548387,1.0882352941176472,1.0882352941176472,0.75,1.0,0.875,0.75,0.75,0.75,0.75,0.25,0.0,0.125,0.0,1.0,1.25,1.25,0.0,0.08823529411764708,0.04411764705882354,0.0,1.0,0.9117647058823529,0.9117647058823529,0.9666666666666667,1.0,0.9833333333333334,0.9666666666666667,0.9666666666666667,0.9666666666666667,0.9666666666666667,0.0,1.0,0.5,0.0,1.0,0.0,1.0
Feldman-SVM-accuracy,lambda=0.95,8,0.9104477611940298,0.9672131147540983,0.3333333333333333,0.6502732240437158,0.3622028573595665,0.9905123339658444,0.9905123339658444,0.9910394265232975,0.9032258064516129,0.9166666666666666,0.9099462365591398,0.9853372434017595,0.9853372434017595,0.9865591397849462,0.9865591397849462,1.0,0.9428571428571428,0.9714285714285714,1.0606060606060606,1.0606060606060606,1.0571428571428572,1.0571428571428572,0.4,0.0,0.2,0.0,1.0,1.4,1.4,0.6,1.0,0.8,0.6,0.6,0.6,0.6,0.0,0.05714285714285716,0.02857142857142858,0.0,1.0,0.9428571428571428,0.9428571428571428,0.896551724137931,0.9705882352941176,0.9335699797160244,0.9237199582027168,0.9237199582027168,0.9259634888438134,0.9259634888438134,0.0,1.0,0.5,0.0,1.0,0.0,1.0
Feldman-SVM-accuracy,lambda=1.0,9,0.9552238805970149,1.0,0.0,0.5,0.0,1.0,1.0,1.0,0.9473684210526315,0.9655172413793104,0.956442831215971,0.9812030075187969,0.9812030075187969,0.9818511796733211,0.9818511796733211,1.0,1.0,1.0,1.0,1.0,1.0,1.0,0.0,0.0,1.0,1.0,1.0,1.0,1.0,1.0,1.0,1.0,1.0,1.0,1.0,1.0,0.0,0.0,1.0,1.0,1.0,1.0,1.0,0.9473684210526315,0.9655172413793104,0.956442831215971,0.9812030075187969,0.9812030075187969,0.9818511796733211,0.9818511796733211,1.0,1.0,1.0,1.0,1.0,1.0,1.0
Feldman-GaussianNB-DIavgall,lambda=1.0,0,0.9552238805970149,0.9838709677419355,0.6,0.7919354838709678,0.6475860093678135,1.001897533206831,1.001897533206831,1.0017825311942958,0.9411764705882353,0.9696969696969697,0.9554367201426025,0.9705882352941176,0.9705882352941176,0.9714795008912656,0.9714795008912656,1.0,0.96875,0.984375,1.032258064516129,1.032258064516129,1.03125,1.03125,0.5,1.0,0.75,0.5,0.5,0.5,0.5,0.5,0.0,0.25,0.0,1.0,1.5,1.5,0.0,0.03125,0.015625,0.0,1.0,0.96875,0.96875,0.9375,1.0,0.96875,0.9375,0.9375,0.9375,0.9375,0.0,0.5,0.25,0.0,1.0,0.5,0.5
Feldman-GaussianNB-DIavgall,lambda=1.0,1,0.9402985074626866,0.9682539682539683,0.5,0.7341269841269842,0.46825396825396826,0.9943181818181819,0.9943181818181819,0.9946428571428572,0.9375,0.9428571428571428,0.9401785714285714,0.9943181818181819,0.9943181818181819,0.9946428571428572,0.9946428571428572,1.0,0.9428571428571428,0.9714285714285714,1.0606060606060606,1.0606060606060606,1.0571428571428572,1.0571428571428572,0.5,1.0,0.75,0.5,0.5,0.5,0.5,0.5,0.0,0.25,0.0,1.0,1.5,1.5,0.0,0.05714285714285716,0.02857142857142858,0.0,1.0,0.9428571428571428,0.9428571428571428,0.9333333333333333,1.0,0.9666666666666667,0.9333333333333333,0.9333333333333333,0.9333333333333333,0.9333333333333333,0.0,1.0,0.5,0.0,1.0,0.0,1.0
Feldman-GaussianNB-DIavgall,lambda=1.0,2,0.05970149253731343,0.0,1.0,0.5,0.0,1.0,1.0,1.0,0.058823529411764705,0.06060606060606061,0.059714795008912656,0.9705882352941176,0.9705882352941176,0.9982174688057041,0.9982174688057041,0.0,0.0,1.0,1.0,1.0,1.0,1.0,1.0,1.0,1.0,1.0,1.0,1.0,1.0,0.0,0.0,1.0,1.0,1.0,1.0,1.0,1.0,1.0,1.0,1.0,1.0,1.0,1.0,1.0,1.0,1.0,1.0,1.0,1.0,1.0,0.9411764705882353,0.9393939393939394,0.9402852049910874,1.001897533206831,1.001897533206831,1.0017825311942958,1.0017825311942958
Feldman-GaussianNB-DIavgall,lambda=1.0,3,0.9701492537313433,1.0,0.5,0.75,0.6961432213383857,1.0065237651444547,1.0065237651444547,1.0063063063063065,0.9459459459459459,1.0,0.972972972972973,0.9459459459459459,0.9459459459459459,0.9459459459459459,0.9459459459459459,1.0,1.0,1.0,1.0,1.0,1.0,1.0,0.3333333333333333,1.0,0.6666666666666666,0.3333333333333333,0.3333333333333333,0.33333333333333326,0.33333333333333326,0.6666666666666667,0.0,0.33333333333333337,0.0,1.0,1.6666666666666667,1.6666666666666667,0.0,0.0,1.0,1.0,1.0,1.0,1.0,0.9444444444444444,1.0,0.9722222222222222,0.9444444444444444,0.9444444444444444,0.9444444444444444,0.9444444444444444,0.0,0.0,1.0,1.0,1.0,1.0,1.0
Feldman-GaussianNB-DIavgall,lambda=1.0,4,0.9850746268656716,1.0,0.6666666666666666,0.8333333333333333,0.8101914936669333,1.0046296296296295,1.0046296296296295,1.0044802867383513,0.9722222222222222,1.0,0.9861111111111112,0.9722222222222222,0.9722222222222222,0.9722222222222222,0.9722222222222222,1.0,1.0,1.0,1.0,1.0,1.0,1.0,0.5,1.0,0.75,0.5,0.5,0.5,0.5,0.5,0.0,0.25,0.0,1.0,1.5,1.5,0.0,0.0,1.0,1.0,1.0,1.0,1.0,0.9714285714285714,1.0,0.9857142857142858,0.9714285714285714,0.9714285714285714,0.9714285714285714,0.9714285714285714,0.0,0.0,1.0,1.0,1.0,1.0,1.0
Feldman-GaussianNB-DIavgall,lambda=1.0,5,0.9552238805970149,0.984375,0.3333333333333333,0.6588541666666666,0.38610688370064794,1.0027649769585254,1.0027649769585254,1.0026785714285715,0.9428571428571428,0.96875,0.9558035714285714,0.9732718894009217,0.9732718894009217,0.9741071428571428,0.9741071428571428,1.0,0.96875,0.984375,1.032258064516129,1.032258064516129,1.03125,1.03125,0.3333333333333333,1.0,0.6666666666666666,0.3333333333333333,0.3333333333333333,0.33333333333333326,0.33333333333333326,0.6666666666666667,0.0,0.33333333333333337,0.0,1.0,1.6666666666666667,1.6666666666666667,0.0,0.03125,0.015625,0.0,1.0,0.96875,0.96875,0.9411764705882353,1.0,0.9705882352941176,0.9411764705882353,0.9411764705882353,0.9411764705882353,0.9411764705882353,0.0,1.0,0.5,0.0,1.0,0.0,1.0
Feldman-GaussianNB-DIavgall,lambda=1.0,6,0.9850746268656716,0.9848484848484849,1.0,0.9924242424242424,0.701729465267237,0.9896616541353384,0.9896616541353384,0.98992673992674,1.0,0.9743589743589743,0.9871794871794872,1.0263157894736843,1.0263157894736843,1.0256410256410255,1.0256410256410255,1.0,0.9743589743589743,0.9871794871794872,1.0263157894736843,1.0263157894736843,1.0256410256410255,1.0256410256410255,1.0,1.0,1.0,1.0,1.0,1.0,1.0,0.0,0.0,1.0,1.0,1.0,1.0,1.0,0.0,0.02564102564102566,0.01282051282051283,0.0,1.0,0.9743589743589743,0.9743589743589743,1.0,1.0,1.0,1.0,1.0,1.0,1.0,0.0,1.0,0.5,0.0,1.0,0.0,1.0
