1,2,3,4,5,6,7,8,9,10,11,12,13,14,15,16,17,18,19,20,21,22,23,gender,Credit
1,5,4,8,5,5,4,1,65,3,2,1,2,1,0,0,1,0,0,1,0,0,1,1,1
2,48,2,60,1,3,2,1,22,3,1,1,1,1,0,0,1,0,0,1,0,0,1,1,0
4,11,4,14,1,4,3,1,47,3,1,2,1,1,0,0,1,0,0,1,0,1,0,1,1
1,42,2,57,1,4,4,2,43,3,1,2,1,1,0,0,0,0,0,0,0,0,1,1,1
1,21,3,34,1,3,4,4,51,3,2,2,1,1,1,0,1,0,0,0,0,0,1,1,0
4,30,2,68,5,3,4,4,33,3,1,2,2,1,0,0,1,0,0,0,0,1,0,1,1
4,21,2,19,3,5,4,2,51,3,1,1,1,1,0,0,1,0,0,1,0,0,1,1,1
2,30,2,47,1,3,2,3,33,3,1,1,2,1,0,1,1,0,1,0,0,0,0,1,1
4,11,2,21,4,4,4,1,58,3,1,1,1,1,0,0,1,0,0,1,0,1,0,1,1
2,27,4,35,1,1,2,3,27,3,2,1,1,1,1,0,1,0,0,1,0,0,0,1,0
2,12,2,13,1,2,1,3,25,3,1,1,1,1,1,0,1,0,1,0,0,0,1,1,0
1,48,2,43,1,2,4,2,24,3,1,1,1,1,0,0,1,0,1,0,0,0,1,1,0
2,12,2,16,1,3,1,3,22,3,1,1,2,1,0,0,1,0,0,1,0,0,1,1,1
1,21,4,8,1,5,4,3,57,3,2,1,1,1,1,0,1,0,0,1,0,1,0,1,0
1,15,2,14,1,3,4,3,28,3,1,1,1,1,1,0,1,0,1,0,0,0,1,1,1
1,24,2,13,2,3,2,3,32,3,1,1,1,1,0,0,1,0,0,1,0,1,0,1,0
4,21,4,16,5,5,4,2,51,3,2,1,1,1,0,0,1,0,0,1,0,0,1,1,1
1,27,0,59,5,2,3,3,24,1,3,1,1,1,0,0,1,0,0,1,0,0,1,1,1
2,24,2,126,1,5,2,4,44,3,1,1,2,1,0,1,1,0,0,0,0,0,0,1,0
4,21,2,23,3,5,2,3,30,3,1,2,2,1,0,0,1,0,0,1,0,0,1,1,1
4,8,4,14,1,3,4,3,46,3,3,1,2,1,1,0,1,0,0,1,0,0,1,1,1
1,5,2,18,3,3,3,1,42,3,1,2,1,1,0,0,1,0,1,0,0,0,1,1,1
1,9,4,15,1,2,3,1,46,3,2,2,1,2,1,0,1,0,1,0,0,1,0,1,1
2,11,4,12,2,2,4,2,42,3,1,1,1,1,0,1,1,0,0,1,0,0,1,1,1
4,9,4,14,5,3,1,3,25,3,2,1,1,2,0,0,1,0,0,1,0,0,1,1,1
1,5,2,10,1,3,2,1,34,1,1,1,2,1,0,0,1,0,0,1,0,1,0,1,1
4,5,0,3,1,5,4,3,37,3,1,1,1,1,0,0,1,0,0,1,0,1,0,1,1
3,12,1,4,4,3,3,1,42,3,2,1,1,1,0,0,1,0,1,0,0,0,1,1,1
2,7,2,16,1,3,2,1,32,3,1,1,1,1,0,0,0,0,0,1,0,0,1,1,1
1,48,3,46,1,5,4,4,60,3,2,1,2,1,0,0,1,0,0,1,0,0,1,1,0
2,15,2,13,4,2,3,1,34,1,1,1,2,1,0,0,1,0,0,1,0,0,1,1,1
1,21,2,28,1,3,2,3,26,2,1,1,1,1,0,0,1,0,0,1,0,0,1,1,1
2,15,2,40,2,3,2,3,29,3,2,1,2,1,1,0,1,0,0,1,0,0,1,1,1
4,11,4,9,5,5,4,4,55,3,1,1,1,1,0,0,1,0,1,0,0,1,0,1,1
3,12,2,15,1,2,1,2,33,1,1,1,2,1,0,0,1,0,0,1,0,0,0,1,1
2,42,4,32,1,2,2,2,24,3,2,1,1,1,0,0,1,0,0,1,0,1,0,1,0
4,47,4,41,1,3,3,4,30,1,1,1,2,1,0,0,1,0,0,0,0,0,1,1,1
3,15,2,14,1,3,2,1,35,2,1,1,1,1,0,0,0,1,0,1,0,0,1,1,0
3,9,2,8,1,3,2,3,35,3,1,1,2,1,0,0,1,0,0,1,0,0,1,1,1
2,8,2,3,1,3,3,1,23,3,1,1,1,1,0,0,1,0,0,1,0,0,1,1,1
4,27,2,16,3,5,2,3,29,1,1,1,1,1,0,0,1,0,0,1,0,0,0,1,1
2,11,2,8,3,3,1,3,25,3,1,1,2,1,0,0,1,0,0,1,0,0,1,1,1
2,15,3,42,1,3,4,1,42,3,1,2,2,1,0,0,1,0,0,1,0,1,0,1,1
1,27,4,42,2,4,4,3,23,3,2,1,1,1,0,1,1,0,1,0,0,0,1,1,1
1,48,4,61,1,5,4,4,58,2,2,1,1,1,0,1,1,0,0,0,0,1,0,1,0
4,11,4,14,1,2,4,3,35,3,2,1,1,1,1,0,1,0,0,1,0,0,0,1,1
4,30,2,16,3,5,4,3,37,3,1,1,1,1,0,0,1,0,0,1,0,0,1,1,1
1,5,2,14,3,1,2,2,23,3,1,1,2,1,0,1,1,0,1,0,1,0,0,1,1
4,10,4,50,1,3,4,2,37,3,2,1,1,1,1,0,1,0,0,1,0,1,0,1,1
4,12,2,21,2,3,2,1,28,3,1,1,1,1,0,0,0,1,0,1,0,0,1,1,1
2,21,3,16,5,2,2,2,28,1,1,1,1,1,0,0,1,0,0,1,0,1,0,1,1
2,24,3,41,1,5,2,3,29,3,2,1,2,1,0,1,1,0,0,1,0,0,0,1,1
4,11,2,9,1,3,2,3,24,3,1,1,1,1,0,0,1,0,0,1,0,0,1,1,1
4,15,2,23,5,3,1,2,30,3,1,1,2,1,0,1,1,0,0,1,0,0,1,1,1
2,30,3,15,1,5,4,4,55,1,2,1,2,1,1,0,1,0,0,0,0,0,1,1,0
4,5,1,5,5,3,2,1,25,2,1,2,1,1,1,0,0,0,0,1,0,1,0,1,1
2,11,2,44,5,1,1,4,50,3,1,1,2,1,0,0,1,0,0,1,0,0,0,1,0
4,36,4,96,1,3,2,3,31,2,2,1,1,1,0,0,1,0,0,1,0,0,1,1,1
3,18,2,20,1,5,2,3,23,3,1,1,1,1,1,0,1,0,0,1,0,0,0,1,1
1,36,4,62,1,2,4,4,23,3,2,1,2,1,0,0,0,1,1,0,0,1,0,1,0
2,8,2,10,1,3,1,1,26,1,1,1,2,1,0,0,1,0,0,1,0,0,1,1,1
2,13,4,10,5,5,4,1,48,3,2,1,2,1,0,0,0,0,0,1,0,0,1,1,1
2,30,0,14,1,5,4,4,58,3,1,1,2,1,0,0,1,0,0,0,0,0,0,1,0
2,47,0,126,1,3,2,3,24,3,1,1,2,1,0,0,1,0,0,1,0,0,1,1,0
4,24,2,32,1,2,4,2,26,3,1,1,2,1,0,0,1,0,0,1,0,0,1,1,1
4,24,2,35,5,5,4,2,46,3,4,2,2,1,0,0,1,0,0,1,0,0,1,1,1
4,12,2,22,1,2,2,3,29,1,1,1,1,1,0,0,1,0,0,1,0,0,1,1,1
2,11,2,7,4,3,1,1,21,3,1,1,1,1,1,0,1,0,0,1,0,0,1,1,1
4,30,2,12,1,3,4,4,35,2,1,1,2,1,0,0,1,0,0,0,0,0,1,1,0
4,36,2,24,5,3,4,3,25,3,1,1,1,1,0,0,1,0,0,1,0,0,1,1,1
4,36,2,81,1,3,2,2,30,1,1,1,1,1,0,1,1,0,0,1,0,0,1,1,1
4,7,4,5,5,5,2,2,44,3,2,1,2,1,0,0,1,0,1,0,0,1,0,1,1
1,8,4,8,1,5,4,4,49,1,2,2,2,1,0,0,1,0,0,0,0,0,0,1,1
2,42,4,60,1,4,1,1,41,1,2,1,1,1,0,0,1,0,0,1,0,1,0,1,1
1,30,2,14,5,5,4,4,38,3,1,1,2,1,0,0,1,0,0,1,0,0,0,1,0
1,11,4,10,1,5,4,4,64,3,2,1,1,1,0,1,1,0,0,0,0,0,0,1,1
1,42,2,28,1,2,3,3,32,3,1,1,1,1,0,0,1,0,0,1,0,0,1,1,0
2,10,3,33,1,4,4,2,49,3,1,1,1,1,0,0,1,0,0,1,0,0,1,1,1
4,48,0,72,5,3,2,2,37,3,1,2,1,1,0,1,1,0,0,1,0,1,0,1,1
2,27,2,26,1,2,1,2,21,3,1,1,1,1,0,0,1,0,0,1,0,0,1,1,1
4,24,2,59,5,2,1,3,44,3,2,1,2,1,0,0,1,0,0,1,0,0,1,1,0
4,13,2,8,3,5,3,2,45,2,1,1,2,1,0,0,1,0,0,1,0,0,1,1,1
4,18,2,16,2,3,4,2,24,3,1,1,1,1,0,0,1,0,1,0,0,1,0,1,1
1,24,2,18,1,5,4,1,58,3,1,1,2,1,0,0,0,0,0,1,0,1,0,1,1
1,9,2,16,1,5,4,1,50,3,1,1,1,1,0,0,1,0,0,1,0,1,0,1,1
4,12,4,14,1,3,2,1,29,3,2,1,2,1,0,0,0,0,0,1,0,0,0,1,1
2,18,4,13,1,2,1,2,27,3,2,1,1,1,0,0,1,0,0,1,0,0,1,1,1
2,30,2,101,2,3,4,4,45,3,1,2,2,1,0,0,1,0,0,0,0,0,1,1,0
1,15,2,15,2,4,3,3,29,3,1,2,2,1,1,0,1,0,0,1,0,0,0,1,1
1,11,0,7,1,4,3,1,27,3,2,1,1,1,0,0,1,0,0,1,0,0,1,1,0
4,11,4,4,1,5,4,1,54,3,1,1,1,1,0,0,1,0,0,1,0,0,1,1,1
1,11,4,10,1,5,3,1,52,3,1,1,1,1,0,1,1,0,0,1,0,0,1,1,1
4,12,4,8,5,5,3,2,33,1,1,2,1,1,0,0,1,0,0,1,0,1,0,1,0
3,21,4,25,5,5,4,4,19,3,2,1,1,1,0,0,0,1,1,0,0,0,1,1,1
2,11,2,9,4,5,4,1,52,3,1,1,2,1,1,0,1,0,0,1,0,0,1,1,1
2,48,0,159,1,2,4,4,56,3,1,1,2,1,0,0,1,0,1,0,0,0,1,1,0
4,12,4,20,5,4,2,3,61,3,1,1,1,1,0,0,1,0,0,1,0,0,1,1,1
2,15,2,18,2,3,4,3,32,3,1,1,1,1,0,0,1,0,0,1,0,0,1,1,1
2,30,4,16,1,5,4,1,34,3,1,1,1,1,0,0,1,0,0,1,0,0,1,1,1
2,18,3,48,5,4,4,2,34,1,2,2,2,1,0,1,1,0,1,0,0,0,0,1,1
4,21,2,10,2,5,4,1,39,3,1,1,1,1,1,0,1,0,1,0,0,1,0,1,1
2,30,2,16,1,4,4,3,23,3,1,1,1,1,0,0,1,0,1,0,0,0,1,1,1
4,5,3,9,1,3,2,1,24,3,1,1,1,1,0,0,1,0,0,1,0,0,1,1,1
2,8,4,13,1,4,3,3,33,3,1,1,2,1,0,0,1,0,1,0,0,0,1,1,1
4,11,2,16,5,2,4,3,25,3,1,1,2,1,0,1,1,0,1,0,0,0,1,1,1
2,21,4,85,1,3,3,3,37,3,2,2,2,1,0,0,0,1,0,1,0,0,0,1,0
4,15,1,44,1,5,4,4,37,1,2,2,2,1,1,0,1,0,0,1,0,0,0,1,0
2,11,2,41,1,4,2,3,31,3,1,1,1,1,1,0,1,0,0,1,0,0,1,1,1
1,24,2,77,5,2,2,2,30,3,1,1,2,2,0,0,1,0,0,1,0,0,1,1,1
2,12,2,10,3,5,2,1,33,3,1,1,2,1,0,0,1,0,0,1,0,0,1,1,1
2,5,3,10,2,5,2,3,30,1,2,2,1,1,0,0,1,0,0,1,0,0,1,1,1
3,15,2,4,1,2,4,2,23,3,1,1,2,1,0,0,1,0,1,0,0,0,1,1,1
2,15,2,43,1,4,3,1,27,3,1,1,1,1,1,0,1,0,1,0,0,1,0,1,1
4,36,4,79,1,3,2,1,25,2,2,1,2,1,1,0,1,0,0,1,0,0,1,1,0
1,11,2,12,3,5,1,1,33,3,1,1,1,1,0,0,1,0,0,1,0,0,1,1,1
4,47,4,25,5,5,1,1,45,3,1,1,2,1,0,0,1,0,0,1,0,0,1,1,1
1,42,2,72,5,4,3,3,30,3,1,1,2,1,0,0,1,0,0,1,0,0,0,1,0
1,10,4,21,5,2,3,1,27,3,2,1,1,2,0,0,0,1,1,0,0,0,1,1,1
1,33,4,43,3,3,4,3,23,3,2,1,1,1,0,0,1,0,0,1,0,0,1,1,0
2,11,4,16,3,4,3,3,34,3,1,1,2,1,1,0,1,0,0,1,0,0,0,1,1
1,21,2,18,1,3,2,1,25,3,2,1,2,1,0,0,1,0,0,1,0,0,1,1,0
4,24,4,39,1,5,2,3,41,3,2,1,2,1,0,1,1,0,1,0,0,0,0,1,1
4,11,2,12,1,3,2,1,23,3,1,1,1,1,0,0,1,0,1,0,0,1,0,1,1
3,9,4,5,1,5,4,4,60,3,2,1,2,1,1,0,1,0,0,0,0,0,1,1,1
2,18,2,19,5,2,3,1,27,3,1,1,1,1,0,0,1,0,1,0,0,0,1,1,0
1,11,4,14,1,3,2,2,29,3,2,1,1,1,1,0,1,0,0,1,0,0,1,1,1
1,11,2,5,1,3,2,1,38,3,1,1,1,1,0,0,1,0,0,1,0,1,0,1,1
2,11,2,4,1,3,2,3,29,3,1,1,1,1,0,0,1,0,0,1,0,0,1,1,0
2,11,4,13,1,1,2,3,32,3,2,1,2,1,0,1,1,0,0,1,0,0,0,1,1
1,12,4,35,1,3,2,1,29,3,2,1,1,1,1,0,0,1,0,1,0,0,1,1,0
2,48,2,85,5,4,2,3,24,3,1,1,1,1,1,0,1,0,0,1,0,0,1,1,1
1,30,3,47,1,3,3,2,28,2,1,1,2,1,0,0,1,0,0,1,0,0,1,1,0
4,13,2,19,1,2,3,2,26,1,2,1,1,1,0,0,1,0,0,1,0,1,0,1,1
4,15,2,14,1,3,4,4,45,1,2,1,1,1,0,0,1,0,0,0,0,0,1,1,1
4,60,2,101,2,4,4,1,21,3,1,1,2,1,0,0,1,0,0,1,0,0,1,1,1
4,12,4,12,5,5,2,1,38,3,2,1,2,1,0,0,1,0,0,1,0,0,1,1,1
4,24,3,62,4,3,2,3,26,3,2,1,1,1,0,1,1,0,0,1,0,0,1,1,1
2,11,2,5,3,3,3,1,64,3,1,1,1,1,0,0,1,0,0,1,0,1,0,1,0
2,13,4,19,5,4,2,1,33,1,3,1,2,1,0,0,0,0,0,1,0,0,1,1,1
3,12,2,19,1,3,2,3,44,3,1,1,2,1,0,0,1,0,1,0,0,1,0,1,1
3,5,2,5,4,2,2,1,26,3,1,1,1,2,1,0,1,0,0,1,1,0,0,1,1
2,36,2,48,1,2,1,4,30,3,1,1,2,1,0,0,1,0,0,1,0,0,0,1,1
1,24,2,23,1,3,2,3,26,3,1,1,1,1,0,0,1,0,0,1,0,0,0,1,1
1,15,2,17,1,3,2,3,21,3,1,1,1,1,0,0,1,0,0,1,0,0,1,1,0
4,21,4,23,1,2,4,2,23,3,1,1,2,1,0,0,1,0,0,1,0,0,1,1,1
2,47,1,25,2,4,2,3,29,3,1,1,1,1,0,0,1,0,0,1,0,0,1,1,1
1,5,4,9,1,5,4,4,39,3,2,1,2,1,1,0,1,0,0,1,0,0,1,1,1
4,12,4,7,2,4,3,3,51,3,2,1,2,1,1,0,1,0,0,1,0,0,1,1,1
1,30,4,37,1,3,2,2,27,3,2,1,1,1,0,0,0,0,0,1,0,0,1,1,1
4,15,4,11,4,5,4,3,44,3,2,1,1,1,0,0,1,0,0,1,0,0,1,1,1
4,5,2,9,2,5,4,4,40,1,1,2,2,1,0,0,1,0,0,0,0,0,1,1,1
4,9,2,13,1,3,4,2,36,3,1,1,2,2,0,0,1,0,0,1,0,0,1,1,1
3,30,2,39,1,3,1,3,23,3,1,1,1,1,0,0,1,0,0,1,0,0,1,1,1
2,24,4,78,4,5,4,4,29,3,1,1,1,1,0,1,1,0,1,0,0,0,1,1,1
2,21,3,48,2,4,4,3,34,3,1,1,2,1,0,0,1,0,1,0,0,0,0,1,1
1,12,2,13,1,3,4,3,20,3,1,1,1,1,0,0,1,0,1,0,0,0,1,1,0
1,8,4,9,2,5,4,1,46,3,2,2,1,2,0,0,0,0,0,1,0,0,1,1,1
1,11,1,2,1,5,1,3,43,1,1,1,1,1,0,0,1,0,0,1,0,1,0,1,1
2,21,2,24,2,4,3,3,36,1,2,1,2,1,1,0,1,0,0,1,0,0,1,1,1
4,5,4,13,5,3,2,1,32,3,2,2,1,1,0,0,1,0,0,1,0,1,0,1,1
4,21,4,20,2,5,4,1,34,3,1,2,2,1,0,0,1,0,0,1,0,0,1,1,1
4,18,4,11,1,2,1,2,30,3,2,1,1,1,1,0,1,0,0,1,0,0,1,1,1
4,13,2,9,3,4,3,2,34,3,2,1,2,1,0,0,1,0,0,1,0,0,1,1,1
2,9,2,51,1,1,4,4,67,1,1,1,2,1,1,0,1,0,0,0,0,0,0,1,1
4,30,2,6,3,5,4,2,34,3,1,1,1,1,1,0,1,0,0,1,0,0,1,1,1
4,5,2,21,3,3,2,3,31,3,1,1,2,1,0,0,1,0,0,1,0,0,1,1,1
1,18,2,11,1,1,2,3,33,3,1,1,1,1,0,0,1,0,0,1,0,0,1,1,0
2,11,2,16,4,2,1,1,20,3,1,1,1,1,0,0,1,0,0,1,0,0,1,1,1
4,24,2,40,1,4,4,2,25,3,1,1,2,1,0,0,1,0,1,0,0,0,1,1,1
2,21,4,13,1,5,4,1,30,3,2,1,2,1,0,0,1,0,0,1,0,0,1,1,0
1,13,0,7,1,5,3,3,31,3,2,2,1,1,1,0,1,0,1,0,0,0,1,1,0
4,12,2,8,1,3,1,1,26,3,1,1,2,1,0,0,1,0,0,1,0,0,1,1,1
2,24,3,21,1,1,2,2,34,3,1,1,2,1,0,0,1,0,0,1,0,0,0,1,0
2,8,2,10,1,3,2,1,31,3,1,1,1,2,0,0,0,0,0,1,0,0,1,1,1
1,20,3,23,1,2,1,2,25,3,2,1,1,1,0,0,1,0,0,1,0,0,1,1,0
4,30,1,75,5,1,1,1,53,1,1,1,2,1,0,1,1,0,0,1,0,0,0,1,0
1,11,2,18,1,3,1,3,40,3,1,1,1,1,0,0,1,0,0,1,0,0,1,1,1
1,5,4,2,3,5,4,3,50,3,2,1,1,1,0,0,1,0,0,1,0,0,1,1,1
4,11,2,14,1,4,2,3,30,3,2,2,2,1,0,0,1,0,1,0,0,0,0,1,1
1,20,4,4,1,5,4,1,62,3,2,1,1,1,1,0,1,0,0,1,0,0,1,1,1
4,30,3,72,1,2,1,3,27,3,2,1,1,1,0,0,1,0,0,1,0,0,1,1,0
2,30,3,31,1,3,2,1,29,2,2,1,2,1,0,0,1,0,0,1,0,0,0,1,0
1,20,1,11,5,3,2,2,38,3,2,2,1,1,1,0,1,0,0,1,0,1,0,1,0
4,21,4,26,4,3,4,1,48,3,1,1,2,1,0,0,1,0,0,1,0,0,1,1,1
2,15,4,6,1,5,4,3,34,1,1,2,2,1,1,0,1,0,0,1,0,0,1,1,0
4,13,4,10,1,3,2,2,30,3,2,1,1,1,0,0,1,0,0,1,0,0,1,1,1
2,9,1,51,1,5,4,4,74,1,1,2,2,1,0,1,1,0,0,0,0,0,0,1,0
2,13,4,8,1,1,3,3,66,3,3,1,2,1,1,0,1,0,0,0,1,0,0,1,1
1,11,2,5,2,4,1,2,19,3,1,1,1,1,0,0,1,0,0,1,0,0,1,1,0
2,18,0,32,1,3,4,3,33,1,2,1,2,1,0,0,1,0,0,1,0,0,1,1,1
4,21,2,32,4,3,3,2,52,3,3,1,2,1,0,0,1,0,0,1,0,0,0,1,0
2,47,0,26,2,4,4,4,32,3,1,2,1,1,0,0,1,0,0,0,0,1,0,1,0
2,24,2,27,1,3,2,3,34,3,1,2,2,1,0,0,1,0,0,1,0,0,1,1,0
4,5,2,14,1,4,2,1,28,3,1,1,1,1,0,0,1,0,1,0,0,0,1,1,1
2,42,2,21,2,3,4,2,20,3,1,1,1,1,0,0,0,0,1,0,0,0,1,1,0
2,9,4,15,1,5,3,3,34,3,2,1,2,1,0,0,1,0,0,1,0,0,0,1,0
4,5,4,14,1,3,1,3,28,3,2,1,2,1,0,0,1,0,0,1,0,0,1,1,1
2,12,2,10,2,2,4,3,27,1,4,1,1,1,0,0,1,0,1,0,0,0,1,1,0
2,21,2,19,5,5,4,4,34,1,1,1,2,1,0,1,1,0,0,0,0,0,1,1,1
2,15,3,30,1,5,3,4,38,3,1,1,2,1,0,0,1,0,0,1,0,0,0,1,0
4,8,4,6,3,5,2,3,50,3,2,1,2,1,0,0,1,0,0,1,0,0,1,1,1
1,11,2,8,1,3,3,1,26,3,1,1,1,1,1,0,1,0,0,1,0,1,0,1,1
4,24,3,35,1,4,4,3,25,3,2,1,1,1,0,0,1,0,0,1,0,0,1,1,1
1,11,2,6,1,4,4,2,20,3,1,1,1,1,0,0,1,0,1,0,0,0,1,1,0
4,11,4,10,1,5,1,1,36,3,2,2,1,1,1,0,1,0,0,1,0,1,0,1,1
1,27,4,79,1,5,4,4,36,3,3,2,2,1,0,1,1,0,0,0,0,0,0,1,1
4,11,4,13,1,5,4,1,41,3,3,1,2,1,0,0,1,0,0,1,0,0,1,1,1
2,11,4,10,1,4,3,2,25,3,1,1,1,1,0,0,1,0,0,1,0,0,1,1,1
1,21,2,45,1,3,2,3,20,2,1,1,1,1,0,0,1,0,0,1,0,1,0,1,1
4,11,2,10,4,4,2,2,53,3,1,1,1,2,0,1,1,0,0,1,0,0,1,1,1
4,8,4,21,5,3,2,1,31,3,2,2,1,1,0,0,1,0,0,1,0,0,1,1,1
4,36,2,38,5,5,4,1,45,3,1,1,2,1,0,0,1,0,0,1,0,1,0,1,1
1,24,0,36,1,1,4,2,48,2,2,1,2,1,0,0,1,0,0,1,0,0,1,1,0
3,27,3,13,1,5,4,1,64,3,1,1,2,1,0,0,1,0,0,1,0,0,0,1,0
4,30,4,23,5,5,2,3,49,3,1,1,2,1,0,0,1,0,0,1,0,0,1,1,1
2,5,4,9,5,4,3,2,39,3,2,1,1,1,0,0,1,0,0,1,0,1,0,1,1
1,15,0,21,1,4,1,2,30,1,1,1,2,1,0,0,1,0,0,1,0,0,1,1,1
3,30,2,27,1,3,2,1,22,3,1,1,2,1,0,0,1,0,0,1,0,0,1,1,1
1,21,2,21,1,3,2,1,23,3,1,1,1,1,0,0,1,0,1,0,0,1,0,1,1
4,10,2,14,1,3,4,3,64,3,1,1,2,1,1,0,1,0,0,1,0,0,1,1,1
2,11,2,4,1,2,1,1,25,1,1,1,1,1,0,0,0,0,0,1,0,1,0,1,1
1,12,2,12,5,3,4,2,23,1,1,1,2,1,0,0,1,0,1,0,0,0,1,1,1
4,11,2,5,1,3,2,1,29,1,2,1,1,1,0,0,1,0,0,1,0,0,1,1,1
4,21,3,21,5,3,4,1,31,3,2,2,2,1,0,0,1,0,0,1,0,0,1,1,1
4,13,2,32,1,3,2,3,29,3,1,1,2,1,0,1,1,0,0,1,0,0,1,1,1
4,30,0,18,1,3,2,3,26,3,2,1,1,1,0,0,1,0,0,1,0,0,1,1,1
2,47,2,83,4,4,2,4,26,1,2,1,2,1,0,0,0,1,0,1,0,0,1,1,0
1,11,2,57,1,5,4,4,51,3,1,1,2,1,0,0,1,0,0,0,0,0,0,1,0
4,8,2,10,1,4,2,3,21,3,1,1,1,1,0,0,1,0,0,1,0,0,1,1,0
1,21,2,21,1,2,1,4,21,1,1,1,1,1,0,0,1,0,0,0,0,0,1,1,1
3,30,2,29,1,3,2,3,25,3,1,1,1,1,0,0,1,0,0,1,0,0,1,1,0
4,8,2,17,3,5,4,4,49,3,1,1,1,1,1,0,1,0,0,0,0,1,0,1,1
4,11,2,14,2,4,1,4,33,3,1,1,1,1,0,0,1,0,0,1,0,0,1,1,1
2,15,2,6,1,3,2,1,24,3,1,1,1,1,0,0,0,0,0,1,0,1,0,1,1
4,4,4,10,1,4,1,1,40,3,3,2,1,1,0,0,1,0,0,1,0,1,0,1,1
1,21,2,12,1,1,2,3,29,2,1,2,1,1,0,0,1,0,0,1,0,0,0,1,0
2,5,2,130,5,1,2,2,22,3,1,1,2,1,1,0,1,0,0,1,1,0,0,1,0
2,20,2,19,2,5,2,3,58,1,2,1,1,1,0,0,1,0,1,0,0,1,0,1,0
4,12,4,13,1,3,2,2,35,3,2,1,1,1,0,0,1,0,0,1,0,0,1,1,1
1,27,2,17,1,5,3,2,37,3,1,2,1,1,0,0,0,0,0,1,0,0,1,1,1
1,24,2,9,5,5,2,3,29,1,1,1,1,1,1,0,1,0,0,1,0,0,1,1,0
4,5,2,11,1,4,2,2,49,3,1,2,1,1,0,0,1,0,0,1,0,0,1,1,1
1,47,0,32,1,5,4,4,23,3,2,2,1,1,0,1,1,0,0,0,0,0,1,1,0
4,12,4,12,1,3,2,1,27,3,2,1,1,1,0,0,1,0,0,1,0,0,1,1,1
4,12,1,34,3,3,3,1,35,3,1,2,1,1,0,0,1,0,0,1,0,1,0,1,1
4,21,2,9,1,4,1,1,24,3,1,1,2,1,0,0,1,0,0,1,0,0,1,1,1
4,11,4,5,1,5,4,1,50,3,3,1,1,1,0,0,1,0,0,1,0,0,1,1,1
4,5,0,8,2,3,1,4,33,1,1,1,1,2,1,0,1,0,1,0,0,0,1,1,1
3,21,2,13,1,3,2,1,25,3,1,1,1,1,0,0,1,0,0,1,0,0,1,1,1
4,18,2,4,1,1,4,1,22,3,1,1,1,1,0,0,0,1,1,0,0,0,1,1,0
1,5,4,7,4,4,4,1,39,3,2,1,2,1,1,0,1,0,0,1,0,1,0,1,1
3,12,2,23,1,3,2,3,46,3,1,1,1,1,0,0,1,0,0,1,0,1,0,1,1
2,30,2,22,1,3,2,4,24,1,1,1,1,1,1,0,0,0,0,1,0,0,1,1,0
4,21,3,29,2,3,3,2,33,3,2,1,1,1,0,0,1,0,0,1,0,0,1,1,1
2,8,2,14,5,4,1,3,23,3,1,1,2,1,0,0,1,0,0,1,0,0,1,1,1
2,48,3,53,5,3,1,1,26,3,1,1,1,1,0,0,1,0,0,1,0,1,0,1,1
4,21,4,19,1,3,2,1,33,3,2,1,1,1,0,0,1,0,0,1,0,1,0,1,1
1,11,1,14,1,3,1,4,28,3,1,1,1,1,0,0,1,0,0,0,0,0,1,1,0
4,15,2,38,2,2,4,3,23,3,1,1,2,1,0,1,1,0,0,1,0,0,1,1,1
4,11,4,12,2,1,4,1,57,3,3,1,1,1,0,0,1,0,0,1,0,1,0,1,1
1,11,2,12,1,3,2,1,26,3,1,1,1,1,0,0,1,0,0,1,0,0,1,1,1
1,24,2,16,1,5,4,3,55,3,1,1,1,1,0,0,1,0,0,1,0,0,1,1,1
1,15,4,36,1,5,4,4,34,3,3,1,2,1,1,0,1,0,0,0,0,0,0,1,1
4,12,4,27,1,5,4,4,57,1,3,1,1,1,0,0,1,0,0,0,0,1,0,1,1
4,9,4,8,1,5,4,1,31,3,2,2,1,2,1,0,1,0,0,1,0,1,0,1,1
2,13,2,5,1,5,3,3,35,3,1,2,1,1,0,0,1,0,0,1,0,0,1,1,0
4,30,4,43,5,5,4,1,34,3,2,1,1,1,0,0,1,0,0,1,0,0,1,1,1
4,24,2,15,1,2,3,3,38,2,1,1,2,1,0,0,1,0,0,1,0,0,1,1,1
1,12,2,64,1,5,4,2,43,3,1,1,2,2,1,0,1,0,0,1,0,0,0,1,0
4,21,2,7,5,5,2,3,24,3,2,1,1,1,0,0,1,0,0,1,0,0,1,1,1
4,15,2,19,5,4,3,2,31,3,1,1,1,2,1,0,1,0,0,1,0,0,1,1,1
4,12,4,14,3,4,4,3,37,3,1,1,2,1,0,0,1,0,1,0,0,0,1,1,1
2,47,1,100,5,1,4,4,34,3,1,1,2,1,1,0,0,1,0,0,0,0,0,1,1
2,47,2,21,1,4,4,1,27,3,2,1,1,1,0,0,1,0,0,1,0,0,1,1,0
1,27,2,96,1,2,1,4,32,3,1,1,2,1,0,0,1,0,0,1,0,1,0,1,0
4,8,2,19,1,3,2,1,31,3,1,2,1,1,0,0,1,0,0,1,0,0,1,1,1
4,18,4,24,1,3,2,3,26,3,2,1,1,1,0,0,1,0,0,1,0,0,1,1,1
1,11,2,9,5,5,4,2,47,3,1,1,2,1,0,0,1,0,0,1,0,1,0,1,1
4,5,2,46,1,2,4,2,32,3,1,1,1,1,0,0,1,0,0,1,0,0,1,1,0
4,21,2,13,2,3,4,3,28,3,1,1,2,1,0,0,1,0,1,0,0,0,0,1,1
4,13,4,23,4,5,4,4,22,3,2,1,2,1,0,1,1,0,1,0,0,0,1,1,1
4,11,2,11,1,3,2,1,48,3,1,1,1,1,0,0,1,0,0,1,0,0,1,1,1
3,15,1,10,5,4,4,3,47,1,1,1,1,1,0,0,1,0,0,1,0,1,0,1,1
4,13,4,10,5,5,4,2,60,3,1,1,1,1,0,0,1,0,0,1,0,0,1,1,1
2,21,4,27,2,2,2,3,35,3,1,1,2,1,1,0,1,0,0,1,0,0,1,1,1
1,47,2,107,1,2,1,1,35,3,1,1,2,1,1,0,1,0,0,1,0,1,0,1,1
1,47,2,33,1,4,3,2,25,3,1,2,1,1,0,1,1,0,0,1,0,0,1,1,1
2,47,3,54,2,1,4,4,30,3,1,1,2,1,0,0,1,0,0,0,0,0,0,1,1
2,12,2,11,1,3,4,1,49,3,2,1,2,1,0,0,0,0,0,1,0,0,1,1,1
1,21,3,7,1,2,4,1,46,2,1,1,1,1,0,0,1,0,0,1,0,0,1,1,0
4,11,2,7,1,3,2,1,25,3,1,1,2,2,0,0,1,0,0,1,0,0,1,1,1
2,30,2,72,1,2,4,3,27,3,1,1,2,1,0,1,1,0,1,0,0,0,0,1,0
1,24,4,64,1,5,4,4,44,3,2,2,2,1,0,1,1,0,0,0,0,0,0,1,1
3,42,4,33,1,5,4,4,54,3,1,1,1,1,0,1,1,0,0,0,0,0,1,1,1
4,47,4,54,5,5,2,3,44,1,2,2,1,1,0,0,1,0,0,1,0,0,0,1,1
2,48,2,100,1,2,2,3,26,3,1,1,2,1,0,0,1,0,0,1,0,0,1,1,0
4,12,2,47,5,2,4,3,20,3,1,1,1,1,0,1,1,0,1,0,0,0,1,1,1
4,9,2,9,5,5,2,2,43,3,1,1,1,2,1,0,0,1,0,1,0,1,0,1,1
4,15,2,17,1,3,4,1,41,3,1,1,2,1,0,0,1,0,0,1,0,0,1,1,1
2,20,4,19,4,4,2,3,31,3,2,1,2,1,0,0,1,0,0,1,0,0,1,1,1
4,5,2,7,1,1,4,1,54,3,1,1,2,1,1,0,1,0,0,1,1,0,0,1,1
2,36,0,38,1,3,1,3,42,3,1,1,2,1,0,0,1,0,0,1,0,0,1,1,0
3,21,4,9,5,4,2,1,35,1,2,2,1,1,1,0,1,0,0,1,0,1,0,1,0
1,9,4,7,1,4,3,2,47,3,2,1,2,1,1,0,0,1,0,1,0,0,1,1,1
4,47,4,75,3,3,2,4,42,1,1,1,1,1,1,0,1,0,0,0,0,0,1,1,0
4,5,2,10,4,3,2,1,31,3,1,1,1,1,0,0,1,0,0,1,0,0,1,1,1
4,30,2,48,5,4,4,2,24,2,1,1,1,1,0,1,1,0,1,0,0,1,0,1,1
1,11,2,5,2,2,3,4,31,3,1,1,2,1,0,0,1,0,0,1,0,1,0,1,0
2,8,2,12,1,3,4,1,24,3,1,1,1,1,0,0,1,0,0,1,0,0,1,1,0
2,8,2,2,1,3,4,1,21,3,1,1,1,1,1,0,1,0,1,0,0,1,0,1,1
2,47,2,37,5,1,4,4,38,1,1,1,2,1,0,0,1,0,0,0,1,0,0,1,1
4,21,2,37,2,3,1,3,24,2,1,1,1,1,0,0,1,0,0,1,0,0,1,1,1
3,24,2,37,1,2,4,3,26,3,1,1,1,1,0,0,1,0,0,1,0,0,1,1,1
2,11,2,5,1,4,3,3,24,1,1,1,1,1,1,0,1,0,0,1,0,1,0,1,0
3,4,2,10,5,2,2,1,28,3,1,2,1,2,1,0,1,0,0,1,0,1,0,1,1
1,30,1,19,1,5,4,3,30,1,1,1,1,1,0,0,1,0,0,1,0,0,1,1,0
1,11,2,5,1,3,3,2,36,3,1,2,1,1,0,0,0,0,0,1,0,1,0,1,1
2,24,2,44,5,3,4,2,48,3,1,1,2,1,0,0,1,0,0,1,0,1,0,1,1
4,11,4,5,1,3,2,3,31,3,2,1,1,1,0,0,1,0,0,1,0,0,1,1,1
1,15,3,36,1,5,4,2,27,3,2,1,1,1,0,0,1,0,0,1,0,1,0,1,1
2,27,4,29,1,1,2,3,27,3,2,1,1,1,1,0,1,0,0,1,0,0,0,1,0
1,21,2,13,1,2,3,2,31,3,1,1,1,1,0,0,1,0,0,1,0,0,1,1,0
1,21,2,20,1,4,1,4,32,3,1,1,2,1,0,1,1,0,0,0,0,0,0,1,1
1,15,2,19,4,3,2,3,27,3,1,1,1,1,0,0,1,0,0,1,0,0,1,1,1
4,18,4,10,1,3,3,1,36,3,2,1,1,1,1,0,1,0,0,1,0,0,1,1,1
1,8,4,23,1,4,4,1,37,3,2,1,1,2,1,0,1,0,0,1,0,1,0,1,1
4,11,4,39,5,5,4,2,47,3,1,1,2,1,0,0,1,0,1,0,0,0,1,1,1
4,24,2,15,4,4,3,3,34,3,1,2,2,1,1,0,1,0,0,1,0,0,1,1,1
3,30,2,31,1,5,2,3,30,3,1,1,1,1,0,0,1,0,0,1,0,0,1,1,1
2,5,2,7,1,5,4,3,27,3,1,2,1,1,0,0,1,0,0,1,0,0,1,1,1
1,21,4,45,1,1,4,4,75,3,2,1,2,1,0,1,1,0,0,0,0,0,0,1,1
4,18,4,19,2,3,2,1,30,3,2,1,1,1,0,0,1,0,0,1,0,0,1,1,0
2,60,2,74,2,2,2,2,24,3,1,1,1,1,1,0,1,0,0,1,0,0,0,1,0
4,48,4,116,2,3,4,3,24,1,2,1,1,1,0,1,1,0,1,0,0,1,0,1,0
1,21,0,28,1,5,4,4,22,1,2,2,1,1,0,0,1,0,1,0,0,0,1,1,0
1,5,4,23,1,3,4,1,42,3,1,1,2,1,0,0,1,0,1,0,0,0,0,1,0
2,13,2,21,1,2,4,2,23,3,1,1,1,1,0,0,0,0,0,1,0,1,0,1,1
1,15,2,13,5,3,2,3,24,3,1,1,1,1,0,0,1,0,1,0,0,0,1,1,0
1,21,2,29,1,3,4,2,27,3,1,1,1,1,0,0,1,0,0,1,0,0,1,1,1
2,9,2,10,1,3,2,3,30,3,1,1,1,1,0,0,1,0,0,1,0,1,0,1,1
2,24,4,57,1,2,4,4,24,3,2,1,2,1,0,0,1,0,0,0,0,0,1,1,1
1,21,2,36,1,4,4,3,26,3,1,1,1,1,0,0,1,0,1,0,0,1,0,1,1
2,15,2,22,3,2,3,1,24,3,1,1,1,1,0,0,1,0,1,0,0,0,1,1,1
2,15,2,30,1,5,1,1,31,1,1,1,2,1,0,0,0,1,0,1,0,0,0,1,1
3,9,2,27,1,2,1,2,35,3,1,2,1,1,1,0,0,0,0,1,0,1,0,1,1
4,15,4,15,1,3,2,3,43,3,1,1,1,1,0,0,1,0,0,1,0,1,0,1,1
2,11,4,6,1,2,4,1,22,3,2,1,1,1,0,0,0,0,0,1,0,0,1,1,1
2,24,2,38,3,1,4,4,23,3,1,1,1,1,0,0,1,0,1,0,1,0,0,1,1
4,5,3,12,2,3,2,1,32,3,2,1,1,1,0,0,1,0,0,1,0,1,0,1,1
2,8,4,7,4,5,3,4,31,3,2,2,1,1,0,0,1,0,0,0,0,0,1,1,0
4,9,2,12,1,2,4,1,23,3,1,1,2,1,0,0,1,0,1,0,0,0,1,1,1
2,9,2,10,1,3,2,3,29,3,1,1,1,2,0,0,1,0,0,1,0,0,1,1,0
4,15,4,22,5,1,4,4,36,3,1,1,2,1,0,1,1,0,0,1,0,0,0,1,1
1,11,0,42,1,3,2,2,27,3,2,1,2,1,0,0,1,0,1,0,0,0,1,1,0
4,9,2,5,3,5,4,4,44,3,1,1,2,1,0,0,1,0,0,0,0,0,1,1,1
2,21,2,8,1,2,2,1,22,2,1,1,1,1,1,0,1,0,0,1,0,1,0,1,0
4,11,4,16,5,5,4,1,47,3,1,1,2,1,0,0,0,1,0,1,0,0,1,1,1
4,30,3,31,1,3,2,3,25,3,2,1,2,1,0,0,1,0,0,1,0,0,0,1,0
4,11,2,5,1,3,2,1,27,3,1,1,1,1,0,0,1,0,0,1,0,0,1,1,1
1,30,2,24,1,4,4,1,23,3,1,1,1,1,0,0,1,0,1,0,0,0,1,1,0
2,15,2,8,5,3,4,4,58,3,1,1,1,1,0,0,1,0,0,0,0,0,1,1,1
3,11,2,23,5,5,3,3,35,3,1,1,1,1,0,0,1,0,0,1,0,0,0,1,1
3,12,3,22,1,3,2,3,36,2,2,1,2,1,1,0,1,0,0,1,0,0,1,1,1
4,5,2,12,1,3,2,2,20,3,1,1,1,1,0,0,1,0,1,0,0,0,1,1,1
1,15,2,17,1,1,1,3,24,3,1,1,1,1,0,0,1,0,0,1,1,0,0,1,0
4,11,2,10,1,4,4,3,34,3,1,1,2,1,0,0,1,0,0,1,0,0,1,1,1
4,15,4,26,1,4,1,3,26,3,2,1,1,1,0,1,1,0,0,1,0,0,1,1,1
1,18,2,36,1,2,4,3,22,3,1,1,1,1,0,0,1,0,1,0,0,0,1,1,1
1,30,2,23,1,5,2,3,40,3,1,2,1,1,0,0,1,0,0,1,0,0,1,1,0
2,18,2,30,1,4,4,1,40,3,1,1,1,1,0,0,1,0,1,0,0,0,1,1,1
4,30,2,21,5,3,4,1,34,3,1,1,1,1,1,0,1,0,0,1,0,0,1,1,1
4,15,4,41,1,5,4,3,31,3,2,1,2,1,0,0,1,0,0,1,0,0,1,1,1
4,10,4,21,1,2,3,1,23,3,2,1,1,1,0,0,1,0,1,0,0,0,1,1,1
4,48,4,110,5,5,4,4,60,1,1,1,2,1,1,0,1,0,0,0,0,0,0,1,1
2,60,1,148,2,5,4,4,60,1,2,1,2,1,0,0,1,0,0,0,0,0,0,1,0
1,48,1,77,1,4,4,3,37,3,1,1,1,1,0,0,0,0,1,0,0,0,1,1,0
4,15,3,16,1,1,3,1,32,3,2,1,1,1,0,0,1,0,0,1,0,0,1,1,1
4,7,3,5,5,5,4,4,34,3,1,1,1,1,0,0,1,0,0,0,0,0,1,1,1
2,30,2,126,1,5,2,4,55,3,1,1,2,1,1,0,1,0,0,0,0,0,0,1,0
4,5,4,4,2,3,4,3,52,3,2,1,1,1,1,0,1,0,0,1,0,1,0,1,1
1,18,2,15,5,4,4,3,37,3,1,1,2,1,0,0,1,0,0,1,0,0,1,1,1
2,18,2,130,1,1,4,4,38,3,1,1,2,1,0,1,1,0,0,0,0,0,0,1,0
4,22,2,13,5,4,4,2,25,3,1,1,1,1,1,0,1,0,1,0,0,0,1,1,1
3,11,2,9,1,2,1,1,25,3,1,1,1,1,1,0,1,0,0,1,0,0,1,1,1
4,27,3,30,2,3,2,2,25,3,2,1,1,1,0,0,1,0,0,1,0,1,0,1,1
4,18,4,22,1,3,1,3,25,3,2,1,1,1,0,0,1,0,0,1,0,0,1,1,1
4,18,2,11,5,2,2,1,21,3,1,1,2,1,0,0,1,0,1,0,0,0,1,1,1
2,15,4,53,1,1,4,2,38,2,2,1,2,1,0,0,1,0,0,1,0,0,0,1,1
2,13,4,16,3,3,4,3,26,1,1,1,1,1,0,0,1,0,0,1,0,0,1,1,1
4,9,2,14,1,4,2,3,27,3,2,1,1,1,0,0,1,0,0,1,0,0,1,1,1
4,15,2,12,1,3,2,2,29,3,1,1,2,1,1,0,1,0,0,1,0,0,0,1,1
2,12,2,10,4,2,4,1,19,3,1,1,1,1,0,0,1,0,1,0,0,1,0,1,1
1,30,2,22,1,4,4,4,37,1,1,2,2,1,1,0,1,0,0,0,0,0,0,1,1
1,5,4,20,1,4,4,3,31,3,1,1,1,1,0,0,1,0,0,1,0,0,1,1,1
4,8,4,16,1,1,3,3,30,3,1,1,1,1,0,0,1,0,0,1,0,0,0,1,1
2,33,3,85,2,4,3,4,31,3,1,1,2,1,0,0,1,0,1,0,0,0,1,1,1
1,12,2,26,1,1,4,4,55,3,1,1,1,1,0,0,1,0,0,0,0,0,0,1,1
1,30,4,16,1,3,2,2,44,3,2,1,2,1,0,0,1,0,0,1,0,0,1,1,1
2,11,2,8,1,5,1,1,44,3,2,1,1,1,1,0,1,0,1,0,0,0,1,1,0
4,24,4,15,4,3,1,1,43,3,2,1,1,1,0,0,1,0,0,1,0,1,0,1,1
4,15,2,10,1,2,4,1,37,3,1,1,2,1,0,0,1,0,0,1,0,0,1,1,1
2,15,4,13,5,3,4,1,27,1,2,1,1,1,0,0,1,0,0,1,0,0,1,1,1
4,21,3,62,1,2,2,3,26,1,2,1,2,1,0,0,1,0,0,1,0,0,1,1,0
4,12,3,5,1,3,2,3,26,3,2,1,1,1,1,0,1,0,0,1,0,1,0,1,1
2,15,3,20,5,5,4,3,41,3,1,2,1,1,1,0,1,0,0,1,0,0,1,1,1
2,21,2,14,1,2,1,2,21,3,1,1,2,1,0,0,1,0,0,1,0,0,1,1,0
4,21,4,15,5,4,4,3,41,3,2,2,2,1,0,1,1,0,0,1,0,0,1,1,1
1,13,2,7,1,2,2,1,26,3,1,1,1,2,0,0,1,0,0,1,0,0,1,1,1
4,21,2,22,3,5,2,3,25,3,1,1,2,1,0,0,1,0,0,1,0,0,0,1,1
3,11,4,6,3,4,2,1,27,3,3,1,2,1,1,0,1,0,0,1,0,0,1,1,0
2,24,2,20,1,5,4,3,20,3,1,1,2,1,0,0,1,0,0,1,0,0,1,1,1
4,30,4,51,1,4,2,3,33,3,2,1,2,1,0,1,1,0,0,1,0,0,0,1,1
4,11,4,16,1,1,2,3,40,2,2,1,2,1,0,0,1,0,0,1,0,0,0,1,0
4,9,2,11,3,3,2,4,38,3,1,2,1,2,1,0,1,0,1,0,0,1,0,1,1
1,24,2,14,5,3,2,2,35,3,1,1,1,1,1,0,1,0,0,1,0,0,1,1,0
4,30,4,39,1,5,2,2,33,3,2,2,2,1,0,1,1,0,0,1,0,0,1,1,1
1,11,2,18,1,2,1,1,31,3,1,2,1,1,1,0,1,0,0,1,0,1,0,1,0
1,18,3,85,5,3,2,3,23,3,2,1,2,1,0,0,1,0,1,0,0,0,1,1,1
4,21,2,28,3,4,2,3,31,1,1,1,1,1,1,0,1,0,0,1,0,0,0,1,1
2,18,2,10,5,3,2,2,33,3,1,1,1,1,1,0,1,0,0,1,0,0,1,1,0
4,15,2,32,4,4,3,3,20,3,1,1,1,1,1,0,1,0,1,0,0,0,1,1,1
2,11,2,14,5,3,2,3,29,3,1,1,1,1,0,1,1,0,0,1,0,0,1,1,1
2,11,4,7,1,4,3,1,45,3,2,2,1,1,1,0,1,0,0,1,0,1,0,1,1
4,20,3,11,2,4,3,1,32,3,2,1,1,1,0,0,1,0,0,1,0,0,0,1,1
2,12,2,28,5,5,2,2,25,1,1,1,2,1,0,0,1,0,0,1,0,0,1,1,0
2,15,2,19,1,3,3,3,20,3,1,1,2,1,0,1,1,0,1,0,0,0,1,1,1
4,24,4,19,1,5,2,3,28,3,2,1,1,1,0,0,1,0,0,1,0,0,1,1,1
4,15,4,7,4,3,3,1,44,3,2,1,1,1,0,0,1,0,0,1,0,0,1,1,1
4,8,2,9,1,5,4,3,19,3,1,1,1,1,0,0,1,0,0,1,0,0,1,1,1
1,18,4,12,1,1,4,4,55,3,3,2,1,1,0,0,1,0,0,0,1,0,0,1,0
4,5,2,23,1,4,4,1,74,3,1,1,1,1,0,0,1,0,0,1,0,1,0,1,1
2,21,2,84,1,3,3,3,28,1,2,1,2,1,0,0,0,1,0,1,0,0,0,1,0
1,5,4,13,1,1,4,4,34,3,3,1,2,1,0,0,1,0,0,0,0,0,0,1,1
4,21,4,14,1,3,2,1,31,3,2,1,2,1,0,0,1,0,0,1,0,0,1,1,1
1,8,2,14,1,3,2,1,24,3,1,1,1,1,0,0,1,0,0,1,0,0,1,1,1
2,11,2,10,5,3,1,1,24,3,1,1,2,1,0,0,1,0,0,1,0,0,1,1,0
4,5,2,5,3,4,4,1,22,3,1,1,1,1,0,0,1,0,1,0,0,1,0,1,1
4,24,4,13,4,5,4,1,37,3,2,1,2,1,1,0,1,0,0,1,0,0,1,1,1
1,42,4,23,1,1,4,3,62,3,2,1,1,1,0,0,0,1,0,1,1,0,0,1,1
3,12,1,6,1,2,1,1,26,3,1,1,1,1,0,0,1,0,0,1,1,0,0,1,0
4,11,2,13,1,5,4,3,37,3,1,1,2,1,1,0,1,0,0,1,0,0,0,1,1
1,12,2,16,1,3,3,2,30,3,1,1,1,1,0,0,0,1,0,1,0,0,1,1,1
2,18,3,18,1,3,3,3,28,1,2,1,2,1,0,0,1,0,0,1,0,0,1,1,1
4,11,2,5,1,5,4,3,39,1,1,2,1,1,0,0,1,0,0,1,0,1,0,1,0
2,48,4,51,1,3,3,3,30,3,1,1,2,1,0,0,1,0,0,1,0,0,0,1,0
4,9,4,12,5,5,4,2,41,3,2,1,1,1,0,0,1,0,1,0,0,1,0,1,1
1,36,2,18,1,2,4,3,34,3,1,1,2,1,1,0,1,0,0,1,0,0,1,1,0
2,7,2,18,1,3,2,1,33,3,1,1,1,1,0,0,0,0,0,1,0,0,1,1,1
3,12,2,14,5,5,4,1,55,3,1,1,2,1,0,0,1,0,0,1,0,0,0,1,1
2,13,3,10,4,3,3,2,58,2,2,1,1,1,0,0,1,0,0,1,0,0,1,1,0
4,30,4,83,5,3,2,3,29,3,1,1,2,1,0,1,1,0,0,1,0,0,0,1,1
4,5,2,5,1,3,1,1,29,3,1,1,1,1,0,0,1,0,0,1,0,0,1,1,1
4,11,0,19,1,5,4,2,32,3,2,1,1,1,0,0,1,0,0,1,0,0,1,1,1
4,21,2,19,1,5,4,3,33,3,1,1,2,1,0,1,1,0,0,1,0,0,0,1,1
1,21,2,33,1,4,3,2,30,3,1,1,2,1,1,0,0,1,0,1,0,0,1,1,0
4,24,2,27,1,2,1,4,29,3,1,1,2,1,0,1,1,0,0,1,0,0,0,1,1
1,10,4,27,1,3,2,1,34,3,2,2,1,1,1,0,1,0,1,0,0,0,1,1,1
1,11,2,23,1,5,4,4,33,3,1,1,2,1,0,1,1,0,0,0,0,0,1,1,0
1,5,2,3,1,2,1,1,27,3,1,1,1,1,0,0,1,0,0,1,0,0,1,1,1
4,15,2,32,1,2,2,3,31,3,1,1,2,1,0,0,1,0,0,1,0,0,1,1,1
1,30,2,25,1,3,2,2,35,3,1,2,1,1,0,0,0,0,0,1,0,0,1,1,1
1,13,2,12,1,2,3,1,34,3,1,1,1,1,1,0,1,0,0,1,0,0,1,1,1
2,12,2,30,1,2,1,1,34,3,1,1,1,1,0,0,1,0,1,0,0,0,0,1,1
2,11,2,5,5,5,4,2,36,3,2,1,1,1,0,0,1,0,0,1,0,0,1,1,1
4,15,2,14,1,4,1,3,32,2,2,1,2,1,0,0,1,0,0,1,0,0,1,1,1
1,21,2,20,1,3,4,4,60,1,1,2,2,1,0,1,0,0,0,1,0,0,1,1,1
1,24,3,17,1,2,2,3,29,3,1,1,2,1,0,0,1,0,1,0,0,1,0,1,0
4,47,3,50,5,5,3,3,31,1,2,2,1,1,0,0,1,0,0,1,0,0,1,1,1
4,33,3,28,1,3,2,3,26,3,2,1,2,1,0,0,1,0,0,1,0,0,1,1,1
4,21,3,32,1,4,3,3,33,3,2,1,2,1,0,1,1,0,0,1,0,1,0,1,1
2,21,2,21,2,2,2,3,21,3,1,1,2,1,0,0,1,0,1,0,0,0,1,1,0
1,5,2,4,1,2,4,2,23,3,1,1,1,1,0,0,1,0,0,1,0,0,1,1,0
1,8,2,5,1,3,3,3,27,3,1,1,1,1,1,0,1,0,0,1,0,1,0,1,0
4,5,2,8,5,1,4,2,34,3,1,2,2,1,0,0,1,0,0,1,0,0,0,1,1
2,15,4,8,1,3,2,3,31,3,1,1,1,1,0,0,1,0,0,1,0,0,1,1,0
1,18,0,31,1,2,4,2,26,3,1,1,1,1,0,0,1,0,1,0,0,0,1,1,0
4,33,2,18,3,3,4,3,23,3,1,1,1,1,0,1,1,0,0,1,0,0,1,1,1
3,21,2,35,1,4,2,3,24,1,1,1,1,1,0,0,1,0,0,1,0,0,1,1,1
2,11,2,7,2,4,4,1,37,3,1,1,1,1,0,0,1,0,0,1,0,1,0,1,1
1,13,4,10,1,5,4,3,42,3,2,2,2,1,0,0,1,0,0,1,0,0,1,1,1
2,12,4,36,1,3,1,1,23,3,1,1,1,1,0,0,1,0,0,1,0,1,0,1,1
2,21,2,8,1,2,1,2,25,3,1,1,1,1,1,0,1,0,0,1,0,0,1,1,1
1,30,2,36,4,5,4,2,57,3,2,1,2,1,0,0,1,0,1,0,0,0,1,1,1
4,15,3,10,4,4,2,2,30,3,2,1,1,1,0,0,1,0,0,1,0,0,1,1,1
4,11,4,8,3,3,4,1,42,3,1,1,2,1,1,0,1,0,0,1,0,0,1,1,1
2,5,3,8,1,1,4,2,45,3,1,1,2,1,1,0,1,0,0,1,0,0,0,1,0
4,11,2,21,1,3,4,3,50,3,1,1,2,1,0,0,1,0,0,1,0,0,1,1,1
4,24,2,38,1,5,4,4,62,3,1,1,2,1,1,0,0,1,0,0,0,0,1,1,1
4,9,2,10,2,3,2,1,33,3,1,1,1,2,1,0,1,0,1,0,0,1,0,1,1
4,5,2,24,1,3,3,2,25,3,1,1,1,1,1,0,0,0,1,0,0,0,1,1,1
4,11,4,13,1,5,2,4,25,3,2,1,1,1,0,0,1,0,0,1,0,0,1,1,1
2,27,0,83,1,5,4,4,42,3,2,1,2,1,0,0,1,0,0,0,0,0,0,1,0
4,5,4,12,2,3,1,2,27,3,2,1,1,1,0,0,1,0,0,1,0,0,1,1,1
2,5,2,3,5,5,4,2,36,3,1,1,1,1,0,0,1,0,0,1,0,0,1,1,1
1,11,4,14,1,3,2,1,37,3,2,2,1,2,1,0,1,0,1,0,0,1,0,1,1
1,21,2,21,5,3,4,3,19,3,1,1,1,1,0,0,1,0,0,1,0,0,1,1,0
2,30,2,64,2,2,1,4,28,3,1,1,2,1,0,0,0,1,1,0,0,0,0,1,0
4,21,4,11,1,4,3,2,38,3,2,1,1,1,0,0,1,0,0,1,0,0,1,1,1
2,15,2,9,1,5,2,1,31,3,1,1,1,1,0,0,0,0,0,1,0,1,0,1,1
3,5,4,9,2,5,4,3,27,3,2,2,2,1,1,0,1,0,0,1,0,0,1,1,1
1,24,2,31,1,2,1,2,27,3,1,1,1,1,1,0,1,0,0,1,0,0,1,1,0
1,30,2,37,1,5,4,4,40,3,1,2,1,1,0,1,1,0,0,0,0,0,1,1,1
3,8,2,7,2,5,4,1,47,3,1,1,1,1,0,0,1,0,0,1,0,0,1,1,1
2,21,4,8,2,2,4,4,36,1,2,2,1,1,0,0,1,0,0,1,0,0,1,1,0
1,24,2,12,1,2,4,2,24,3,1,1,1,1,1,0,1,0,1,0,0,0,1,1,0
4,9,2,9,5,3,4,2,26,3,1,1,1,1,1,0,0,0,0,1,0,1,0,1,0
3,13,4,16,3,3,2,3,34,3,1,1,2,1,0,1,1,0,0,1,0,0,1,1,1
2,13,1,46,2,1,2,2,32,3,1,2,2,1,1,0,1,0,0,1,0,0,0,1,0
4,21,2,10,1,3,2,2,27,3,1,1,1,1,0,0,1,0,0,1,0,0,1,1,1
4,33,2,62,2,5,2,3,43,3,1,1,2,1,0,1,1,0,0,1,0,0,0,1,1
1,11,2,5,1,4,2,1,25,3,1,1,1,1,1,0,1,0,0,1,0,0,1,1,0
4,30,2,32,1,3,2,4,31,3,1,1,2,1,0,1,1,0,0,0,0,0,0,1,1
3,13,2,19,1,4,4,2,25,3,1,1,2,1,0,0,1,0,1,0,0,0,1,1,1
2,11,3,4,1,3,4,1,19,3,2,1,1,1,0,0,0,1,1,0,0,0,1,1,1
4,21,2,16,5,2,1,2,52,3,1,1,1,1,1,0,1,0,0,1,0,0,1,1,1
1,5,4,6,1,4,3,2,37,3,2,1,1,2,1,0,1,0,0,1,0,0,1,1,1
1,5,4,10,1,2,4,1,38,3,1,2,1,2,1,0,1,0,0,1,0,1,0,1,1
4,36,4,71,1,2,4,2,23,3,2,1,2,1,0,0,1,0,1,0,0,0,1,1,0
1,5,2,8,2,5,2,2,41,3,1,1,2,1,1,0,1,0,0,1,0,0,1,1,1
4,5,4,5,5,5,4,4,34,3,2,1,1,1,0,0,1,0,0,0,0,0,1,1,1
4,21,4,37,1,5,4,4,42,3,2,1,1,1,0,0,1,0,0,0,0,0,1,1,1
1,18,2,32,1,3,2,1,24,3,1,1,1,1,0,0,1,0,0,1,0,0,1,1,0
1,47,0,48,1,3,4,4,51,3,2,2,1,1,0,0,1,0,0,0,0,0,1,1,0
4,24,2,35,2,4,4,3,23,3,1,1,1,1,0,1,1,0,0,1,0,0,1,1,1
2,18,2,11,1,3,4,1,26,3,1,2,1,1,0,0,0,0,0,1,0,1,0,1,1
2,22,2,58,1,2,3,3,29,3,2,1,1,1,0,1,1,0,0,1,0,0,1,1,1
4,15,4,15,2,3,3,3,31,3,1,1,1,1,0,0,1,0,0,1,0,0,1,1,1
4,4,4,10,1,4,1,1,40,3,2,2,1,1,0,0,1,0,0,1,0,1,0,1,1
1,30,2,16,1,3,4,3,30,3,1,1,1,1,0,0,1,0,1,0,0,0,1,1,0
1,5,2,5,1,2,4,1,39,3,1,2,2,1,1,0,1,0,0,1,0,1,0,1,1
2,30,2,16,1,4,1,3,31,3,2,2,1,1,0,0,1,0,0,1,0,0,1,1,1
2,15,2,26,2,3,4,3,28,3,2,1,2,1,1,0,1,0,1,0,0,0,1,1,0
4,11,3,10,1,3,4,1,39,3,1,1,1,1,0,1,1,0,1,0,0,0,1,1,1
4,21,2,9,2,4,3,2,25,3,1,1,2,1,0,0,1,0,0,1,0,0,1,1,1
4,21,2,21,5,2,2,3,24,3,2,1,1,1,0,0,1,0,0,1,0,0,1,1,1
3,20,4,16,1,2,1,3,31,3,1,1,1,1,0,0,1,0,1,0,0,0,1,1,0
1,5,2,14,5,1,3,2,75,3,1,1,2,1,1,0,1,0,0,1,0,0,0,1,1
2,18,4,36,1,5,4,2,37,3,1,1,2,1,0,0,1,0,0,1,0,0,1,1,1
1,47,2,57,1,5,4,4,40,1,1,1,1,1,1,0,1,0,0,0,0,0,0,1,0
3,18,2,30,1,2,1,2,45,2,1,1,1,1,0,0,1,0,0,1,0,1,0,1,1
2,11,2,10,1,2,1,1,22,3,1,1,1,1,0,0,1,0,1,0,0,0,1,1,0
4,21,3,14,1,5,4,4,57,3,2,1,2,1,1,0,1,0,0,0,0,0,1,1,1
1,27,2,44,5,5,4,2,30,3,1,1,1,1,0,0,1,0,0,1,0,0,1,1,0
3,15,2,20,1,3,1,1,32,3,1,2,1,1,0,0,1,0,0,1,0,1,0,1,0
4,11,4,9,1,5,4,1,58,3,2,1,1,1,1,0,1,0,0,1,0,1,0,1,1
1,21,3,9,1,1,2,1,41,3,2,2,1,1,1,0,1,0,0,0,0,0,1,1,0
4,24,4,20,1,3,4,3,37,3,1,1,2,1,1,0,1,0,0,1,0,0,1,1,1
4,21,2,11,1,4,1,3,31,1,1,2,1,1,0,0,1,0,0,1,0,0,1,1,1
1,12,1,6,1,3,4,1,24,1,1,1,1,1,0,0,1,0,0,1,0,1,0,1,0
4,47,4,62,5,4,1,4,33,3,2,1,2,1,0,1,1,0,0,0,0,0,1,1,1
4,12,4,10,5,4,4,1,23,3,2,1,1,1,0,0,1,0,0,1,0,0,1,1,1
4,5,1,12,3,5,4,2,43,1,1,2,1,1,0,0,1,0,0,1,0,1,0,1,1
1,47,2,48,1,4,1,1,32,3,2,1,2,1,0,0,0,0,0,1,0,0,1,1,0
2,11,4,14,2,2,1,3,26,3,1,1,1,1,1,0,1,0,0,1,0,0,1,1,1
2,9,2,12,1,4,4,2,67,3,2,1,2,1,0,0,1,0,0,1,0,0,0,1,1
2,11,2,9,1,2,1,3,21,2,1,1,1,1,0,0,1,0,0,1,0,0,1,1,0
2,18,0,23,2,2,3,3,28,3,2,1,1,1,1,0,1,0,0,1,0,0,1,1,0
4,21,0,50,5,3,4,2,29,1,2,1,2,1,1,0,1,0,0,1,0,0,1,1,0
1,21,1,25,1,4,4,3,26,1,1,1,1,1,0,0,1,0,0,1,0,0,1,1,0
2,15,4,13,1,2,2,1,30,3,2,1,1,1,0,0,1,0,0,1,0,1,0,1,0
1,21,2,21,5,5,4,4,47,1,1,2,2,1,0,1,1,0,0,0,0,0,1,1,1
1,21,1,10,1,4,4,3,23,1,1,1,1,1,0,0,0,0,1,0,0,1,0,1,0
3,5,3,7,1,2,1,2,29,1,1,1,1,1,0,0,1,0,0,1,0,0,1,1,1
2,30,2,101,5,3,4,4,35,3,1,1,2,1,1,0,1,0,0,0,0,0,1,1,0
2,21,3,32,5,3,2,2,35,1,2,1,2,1,0,0,1,0,0,1,0,0,0,1,1
2,24,3,16,2,4,2,2,23,3,2,1,2,1,0,0,1,0,1,0,0,0,1,1,1
1,11,2,10,1,4,3,3,34,3,1,1,1,1,1,0,1,0,0,1,0,0,1,1,0
4,21,4,18,4,5,2,3,32,3,1,1,1,1,0,0,1,0,0,1,0,0,1,1,1
2,47,2,28,5,4,1,3,39,3,2,2,2,1,0,0,1,0,0,1,0,0,1,1,1
1,48,2,68,1,3,2,3,31,3,1,1,2,1,0,0,1,0,0,1,0,0,1,1,0
1,24,2,32,1,2,4,1,23,3,1,1,2,1,0,0,1,0,1,0,0,1,0,1,0
4,27,4,41,1,4,2,3,36,3,1,1,1,1,0,0,0,1,0,1,0,0,1,1,1
4,24,2,54,5,1,4,2,26,3,1,1,2,1,0,1,1,0,1,0,0,0,0,1,1
1,15,2,8,1,3,4,2,22,3,1,1,1,1,0,0,1,0,0,1,0,1,0,1,1
2,8,2,7,1,5,4,3,26,3,2,1,1,1,0,0,1,0,0,1,0,1,0,1,1
4,15,4,28,1,4,3,3,24,1,2,1,1,1,0,0,0,1,0,1,0,0,1,1,1
2,12,2,29,1,4,1,1,27,3,1,1,1,1,0,0,1,0,0,1,0,0,1,1,1
4,24,4,19,5,3,2,3,33,3,2,1,2,1,0,0,1,0,0,1,0,0,1,1,1
2,30,4,19,1,2,4,3,26,3,2,1,1,1,1,0,1,0,0,1,0,0,1,1,0
4,21,2,6,1,2,3,3,26,3,2,1,1,1,0,0,1,0,0,1,0,1,0,1,1
2,15,4,7,1,5,3,1,29,1,2,1,1,1,1,0,0,0,0,1,0,0,1,1,0
2,11,4,21,1,2,3,1,47,1,2,2,1,1,1,0,1,0,0,1,0,1,0,1,1
4,9,2,14,1,3,2,1,26,3,1,1,1,1,0,0,1,0,1,0,0,0,1,1,1
2,30,2,16,1,2,1,4,31,3,1,1,1,1,0,0,1,0,1,0,0,1,0,1,0
4,12,2,21,5,5,4,4,52,3,1,1,2,1,1,0,1,0,0,0,0,0,0,1,1
1,18,2,20,1,3,4,1,20,1,1,1,1,1,0,0,1,0,1,0,0,0,1,1,0
1,8,4,19,1,3,2,1,34,3,2,2,1,1,1,0,1,0,1,0,0,0,1,1,1
1,11,2,9,1,3,1,2,20,3,1,1,1,1,0,0,0,0,0,1,0,1,0,1,1
1,15,2,8,1,3,3,1,45,3,1,1,2,1,0,0,1,0,0,1,0,1,0,1,0
1,11,4,15,1,5,3,2,57,3,2,1,1,1,0,0,1,0,0,1,0,0,1,1,0
1,12,4,4,1,4,3,1,58,3,4,1,2,1,0,0,1,0,0,1,0,1,0,1,1
2,24,3,20,5,3,4,3,42,3,2,1,2,1,1,0,1,0,1,0,0,0,1,1,1
4,21,2,16,4,5,4,1,36,1,1,1,1,1,0,0,1,0,0,1,0,1,0,1,1
2,24,2,27,1,3,4,2,20,3,1,1,2,1,1,0,1,0,1,0,0,1,0,1,0
1,21,1,10,5,5,3,3,38,2,1,1,2,1,0,0,1,0,0,1,0,0,0,1,0
2,5,1,9,2,2,1,2,32,2,1,1,1,1,1,0,1,0,0,1,0,1,0,1,0
1,24,2,14,1,4,4,3,23,3,2,1,1,1,1,0,1,0,1,0,0,0,1,1,0
2,21,0,29,1,3,4,1,34,3,3,1,2,1,0,0,1,0,0,1,0,1,0,1,0
4,15,4,19,1,4,2,2,30,1,2,1,1,1,1,0,1,0,0,1,0,0,1,1,0
4,21,3,27,1,3,2,4,31,3,1,1,1,1,0,0,1,0,0,0,0,0,1,1,1
2,7,2,23,1,2,1,1,45,3,1,1,1,1,0,0,0,0,0,1,0,0,1,1,1
2,9,2,9,1,3,1,2,30,3,1,1,1,1,0,0,1,0,0,1,0,0,1,1,0
2,24,1,18,1,4,4,4,34,1,1,1,1,1,0,0,1,0,0,0,0,1,0,1,0
4,36,2,33,1,3,2,3,28,3,1,1,2,1,0,0,1,0,0,1,0,0,0,1,0
3,10,2,13,1,2,2,2,23,3,1,1,1,1,0,0,1,0,0,1,0,0,1,1,1
1,21,1,19,3,3,4,1,21,2,1,1,2,1,0,0,1,0,0,1,0,0,1,1,1
4,21,4,31,1,3,2,1,74,3,1,1,2,1,0,0,1,0,0,1,0,0,0,1,1
2,36,2,27,2,3,4,4,50,3,1,1,1,1,0,0,0,1,0,0,0,0,1,1,0
4,15,2,14,1,2,1,1,31,3,1,1,1,1,0,0,1,0,0,1,0,0,1,1,1
4,13,2,9,5,5,4,4,43,1,1,2,1,1,0,1,1,0,0,0,0,0,1,1,1
1,12,2,7,2,1,3,2,22,3,1,1,1,1,0,0,1,0,0,1,0,0,1,1,0
3,10,2,12,2,5,4,4,48,3,1,2,1,1,1,0,1,0,0,0,0,1,0,1,0
1,21,2,34,4,2,2,3,29,1,1,1,1,1,0,0,1,0,0,1,0,0,1,1,1
1,24,1,36,1,3,4,3,22,1,1,1,1,2,0,1,0,0,1,0,0,0,1,1,1
4,18,3,18,1,4,1,1,22,3,1,1,1,1,0,0,1,0,0,1,0,0,1,1,0
2,47,0,100,5,3,2,3,46,1,1,1,2,1,0,0,1,0,0,1,0,0,0,1,1
2,48,3,68,5,3,2,4,26,3,1,1,1,1,0,0,1,0,0,0,0,0,0,1,1
1,5,4,25,1,3,3,1,35,3,3,2,1,1,1,0,1,0,1,0,0,0,1,1,1
2,30,2,34,2,3,4,3,21,3,1,1,1,1,0,0,0,1,1,0,0,0,1,1,0
4,11,2,4,1,3,2,1,47,3,1,1,1,1,1,0,1,0,0,1,0,1,0,1,1
2,20,4,25,1,4,3,2,26,3,2,1,1,1,0,0,1,0,0,1,0,0,1,1,1
4,15,4,10,1,3,2,2,31,1,2,1,1,1,1,0,1,0,0,1,0,0,1,1,0
4,47,2,27,5,3,2,1,36,1,1,1,1,1,0,0,1,0,0,1,0,0,1,1,0
1,12,2,19,1,2,1,3,22,3,1,1,1,1,0,0,1,0,1,0,0,0,1,1,1
1,15,2,18,1,3,4,4,62,3,2,1,1,1,0,0,1,0,0,0,0,0,1,1,0
4,13,2,14,5,5,2,3,33,3,1,1,1,1,0,0,1,0,0,1,0,0,1,1,1
3,5,2,14,1,3,2,1,39,3,1,1,2,1,0,0,1,0,0,1,0,0,1,1,1
2,8,1,10,2,4,3,4,28,3,1,1,1,1,1,0,1,0,0,1,0,0,1,1,0
4,42,4,28,3,3,4,1,34,3,2,1,2,1,0,0,1,0,0,1,0,0,1,1,1
4,8,2,26,5,5,4,1,61,3,1,1,1,1,0,0,1,0,0,1,0,1,0,1,1
1,24,2,37,1,3,4,3,28,3,1,1,1,1,0,0,1,0,0,1,0,0,1,1,1
1,15,1,11,1,3,3,3,42,1,1,1,1,1,0,0,1,0,0,1,0,0,1,1,0
2,13,2,10,5,2,1,2,22,3,1,1,1,1,0,0,1,0,0,1,0,0,1,1,1
4,9,2,20,1,2,2,3,19,3,2,1,1,1,0,0,0,1,1,0,0,0,1,1,0
2,24,2,14,1,2,4,3,25,3,1,1,2,1,1,0,1,0,0,1,0,1,0,1,0
4,11,2,10,1,5,4,2,45,1,3,2,2,1,0,0,1,0,0,1,0,0,1,1,1
4,24,2,14,3,4,1,3,28,3,1,1,1,1,0,0,1,0,0,1,0,0,1,1,1
4,48,3,148,1,4,4,3,20,3,2,1,2,1,0,0,1,0,0,1,0,0,1,1,1
4,12,2,15,1,2,3,3,34,3,1,2,1,1,0,0,1,0,0,1,0,0,1,1,1
1,42,3,30,1,4,2,2,25,1,2,2,2,1,0,0,1,0,0,1,0,0,1,1,0
1,18,2,8,1,1,1,1,27,3,1,1,1,1,0,0,1,0,0,1,1,0,0,1,0
2,13,2,9,1,5,4,3,36,3,2,1,1,1,0,0,1,0,0,1,0,1,0,1,1
4,13,2,32,2,3,2,2,38,3,1,1,2,1,0,0,1,0,0,1,0,0,0,1,0
4,21,4,13,1,4,2,3,31,3,2,1,2,1,0,0,0,0,0,1,0,0,1,1,1
1,15,4,13,1,4,1,2,31,3,2,1,2,1,0,0,1,0,0,1,0,0,0,1,1
4,30,3,58,5,2,4,3,26,3,2,1,2,1,0,0,1,0,1,0,0,0,1,1,0
1,27,0,32,1,3,2,1,31,3,2,1,1,1,0,0,0,0,0,1,0,0,1,1,1
4,12,2,14,3,3,2,2,26,3,1,1,1,1,1,0,1,0,0,1,0,0,1,1,0
3,21,2,6,1,4,3,4,36,1,1,2,1,1,1,0,1,0,0,0,0,0,1,1,0
1,11,2,5,1,3,4,3,38,3,1,2,1,1,0,0,1,0,1,0,0,1,0,1,0
1,47,2,53,1,4,1,4,48,3,1,1,2,1,0,0,1,0,0,0,0,0,0,1,1
2,11,2,13,1,3,2,2,35,3,1,1,1,1,0,0,1,0,0,1,0,1,0,1,0
1,21,2,16,1,5,1,1,43,3,1,1,1,1,1,0,0,1,0,1,0,0,1,1,0
2,30,3,59,2,5,4,3,40,3,4,1,2,1,1,0,1,0,0,1,0,0,0,1,0
4,21,4,16,1,4,3,3,33,3,2,1,2,1,0,1,1,0,0,1,0,0,1,1,1
1,12,2,28,1,1,4,4,21,3,1,1,1,1,1,0,1,0,0,0,0,0,1,1,1
2,11,2,6,1,5,4,3,39,1,1,2,1,1,1,0,1,0,0,1,0,1,0,1,0
4,47,2,75,5,4,3,3,35,2,1,1,2,1,0,0,1,0,0,1,0,0,1,1,1
2,30,0,42,1,3,1,3,28,3,2,1,1,1,0,0,1,0,0,1,0,0,1,1,1
2,15,4,44,1,5,1,4,39,3,1,1,2,1,0,0,1,0,0,1,0,0,1,1,1
3,11,2,9,1,3,4,1,22,3,1,1,1,1,0,0,1,0,1,0,0,0,1,1,1
1,11,2,6,5,3,2,3,22,3,1,1,1,1,1,0,1,0,0,1,0,0,1,1,0
4,20,2,15,1,5,2,1,48,3,2,1,1,1,0,0,1,0,0,1,0,0,1,1,1
2,5,3,7,1,1,1,2,33,2,2,1,2,1,0,0,1,0,0,1,0,0,0,1,1
3,5,4,10,1,3,4,2,50,3,1,1,1,1,0,0,1,0,0,1,0,1,0,1,1
4,21,4,43,1,1,2,4,26,1,2,1,2,1,0,0,0,1,0,1,0,0,0,1,1
2,27,1,24,4,3,2,3,32,2,1,2,2,1,0,0,1,0,0,1,0,0,1,1,1
4,48,1,36,1,3,1,1,27,2,1,1,1,1,0,0,1,0,0,1,0,0,1,1,1
1,11,4,33,1,5,4,2,41,3,2,1,2,1,1,0,0,1,1,0,0,0,1,1,0
3,27,4,21,1,5,4,2,45,3,1,1,1,1,0,0,1,0,0,1,0,0,1,1,1
4,21,4,28,2,3,3,2,26,3,2,1,2,1,0,0,1,0,0,1,0,1,0,1,1
4,30,2,39,2,4,2,3,30,3,2,1,2,1,0,0,1,0,0,1,0,0,1,1,1
4,48,2,78,1,5,4,2,40,3,1,1,2,1,1,0,1,0,0,1,0,0,0,1,1
4,5,4,14,3,3,2,3,23,3,1,1,1,1,1,0,1,0,0,1,0,0,1,1,1
4,20,3,18,3,2,2,1,39,1,1,2,1,1,0,0,1,0,0,1,0,1,0,1,0
4,30,4,45,1,4,4,3,26,3,1,1,2,1,0,0,1,0,1,0,0,0,0,1,1
4,21,4,35,1,5,4,3,31,3,1,1,2,1,0,0,1,0,0,1,0,0,1,1,1
2,60,2,38,2,3,2,3,23,3,1,1,1,1,0,0,1,0,0,1,0,0,1,1,0
1,21,2,16,1,5,4,1,61,1,1,1,1,1,0,0,1,0,1,0,0,1,0,1,1
4,18,2,15,1,2,1,1,26,3,1,1,1,1,0,0,1,0,0,1,0,0,1,1,1
4,5,2,15,1,2,2,4,56,3,1,1,1,1,0,0,1,0,0,1,0,0,1,1,1
4,11,2,16,5,3,4,4,35,3,1,1,2,1,0,0,1,0,0,0,0,0,1,1,1
4,13,3,10,1,3,3,1,31,1,2,1,1,1,0,0,1,0,0,1,0,0,1,1,1
4,21,4,35,1,2,3,4,45,3,3,1,2,1,0,0,1,0,0,0,0,0,1,1,1
2,30,3,74,2,4,3,2,30,3,2,2,2,1,0,0,1,0,0,1,0,1,0,1,1
4,48,2,44,5,3,4,4,32,3,1,2,2,1,1,0,1,0,0,0,0,0,1,1,1
3,9,4,9,5,4,2,2,26,3,2,1,2,1,0,0,1,0,0,1,0,0,1,1,1
2,30,3,20,2,5,3,4,29,3,1,1,1,1,1,0,1,0,0,0,0,0,1,1,1
4,8,2,19,2,5,4,3,33,3,1,1,2,1,0,0,0,1,0,1,0,0,1,1,1
1,11,2,25,4,3,3,2,30,3,1,2,1,1,1,0,1,0,0,1,0,0,1,1,1
1,13,4,7,1,3,3,2,24,3,2,1,1,1,0,0,1,0,0,1,0,0,1,1,1
2,15,2,26,2,3,2,1,25,3,1,1,1,1,0,0,1,0,0,1,0,1,0,1,1
2,21,2,20,2,2,1,3,28,3,1,1,1,1,0,0,1,0,0,1,0,0,1,1,1
1,5,4,32,5,2,3,1,42,3,2,2,1,1,1,0,1,0,0,1,0,1,0,1,1
4,21,2,16,1,4,2,3,27,3,1,1,2,1,0,0,1,0,0,1,0,0,1,1,1
4,5,2,8,3,3,4,2,48,3,1,1,1,1,0,1,1,0,1,0,0,0,1,1,1
2,11,2,7,1,4,3,1,28,3,2,1,1,2,0,0,0,0,0,1,0,0,1,1,1
4,12,4,9,1,1,2,2,38,3,1,1,1,1,1,0,1,0,0,1,1,0,0,1,1
4,15,4,12,1,3,2,3,23,3,2,1,1,1,0,0,1,0,0,1,0,0,1,1,1
3,13,2,13,1,5,4,3,38,3,1,1,2,1,0,0,1,0,1,0,0,0,0,1,1
4,12,2,11,3,3,4,3,29,3,1,1,1,1,0,0,1,0,1,0,0,1,0,1,0
1,47,4,43,1,5,4,4,44,3,2,1,2,1,0,1,1,0,0,0,0,0,1,1,0
3,24,2,14,2,5,2,4,47,3,1,1,2,1,0,0,1,0,0,0,0,0,1,1,1
2,27,3,17,2,5,2,2,39,2,2,1,1,1,0,0,1,0,0,1,0,0,1,1,1
2,27,2,25,1,2,1,2,32,3,1,2,2,1,0,0,1,0,0,1,0,0,1,1,1
4,15,2,53,3,5,4,4,35,3,1,1,1,1,1,0,1,0,0,0,0,0,1,1,1
2,47,2,45,2,4,2,2,23,3,1,1,1,1,1,0,1,0,0,1,0,0,1,1,0
2,12,0,30,1,2,3,2,25,3,2,1,1,1,0,0,1,0,1,0,0,0,1,1,0
2,9,2,12,1,5,4,1,25,3,1,1,1,1,0,0,1,0,0,1,0,0,1,1,1
2,8,2,14,1,3,2,1,35,3,1,2,1,1,0,0,1,0,0,1,0,1,0,1,1
4,15,4,4,3,5,3,2,31,1,2,1,2,1,0,0,1,0,0,1,0,0,0,1,1
1,5,1,12,1,5,4,4,35,3,1,1,1,1,0,0,1,0,0,0,0,0,1,1,0
4,20,2,17,5,5,4,1,44,3,1,1,2,1,0,1,1,0,0,1,0,0,0,1,1
1,8,4,7,1,3,4,1,24,3,2,1,1,1,0,0,1,0,0,1,0,1,0,1,1
2,48,2,110,1,4,2,4,26,3,1,1,2,1,1,0,1,0,0,1,0,0,0,1,0
4,27,4,54,5,5,4,3,60,3,2,1,1,1,0,1,1,0,0,1,0,0,1,1,1
4,27,4,21,5,5,2,3,38,3,2,2,2,1,0,0,1,0,0,1,0,0,1,1,1
4,15,2,10,1,3,2,4,31,3,1,1,2,1,0,0,1,0,0,0,0,0,0,1,1
3,21,4,21,5,3,2,3,30,3,2,1,2,1,0,0,1,0,0,1,0,0,1,1,1
2,18,0,41,2,5,4,3,30,1,2,1,2,1,0,1,1,0,0,1,0,0,1,1,1
3,8,0,9,1,2,2,3,32,3,2,1,2,1,0,0,1,0,0,1,0,0,0,1,0
2,5,1,4,4,2,2,2,24,1,1,2,1,1,0,0,1,0,1,0,0,0,1,1,0
1,12,2,12,1,3,2,1,24,3,1,1,1,1,1,0,1,0,0,1,0,1,0,1,0
2,9,2,8,3,3,3,1,66,3,1,1,1,1,0,0,1,0,0,1,0,1,0,1,1
4,27,2,26,1,3,3,1,21,3,1,1,1,1,1,0,1,0,1,0,0,0,1,1,0
4,5,4,2,4,3,2,1,41,1,2,1,1,1,1,0,1,0,0,1,0,1,0,1,1
4,13,4,9,3,3,2,2,45,3,2,1,1,1,0,0,1,0,0,1,0,1,0,1,1
1,18,2,19,1,3,4,3,25,1,2,1,1,1,0,0,1,0,1,0,0,0,1,1,0
2,48,1,64,1,5,3,4,59,3,1,1,1,1,0,0,1,0,1,0,0,0,1,1,0
3,21,4,9,4,3,4,1,34,3,2,1,2,1,0,0,1,0,0,1,0,0,1,1,1
2,21,3,44,1,2,2,3,31,3,1,1,1,1,0,0,1,0,0,1,0,0,1,1,1
1,21,2,14,1,3,4,1,20,3,1,2,1,1,0,0,1,0,1,0,0,1,0,1,0
2,8,2,8,1,4,2,1,44,3,1,1,1,1,0,0,0,0,0,1,0,1,0,1,1
4,24,2,26,4,3,4,3,28,3,1,1,2,1,0,1,1,0,1,0,0,0,1,1,1
4,4,4,34,1,4,1,1,37,3,1,2,1,1,1,0,1,0,0,1,0,0,1,1,1
2,36,1,40,5,2,2,4,29,1,1,1,1,1,0,0,1,0,0,1,1,0,0,1,1
2,24,2,116,1,3,4,3,23,3,2,1,1,1,0,1,1,0,1,0,0,0,0,1,0
1,15,2,30,2,3,4,3,33,3,1,2,2,1,1,0,1,0,0,1,0,1,0,1,1
4,5,4,46,1,4,3,4,43,3,2,2,2,1,1,0,1,0,0,1,0,0,0,1,1
2,30,0,43,2,3,4,3,26,3,2,1,1,1,0,0,1,0,1,0,0,1,0,1,0
1,21,1,16,2,4,3,3,31,1,1,1,1,1,1,0,1,0,0,1,0,0,1,1,1
2,9,1,7,1,3,4,1,22,2,1,1,1,1,0,0,1,0,0,1,0,1,0,1,1
4,20,2,22,5,5,3,2,39,3,1,1,2,1,0,0,1,0,0,1,0,0,1,1,1
1,21,1,17,3,3,4,1,21,2,1,1,2,1,0,0,1,0,0,1,0,0,1,1,1
1,33,4,116,5,4,4,2,29,3,2,1,2,1,0,0,1,0,0,1,0,0,0,1,1
1,11,4,12,1,2,1,2,27,1,2,1,1,1,0,0,1,0,0,1,0,1,0,1,1
1,15,2,25,1,1,4,3,23,3,1,1,1,1,1,0,1,0,1,0,0,0,1,1,1
1,12,2,13,1,2,1,1,37,3,1,1,1,1,1,0,1,0,0,1,0,1,0,1,0
4,20,2,35,5,3,3,3,25,3,1,1,1,1,0,1,1,0,0,1,0,0,1,1,1
4,13,2,21,1,4,2,3,31,3,1,1,1,1,0,1,1,0,0,1,0,0,1,1,1
1,5,2,4,1,5,1,2,49,1,1,1,2,1,0,0,1,0,0,1,0,0,1,1,1
1,18,2,10,1,2,2,3,23,3,1,1,1,1,1,0,1,0,0,1,0,1,0,1,0
2,12,2,8,2,4,4,1,23,3,1,1,1,1,0,0,1,0,1,0,0,1,0,1,1
4,30,4,58,1,4,2,3,25,3,2,1,1,1,0,0,1,0,0,1,0,0,1,1,1
4,11,3,11,4,5,4,4,53,3,2,2,1,1,0,0,1,0,0,0,0,0,1,1,0
1,24,2,13,5,4,4,4,32,3,1,1,1,1,1,0,1,0,1,0,0,0,1,1,0
3,5,4,9,1,3,1,1,74,3,3,2,1,2,1,0,1,0,0,1,1,0,0,1,1
3,13,4,9,5,3,4,4,37,3,2,1,2,1,0,0,1,0,0,0,0,0,1,1,0
4,21,2,10,1,3,2,1,30,3,1,1,2,1,1,0,0,0,0,1,0,0,1,1,1
1,11,4,5,1,5,3,2,33,3,2,1,1,1,1,0,1,0,0,1,0,0,1,1,0
4,15,4,50,5,5,4,3,59,3,1,1,2,1,1,0,1,0,0,1,0,0,1,1,1
1,18,4,21,1,3,4,1,24,3,2,1,1,1,0,0,1,0,1,0,0,0,1,1,0
1,11,2,15,1,3,3,2,23,3,1,1,1,1,0,0,1,0,0,1,0,1,0,1,1
4,20,4,107,5,5,4,4,29,3,1,1,2,1,1,0,1,0,0,0,0,0,0,1,0
4,21,4,17,2,4,3,2,26,3,2,1,2,1,1,0,1,0,0,1,0,0,1,1,1
2,11,2,8,1,5,3,1,38,1,2,1,1,1,0,0,0,0,0,1,0,1,0,1,1
1,27,2,21,1,2,4,2,30,3,1,1,1,1,0,0,1,0,0,1,0,1,0,1,0
4,10,2,29,5,2,4,1,31,3,1,1,1,1,0,1,1,0,1,0,0,0,1,1,1
2,11,4,25,1,5,4,3,27,3,3,1,2,1,0,0,1,0,1,0,0,0,1,1,1
4,11,4,12,1,5,4,1,60,3,2,1,2,1,0,0,1,0,0,1,0,1,0,1,1
1,24,2,28,5,5,4,1,26,3,1,1,1,1,0,1,1,0,1,0,0,0,1,1,1
1,36,4,81,1,3,2,4,25,3,2,1,2,1,0,0,1,0,0,1,0,0,0,1,0
4,20,4,23,1,5,4,3,34,3,1,1,2,1,0,1,1,0,0,1,0,0,0,1,1
4,21,4,15,2,5,4,2,50,1,2,1,1,1,0,0,1,0,0,1,0,0,1,1,1
3,11,4,10,3,1,4,4,64,1,3,1,1,1,1,0,1,0,0,0,1,0,0,1,1
1,24,2,14,5,3,4,1,25,3,1,1,1,1,1,0,1,0,1,0,0,0,1,1,0
4,30,4,24,1,4,4,3,35,3,2,1,2,1,1,0,1,0,0,1,0,0,1,1,1
1,18,2,35,1,4,1,1,25,3,1,1,1,1,0,0,0,0,0,1,0,0,1,1,1
4,30,4,39,4,5,2,3,36,3,2,1,2,1,0,1,1,0,0,1,0,0,0,1,1
2,18,2,39,1,1,4,3,67,3,1,1,2,1,0,0,1,0,0,1,0,0,1,1,1
2,33,4,34,1,4,2,1,24,3,2,1,1,1,0,0,0,0,0,1,0,0,1,1,0
4,21,4,13,4,5,4,1,57,3,1,1,2,1,1,0,1,0,0,1,0,0,1,1,1
2,11,0,10,1,3,2,1,30,3,1,1,2,1,0,0,1,0,0,1,0,1,0,1,1
2,12,2,8,2,2,2,2,23,1,1,1,1,1,1,0,1,0,0,1,0,1,0,1,0
2,18,2,44,5,1,4,1,57,3,1,1,2,1,0,1,1,0,0,1,0,0,0,1,1
2,15,2,13,4,3,2,2,33,3,1,1,2,1,0,0,1,0,0,1,0,1,0,1,1
4,20,2,19,3,5,4,3,38,3,1,1,1,1,0,0,1,0,0,1,0,0,1,1,1
4,47,4,19,5,5,3,3,36,3,2,2,2,1,0,1,1,0,0,1,0,0,1,1,1
2,47,3,42,1,5,4,4,48,3,1,1,1,1,0,0,1,0,0,0,0,0,1,1,0
1,36,4,41,1,3,3,4,26,1,1,1,2,1,0,0,1,0,0,1,0,0,1,1,0
2,21,2,12,1,5,4,2,39,3,1,2,1,1,0,0,1,0,0,1,0,0,1,1,0
4,21,2,43,5,5,4,3,39,3,1,2,2,1,0,1,1,0,0,1,0,0,0,1,1
4,5,4,8,5,3,2,2,26,3,2,1,1,1,0,0,1,0,0,1,0,0,1,1,1
3,21,2,20,1,5,4,4,49,3,1,1,1,1,0,0,1,0,0,0,0,0,1,1,1
4,21,2,21,3,5,3,4,31,3,1,1,2,1,0,0,1,0,1,0,0,0,1,1,1
4,9,2,23,2,2,4,2,22,3,1,1,1,1,0,0,1,0,1,0,0,0,1,1,1
1,15,2,53,5,5,4,2,49,3,1,2,2,1,0,1,1,0,0,0,0,0,1,1,0
4,12,4,13,1,2,4,2,22,3,2,1,1,1,0,0,1,0,1,0,0,1,0,1,1
4,21,3,5,5,5,4,3,52,3,2,1,2,1,1,0,1,0,0,1,0,0,1,1,1
2,8,2,10,5,2,2,1,33,3,1,1,1,1,1,0,1,0,0,1,1,0,0,1,1
4,21,4,11,1,5,4,4,52,3,2,2,1,1,0,0,1,0,0,0,0,0,1,1,1
2,18,4,18,1,5,4,1,48,1,2,1,2,1,0,0,0,0,1,0,0,1,0,1,1
1,20,4,43,1,5,4,2,24,3,2,1,1,1,0,0,1,0,0,1,0,0,1,1,1
4,11,4,7,5,5,4,3,33,3,2,1,1,1,0,0,1,0,0,1,0,0,1,1,1
2,12,2,75,5,1,2,1,24,3,1,1,1,1,1,0,1,0,1,0,1,0,0,1,1
1,30,2,71,1,4,1,3,23,3,1,1,2,1,1,0,1,0,0,1,0,0,1,1,0
2,5,2,4,1,2,3,1,25,3,1,1,1,2,0,0,1,0,0,1,0,1,0,1,1
4,11,4,6,5,5,4,1,62,3,4,1,1,1,0,0,1,0,0,1,0,0,1,1,1
2,42,1,71,1,1,2,4,53,1,1,1,2,1,0,1,1,0,0,0,0,0,0,1,1
2,15,0,18,1,2,1,1,26,3,2,1,1,1,1,0,1,0,1,0,1,0,0,1,0
2,8,2,6,1,2,2,1,25,3,1,1,2,1,0,0,1,0,0,1,0,0,1,1,1
2,5,2,3,1,4,3,1,27,1,1,1,1,1,0,0,0,0,0,1,0,1,0,1,1
1,30,4,72,1,4,4,3,23,3,2,1,2,1,0,1,1,0,0,1,0,0,1,1,0
1,47,2,21,1,3,4,3,52,3,1,1,1,1,0,0,1,0,0,1,0,0,1,1,0
1,47,2,27,1,4,4,4,44,3,1,2,1,1,1,0,1,0,0,0,0,0,1,1,0
2,36,3,74,1,3,2,2,54,3,1,1,1,1,1,0,1,0,1,0,0,0,1,1,1
4,5,2,9,3,3,4,1,59,3,1,1,1,1,0,0,1,0,0,1,0,0,1,1,1
4,5,4,16,1,4,2,3,24,3,2,1,2,1,0,0,1,0,1,0,0,0,1,1,1
1,30,2,159,1,1,3,3,41,3,1,1,1,1,0,0,0,1,0,1,0,0,0,1,1
1,15,2,9,1,3,3,1,25,1,1,1,1,1,0,0,1,0,0,1,0,0,1,1,0
4,11,2,7,1,3,2,1,26,3,2,1,2,1,1,0,1,0,0,1,0,0,1,1,1
3,11,2,21,1,3,1,3,23,3,1,1,1,1,0,0,1,0,0,1,0,0,1,1,1
1,30,2,19,1,5,2,2,39,1,1,2,1,1,0,0,1,0,0,1,0,0,1,1,0
1,8,4,5,1,5,4,1,45,3,2,1,1,1,1,0,1,0,0,1,0,1,0,1,1
4,15,4,26,1,2,2,3,33,3,2,1,2,1,0,0,1,0,0,1,0,0,0,1,1
1,20,4,11,1,5,3,3,29,3,2,1,2,1,1,0,1,0,0,1,0,0,1,1,1
1,18,4,40,1,5,4,1,33,1,3,1,2,1,1,0,1,0,1,0,0,0,1,1,0
4,15,0,29,1,3,2,3,34,2,2,2,1,1,0,0,1,0,0,1,0,0,1,1,0
1,30,2,60,5,5,4,4,45,3,1,1,1,1,0,1,1,0,0,0,0,0,1,1,0
2,47,3,46,5,3,4,4,36,3,1,2,2,1,0,0,1,0,0,0,0,0,1,1,1
4,21,3,16,3,3,2,3,42,3,2,2,2,1,0,0,1,0,0,1,0,0,1,1,1
1,18,2,12,1,2,3,3,23,3,1,1,2,1,1,0,1,0,1,0,0,0,1,1,0
1,42,0,85,1,5,4,3,28,3,2,1,1,1,0,0,1,0,1,0,0,0,1,1,0
2,24,2,51,5,5,4,3,42,3,1,1,2,1,0,0,1,0,0,1,0,0,1,1,1
3,15,2,23,1,2,3,1,25,3,1,1,1,1,0,0,1,0,0,1,0,1,0,1,0
1,11,0,7,1,3,4,3,46,1,2,1,1,1,1,0,1,0,0,1,0,0,1,1,0
4,12,2,9,5,3,2,3,21,3,1,1,1,1,0,0,1,0,0,1,0,0,1,1,1
4,4,2,6,1,2,3,1,23,3,1,2,1,1,0,0,1,0,1,0,0,1,0,1,1
1,21,4,21,1,5,4,2,60,3,2,1,2,1,0,1,1,0,0,1,0,0,1,1,1
4,21,4,18,1,5,3,1,44,3,2,1,1,1,0,0,0,1,0,1,0,0,1,1,1
1,30,2,35,1,4,2,2,28,3,1,1,1,1,0,0,1,0,0,1,0,0,1,1,0
4,20,3,21,1,3,2,1,27,2,2,1,1,1,0,1,1,0,0,1,0,1,0,1,1
4,18,2,19,1,2,4,1,23,3,1,1,1,1,0,0,1,0,0,1,0,0,1,1,0
4,21,1,11,1,4,4,3,48,1,1,1,2,1,0,0,1,0,0,1,0,0,1,1,1
4,15,2,23,1,5,4,2,45,1,3,2,2,1,0,0,1,0,0,1,0,0,1,1,1
2,20,2,28,5,4,3,3,33,3,1,1,2,1,0,0,1,0,0,1,0,0,1,1,1
4,15,2,46,5,3,4,3,66,3,2,1,1,1,1,0,1,0,1,0,0,0,1,1,0
4,21,2,8,1,2,2,1,27,3,1,1,1,1,1,0,1,0,0,1,0,0,1,1,1
1,8,2,10,1,4,4,1,56,3,1,1,1,1,0,0,1,0,0,1,0,0,1,1,1
1,11,2,5,1,5,4,1,55,2,1,1,1,1,0,0,1,0,0,1,0,1,0,1,0
1,18,4,15,1,3,2,2,31,1,2,1,1,2,1,0,0,0,1,0,0,0,1,1,0
4,21,4,28,5,4,4,2,41,3,2,1,2,1,0,1,1,0,0,1,0,0,1,1,1
4,13,4,10,1,3,4,4,33,3,2,1,2,1,0,0,1,0,0,0,0,0,1,1,1
1,15,1,10,1,4,4,4,31,3,2,2,1,1,1,0,1,0,0,0,0,1,0,1,0
4,30,3,81,1,5,2,3,43,3,2,2,2,1,1,0,1,0,0,1,0,0,1,1,1
4,21,2,10,2,2,3,1,31,3,1,1,2,1,1,0,1,0,0,1,0,0,1,1,1
4,10,2,9,5,4,3,2,40,3,1,1,2,1,0,0,1,0,0,1,0,0,1,1,1
4,13,4,23,1,3,2,4,27,3,1,1,2,1,0,0,1,0,0,0,0,0,1,1,1
1,15,2,40,1,3,2,2,29,3,1,1,2,1,1,0,1,0,0,1,0,0,1,1,0
4,8,2,25,2,3,2,1,25,3,1,2,1,2,1,0,0,0,1,0,0,0,1,1,1
4,21,4,39,4,3,2,1,26,3,2,1,1,1,0,1,1,0,0,1,0,0,1,1,1
4,15,3,15,1,3,2,3,27,3,1,1,2,1,0,0,1,0,0,1,0,0,1,1,0
1,24,2,24,1,2,4,1,35,3,1,1,2,1,0,0,1,0,0,1,0,0,1,1,0
4,24,4,31,4,2,2,1,31,2,2,2,2,1,0,0,1,0,0,1,0,1,0,1,1
4,9,2,15,1,3,2,1,24,1,1,1,1,1,0,0,1,0,1,0,0,1,0,1,0
4,15,2,22,3,3,4,3,20,3,1,1,1,1,0,0,1,0,1,0,0,0,1,1,1
1,18,2,24,1,2,1,3,27,2,1,1,1,1,0,0,1,0,0,1,0,0,1,1,1
4,11,4,23,1,5,4,2,40,2,1,1,1,1,0,0,1,0,0,1,0,0,1,1,1
4,30,2,53,5,5,2,2,35,3,2,1,1,1,0,0,1,0,0,1,0,0,1,1,1
1,12,2,7,1,5,4,2,24,3,1,1,1,1,0,0,1,0,1,0,0,0,1,1,1
4,36,3,77,3,4,4,3,40,3,2,1,2,1,0,0,1,0,0,1,0,0,1,1,1
3,5,4,9,1,5,4,1,44,3,2,2,1,2,1,0,1,0,0,1,0,0,1,1,1
1,21,4,10,2,4,1,1,25,3,2,1,2,1,0,0,1,0,0,1,0,0,1,1,1
4,15,2,9,5,2,1,1,24,3,1,1,1,1,0,0,1,0,0,1,0,0,1,1,1
1,11,2,25,1,3,2,2,28,3,1,2,1,1,0,0,0,1,0,1,0,1,0,1,1
2,11,4,13,4,3,4,3,40,3,2,1,1,1,1,0,1,0,0,1,0,0,1,1,1
1,15,1,13,1,2,4,4,34,1,1,1,2,1,0,0,0,1,0,0,0,0,0,1,1
4,30,2,25,1,5,2,3,27,3,1,1,1,1,0,0,1,0,0,1,0,0,1,1,1
1,8,2,10,1,2,2,4,26,3,1,1,2,1,1,0,1,0,0,0,0,0,0,1,0
4,27,4,46,5,4,3,2,34,3,2,1,1,1,0,0,1,0,0,1,0,0,1,1,1
4,21,2,57,1,4,3,3,36,3,1,1,2,1,0,1,1,0,0,1,0,0,0,1,1
4,21,2,71,5,3,4,4,46,3,1,1,2,1,0,1,1,0,0,0,0,0,1,1,1
2,27,4,15,5,5,4,1,34,3,2,1,1,1,1,0,1,0,0,1,0,0,1,1,1
4,18,4,11,1,1,4,3,65,3,2,1,1,1,0,0,1,0,0,1,1,0,0,1,1
2,21,2,28,1,4,3,3,41,3,1,1,2,1,0,0,1,0,0,1,0,0,1,1,0
1,12,2,8,1,2,4,2,53,3,1,1,1,1,0,0,1,0,0,1,0,0,1,1,0
2,21,4,19,5,4,3,4,32,3,2,2,2,1,0,0,1,0,0,1,0,0,1,1,1
2,47,2,148,1,3,2,3,22,3,1,1,2,1,0,0,1,0,0,1,0,0,1,1,0
4,30,4,45,1,5,4,3,32,3,2,1,2,1,1,0,1,0,0,1,0,0,0,1,1
4,24,1,57,5,2,4,1,38,1,2,2,2,1,0,1,0,0,1,0,0,0,1,1,1
1,24,4,16,1,5,4,3,41,2,4,2,2,1,0,0,1,0,0,1,0,0,0,1,1
4,13,4,12,1,5,4,3,44,3,2,1,2,1,0,0,1,0,0,1,0,0,1,1,1
1,11,4,15,1,3,4,2,36,1,2,1,1,2,1,0,1,0,0,1,0,1,0,1,1
2,30,4,39,1,3,4,3,32,3,2,1,2,1,0,1,1,0,0,1,0,0,1,1,1
4,15,4,8,5,3,3,2,28,3,2,1,2,1,0,0,1,0,0,1,0,0,1,1,1
4,30,3,62,5,4,2,3,30,2,1,2,2,1,0,1,1,0,0,1,0,0,0,1,1
1,21,2,26,1,2,4,2,28,3,1,1,2,1,0,0,1,0,1,0,0,0,0,1,1
4,12,4,16,4,4,2,2,35,3,1,1,1,2,0,0,1,0,0,1,0,0,1,1,1
4,15,2,22,5,4,4,1,33,1,1,1,1,1,0,0,1,0,1,0,0,1,0,1,1
1,15,2,29,1,3,3,3,40,3,1,1,1,1,0,0,0,1,0,1,0,0,1,1,0
1,13,4,18,1,5,4,2,41,1,1,1,2,1,1,0,0,0,1,0,0,0,1,1,0
4,18,4,24,5,2,4,1,42,3,2,1,2,1,1,0,1,0,0,1,0,0,1,1,1
4,30,4,79,5,5,4,4,40,3,2,1,1,1,0,1,1,0,0,0,0,0,1,1,1
4,13,2,10,5,3,2,1,38,3,1,1,2,1,0,0,1,0,1,0,0,0,1,1,1
4,21,2,9,1,5,1,1,34,3,1,1,2,1,0,0,1,0,0,1,0,0,0,1,1
1,11,2,7,1,3,2,1,19,3,1,2,2,1,0,0,1,0,1,0,0,0,0,1,1
1,20,2,26,5,4,2,1,23,3,1,1,1,2,1,0,0,1,0,1,0,1,0,1,1
2,30,2,25,5,3,2,3,26,3,1,1,1,1,0,0,1,0,0,1,0,0,1,1,1
4,15,3,36,1,2,2,2,46,3,2,1,1,1,0,1,1,0,0,1,0,1,0,1,1
2,9,2,32,5,3,2,1,33,3,1,1,1,1,1,0,1,0,0,1,0,1,0,1,1
4,36,3,45,1,3,4,1,34,3,2,1,1,1,0,0,1,0,0,1,0,0,1,1,1
2,24,4,47,1,2,4,3,25,1,1,1,1,1,0,0,1,0,0,1,0,1,0,1,0
2,30,2,30,5,5,4,3,25,3,1,1,1,1,0,0,1,0,0,1,0,0,1,1,1
4,10,2,14,4,5,2,1,27,3,1,1,2,1,0,0,1,0,0,1,0,0,1,1,1
1,21,1,22,1,3,2,2,30,3,1,1,2,1,0,0,1,0,1,0,0,0,1,1,0
2,48,0,159,1,3,2,2,32,1,1,1,2,2,0,0,1,0,0,1,0,0,0,1,0
4,9,2,19,2,3,2,1,31,3,1,2,1,1,0,1,0,1,0,1,0,0,1,1,1
1,5,2,148,1,5,4,4,66,1,1,1,2,1,1,0,1,0,0,1,0,0,0,1,0
1,21,2,16,2,1,1,2,31,3,1,1,1,1,0,0,1,0,0,1,0,0,1,1,0
1,21,2,23,1,5,2,2,37,3,1,1,2,1,0,0,1,0,1,0,0,0,0,1,0
4,18,4,18,1,3,2,4,28,3,2,1,1,1,0,0,1,0,0,1,0,0,1,1,1
4,47,3,107,3,4,1,3,35,3,1,1,2,1,0,0,1,0,0,1,0,0,0,1,1
1,9,2,14,1,2,4,2,22,3,1,1,1,1,0,0,1,0,1,0,0,0,1,1,0
2,11,2,14,1,4,4,2,29,3,1,2,2,1,1,0,1,0,1,0,0,0,1,1,1
1,21,1,47,1,2,1,2,53,1,1,1,2,1,0,0,1,0,0,1,0,0,1,1,0
1,11,1,5,1,2,2,3,44,1,2,1,2,1,1,0,1,0,0,1,0,0,1,1,0
1,18,4,10,1,2,4,2,21,3,1,1,1,1,0,0,1,0,1,0,0,0,1,1,1
1,47,2,77,1,4,4,4,37,2,3,2,2,1,0,1,1,0,0,0,0,0,1,1,0
4,27,2,13,5,5,4,3,56,3,1,1,2,1,0,0,1,0,0,1,0,0,1,1,1
1,11,3,9,1,3,2,1,41,3,2,2,1,1,1,0,1,0,0,1,0,1,0,1,1
1,21,2,12,1,2,1,2,23,3,1,1,1,2,0,0,0,1,0,1,0,1,0,1,1
2,9,2,17,1,2,2,3,22,3,1,1,2,1,0,0,1,0,0,1,0,0,1,1,0
4,8,4,8,1,3,1,1,29,3,2,1,1,1,1,0,1,0,0,1,0,0,1,1,1
4,11,4,3,3,5,4,2,40,3,2,2,2,1,0,0,1,0,0,1,0,0,1,1,1
1,12,2,15,1,3,1,3,23,1,1,1,1,1,0,0,1,0,0,1,0,0,1,1,1
2,27,3,13,2,2,3,4,29,2,2,1,1,1,0,0,1,0,0,1,0,0,0,1,0
3,9,2,7,1,3,2,1,28,3,1,1,1,1,0,0,1,0,0,1,0,1,0,1,0
2,5,2,14,1,2,3,3,29,3,1,1,2,1,0,0,1,0,1,0,0,0,0,1,1
2,48,2,43,1,3,4,4,40,3,1,1,1,1,0,0,1,0,0,0,0,0,1,1,0
4,21,4,46,5,3,4,2,44,3,2,2,2,1,0,1,1,0,0,1,0,0,0,1,1
4,11,2,24,5,2,3,2,43,3,1,2,2,1,1,0,1,0,0,1,0,0,0,1,1
4,9,2,10,1,3,2,1,30,3,1,2,1,2,1,0,1,0,0,1,0,1,0,1,1
4,21,2,6,5,4,2,3,30,2,1,1,2,1,0,0,1,0,0,1,0,0,1,1,1
4,4,4,10,1,4,1,1,40,3,3,2,1,1,1,0,1,0,0,1,0,1,0,1,1
1,15,2,18,1,2,1,2,46,3,1,1,1,1,0,0,0,0,1,0,0,0,1,1,1
2,48,0,84,3,2,1,3,30,3,2,1,1,1,1,0,1,0,0,1,0,0,1,1,1
1,21,1,23,3,2,4,4,29,3,1,2,2,1,0,0,1,0,0,0,0,0,1,1,0
4,11,2,20,5,1,4,4,36,3,1,1,2,1,1,0,1,0,0,1,0,0,0,1,1
4,15,2,10,1,2,1,2,41,3,1,2,1,1,0,0,0,1,0,1,0,1,0,1,0
4,21,2,25,2,5,4,3,30,3,2,1,1,1,0,0,1,0,0,1,0,0,1,1,0
2,15,4,25,1,1,3,3,38,3,3,2,2,1,0,0,1,0,0,1,1,0,0,1,1
1,30,3,14,1,4,1,3,23,3,2,1,2,1,0,0,1,0,0,1,0,0,1,1,0
2,24,2,41,3,2,4,3,28,3,1,1,1,1,0,1,1,0,1,0,0,0,1,1,0
4,36,2,110,1,1,2,3,26,3,2,1,2,1,0,0,1,0,0,1,0,0,0,1,0
1,12,2,19,1,3,4,2,29,3,1,1,2,1,1,0,0,0,0,1,0,0,1,1,1
1,24,4,12,4,5,4,2,57,3,2,1,2,1,0,0,1,0,1,0,0,0,0,1,1
3,27,4,25,5,5,4,2,47,2,2,1,1,1,0,0,1,0,0,1,0,1,0,1,1
2,8,4,8,1,5,4,1,35,3,3,1,1,1,0,0,1,0,0,1,0,1,0,1,1
1,24,2,28,1,3,2,3,43,3,1,1,1,1,1,0,1,0,0,1,0,1,0,1,0
2,21,2,21,2,5,4,4,29,3,1,1,1,1,0,0,1,0,0,0,0,0,1,1,1
4,5,4,12,1,5,2,1,29,3,2,1,1,1,0,0,1,0,1,0,0,0,1,1,1
2,20,3,16,1,3,4,2,45,3,2,1,1,1,1,0,1,0,0,1,0,0,1,1,1
4,13,2,25,5,3,2,4,28,3,1,1,1,1,1,0,1,0,0,1,0,0,1,1,1
4,21,2,16,3,5,2,3,33,1,2,1,2,1,0,0,1,0,0,1,0,0,1,1,0
2,5,2,3,1,2,1,2,21,3,1,1,1,1,0,0,1,0,0,1,0,1,0,1,1
2,30,2,17,5,3,1,3,26,3,1,1,1,1,0,0,1,0,0,1,0,0,1,1,1
2,24,4,17,3,3,2,2,22,3,2,1,1,1,0,0,1,0,0,1,0,1,0,1,0
4,15,2,36,1,5,2,3,54,1,1,1,2,1,0,0,1,0,1,0,0,0,0,1,1
4,42,2,50,5,4,4,2,28,3,1,1,2,1,0,0,1,0,1,0,0,0,1,1,1
1,10,4,27,1,3,2,1,38,3,2,2,1,1,1,0,1,0,0,1,0,1,0,1,1
2,13,2,10,2,3,2,1,21,3,1,1,1,1,0,0,0,0,0,1,0,0,1,1,1
4,21,2,53,1,3,4,2,41,3,1,2,1,1,1,0,1,0,0,1,0,1,0,1,1
1,24,1,12,1,1,4,4,29,3,2,1,1,1,1,0,0,1,1,0,1,0,0,1,0
1,48,2,51,1,5,4,4,34,3,1,1,1,1,0,0,0,1,1,0,0,0,1,1,0
4,30,4,28,1,3,2,3,33,3,1,1,2,1,0,0,1,0,0,1,0,0,1,1,1
3,24,2,13,3,3,3,3,57,3,1,1,1,1,0,0,1,0,0,1,0,1,0,1,1
2,5,2,8,1,3,3,1,64,3,1,1,1,1,0,0,0,0,0,1,0,0,1,1,1
2,15,3,16,5,5,2,2,40,3,2,1,1,1,0,0,1,0,0,1,0,0,1,1,1
4,21,3,17,1,5,4,3,45,3,2,2,1,1,1,0,1,0,0,1,0,1,0,1,0
2,13,1,9,2,3,2,2,24,3,1,1,1,1,1,0,1,0,1,0,0,0,1,1,0
2,27,4,61,1,4,2,2,47,3,1,1,1,1,0,0,1,0,0,1,0,0,1,1,0
4,47,2,33,1,1,2,3,31,1,1,1,2,1,0,0,1,0,1,0,0,0,0,1,0
3,21,2,29,2,3,1,3,28,1,1,1,2,1,1,0,1,0,0,1,0,0,0,1,1
1,30,2,59,1,3,2,2,25,3,1,2,1,1,0,1,1,0,0,1,0,0,1,1,0
4,21,4,14,1,4,2,2,29,3,2,1,1,1,0,0,1,0,0,1,0,1,0,1,1
1,15,4,14,1,3,3,2,25,3,2,1,1,1,0,0,1,0,1,0,0,0,1,1,1
3,42,0,43,1,2,1,2,31,3,2,1,1,1,0,0,1,0,0,1,0,0,1,1,1
4,13,2,14,2,1,4,1,64,3,1,1,1,1,0,0,1,0,0,1,0,0,1,1,1
1,21,2,45,1,1,2,4,28,3,1,1,2,1,0,1,1,0,0,0,0,0,0,1,1
2,21,4,12,1,5,2,2,46,3,2,1,1,1,0,0,1,0,0,1,0,1,0,1,1
4,11,4,25,5,2,1,2,35,3,2,2,1,1,0,0,1,0,0,1,0,1,0,1,1
4,13,1,11,2,5,4,3,32,1,1,2,1,1,0,0,1,0,0,1,0,1,0,1,1
1,15,2,13,5,4,4,3,22,3,2,1,1,1,0,0,1,0,1,0,0,1,0,1,1
1,30,2,28,1,1,3,2,29,3,1,1,2,1,0,0,1,0,0,1,0,0,0,1,1
4,11,2,16,5,5,3,3,48,3,1,1,2,1,1,0,1,0,0,1,0,0,1,1,1
4,12,2,17,1,4,4,1,31,3,1,1,1,1,0,0,1,0,0,1,0,1,0,1,1
1,27,2,27,1,3,4,2,38,3,1,1,2,1,0,1,1,0,0,1,0,0,0,1,1
4,11,2,5,1,5,4,3,36,3,1,1,1,1,0,0,1,0,0,1,0,0,1,1,1
1,42,2,12,1,3,4,4,22,3,1,1,2,1,0,0,1,0,0,0,0,0,1,1,0
2,42,4,32,2,1,4,3,26,3,1,1,1,1,0,1,1,0,0,1,0,0,1,1,1
