algorithm,params,accuracy,TPR,TNR,BCR,MCC,DIbinary,DIavgall,CV,W-accuracy,H-accuracy,B-accuracy,Race-accuracy,H-accuracy_over_W-accuracy,B-accuracy_over_W-accuracy,Race-accuracyRatio,diff:W-accuracytoH-accuracy,diff:W-accuracytoB-accuracy,Race-accuracyDiff,W-TPR,H-TPR,B-TPR,Race-TPR,H-TPR_over_W-TPR,B-TPR_over_W-TPR,Race-TPRRatio,diff:W-TPRtoH-TPR,diff:W-TPRtoB-TPR,Race-TPRDiff,W-TNR,H-TNR,B-TNR,Race-TNR,H-TNR_over_W-TNR,B-TNR_over_W-TNR,Race-TNRRatio,diff:W-TNRtoH-TNR,diff:W-TNRtoB-TNR,Race-TNRDiff,W-FPR,H-FPR,B-FPR,Race-FPR,H-FPR_over_W-FPR,B-FPR_over_W-FPR,Race-FPRRatio,diff:W-FPRtoH-FPR,diff:W-FPRtoB-FPR,Race-FPRDiff,W-FNR,H-FNR,B-FNR,Race-FNR,H-FNR_over_W-FNR,B-FNR_over_W-FNR,Race-FNRRatio,diff:W-FNRtoH-FNR,diff:W-FNRtoB-FNR,Race-FNRDiff,W-calibration+,H-calibration+,B-calibration+,Race-calibration+,H-calibration+_over_W-calibration+,B-calibration+_over_W-calibration+,Race-calibration+Ratio,diff:W-calibration+toH-calibration+,diff:W-calibration+toB-calibration+,Race-calibration+Diff,W-calibration-,H-calibration-,B-calibration-,Race-calibration-,H-calibration-_over_W-calibration-,B-calibration-_over_W-calibration-,Race-calibration-Ratio,diff:W-calibration-toH-calibration-,diff:W-calibration-toB-calibration-,Race-calibration-Diff
SVM,,0.74358974359,0.928571428571,0.64,0.784285714286,0.550026042859,0.6696428571428571,0.6510416666666666,0.7885714285714285,0.72,0.833333333333,0.75,0.767777777778,1.15740740741,1.04166666667,1.09953703704,1.11333333333,1.03,1.07166666667,0.909090909091,1.0,1.0,0.969696969697,1.1,1.1,1.1,1.09090909091,1.09090909091,1.09090909091,0.571428571429,0.8,0.666666666667,0.679365079365,1.4,1.16666666667,1.28333333333,1.22857142857,1.09523809524,1.1619047619,0.428571428571,0.2,0.333333333333,0.320634920635,0.466666666667,0.777777777778,0.622222222222,0.771428571429,0.904761904762,0.838095238095,0.0909090909091,0.0,0.0,0.030303030303,0.0,0.0,1.0,0.909090909091,0.909090909091,0.909090909091,0.625,0.5,0.5,0.5416666666666666,0.8,0.8,0.8,0.875,0.875,0.875,0.1111111111111111,0.0,0.0,0.037037037037037035,0.0,0.0,1.0,0.8888888888888888,0.8888888888888888,0.8888888888888888
SVM,,0.615384615385,0.391304347826,0.9375,0.664402173913,0.370392736984,0.9642857142857143,0.9642857142857143,0.9907407407407407,0.555555555556,1.0,0.625,0.726851851852,1.8,1.125,1.4625,1.44444444444,1.06944444444,1.25694444444,0.352941176471,1.0,0.4,0.58431372549,2.83333333333,1.13333333333,1.98333333333,1.64705882353,1.04705882353,1.34705882353,0.9,1.0,1.0,0.966666666667,1.11111111111,1.11111111111,1.11111111111,1.1,1.1,1.1,0.1,0.0,0.0,0.0333333333333,0.0,0.0,1.0,0.9,0.9,0.9,0.647058823529,0.0,0.6,0.41568627451,0.0,0.927272727273,0.463636363636,0.352941176471,0.952941176471,0.652941176471,0.8571428571428571,1.0,1.0,0.9523809523809524,1.1666666666666667,1.1666666666666667,1.1666666666666667,1.1428571428571428,1.1428571428571428,1.1428571428571428,0.55,0.0,0.5,0.35000000000000003,0.0,0.9090909090909091,0.45454545454545453,0.44999999999999996,0.95,0.7
SVM,,0.769230769231,0.55,1.0,0.775,0.610912666192,1.1979166666666667,1.2473544973544972,1.0516304347826086,0.739130434783,0.888888888889,0.714285714286,0.780768345986,1.20261437908,0.966386554622,1.08450046685,1.14975845411,0.975155279503,1.0624568668,0.5,0.666666666667,0.6,0.588888888889,1.33333333333,1.2,1.26666666667,1.16666666667,1.1,1.13333333333,1.0,1.0,1.0,1.0,1.0,1.0,1.0,1.0,1.0,1.0,0.0,0.0,0.0,1.0,1.0,1.0,1.0,1.0,1.0,1.0,0.5,0.333333333333,0.4,0.411111111111,0.666666666667,0.8,0.733333333333,0.833333333333,0.9,0.866666666667,1.0,1.0,1.0,1.0,1.0,1.0,1.0,1.0,1.0,1.0,0.35294117647058826,0.14285714285714285,0.5,0.3319327731092437,0.4047619047619047,1.4166666666666665,0.9107142857142856,0.7899159663865546,1.1470588235294117,0.9684873949579831
SVM,,0.641025641026,0.416666666667,1.0,0.708333333333,0.464238345443,0.8571428571428572,0.6964285714285715,0.9615384615384616,0.576923076923,1.0,0.625,0.733974358974,1.73333333333,1.08333333333,1.40833333333,1.42307692308,1.04807692308,1.23557692308,0.388888888889,0.0,0.5,0.296296296296,0.0,1.28571428571,0.642857142857,0.611111111111,1.11111111111,0.861111111111,1.0,1.0,1.0,1.0,1.0,1.0,1.0,1.0,1.0,1.0,0.0,0.0,0.0,1.0,1.0,1.0,1.0,1.0,1.0,1.0,0.611111111111,1.0,0.5,0.703703703704,1.63636363636,0.818181818182,1.22727272727,1.38888888889,0.888888888889,1.13888888889,1.0,1.0,1.0,1.0,1.0,1.0,1.0,1.0,1.0,1.0,0.5789473684210527,0.0,0.6,0.39298245614035093,0.0,1.0363636363636364,0.5181818181818182,0.42105263157894735,1.0210526315789474,0.7210526315789474
SVM,,0.769230769231,0.55,1.0,0.775,0.610912666192,1.1979166666666667,1.2138888888888888,1.0516304347826086,0.652173913043,0.9,1.0,0.850724637681,1.38,1.53333333333,1.45666666667,1.24782608696,1.34782608696,1.29782608696,0.428571428571,0.75,1.0,0.72619047619,1.75,2.33333333333,2.04166666667,1.32142857143,1.57142857143,1.44642857143,1.0,1.0,1.0,1.0,1.0,1.0,1.0,1.0,1.0,1.0,0.0,0.0,0.0,1.0,1.0,1.0,1.0,1.0,1.0,1.0,0.571428571429,0.25,0.0,0.27380952381,0.4375,0.0,0.21875,0.678571428571,0.428571428571,0.553571428571,1.0,1.0,1.0,1.0,1.0,1.0,1.0,1.0,1.0,1.0,0.47058823529411764,0.14285714285714285,0.0,0.20448179271708686,0.30357142857142855,0.0,0.15178571428571427,0.6722689075630253,0.5294117647058824,0.6008403361344539
SVM,,0.846153846154,0.666666666667,1.0,0.833333333333,0.720082299823,0.13068181818181818,0.11616161616161615,0.5842391304347826,0.826086956522,1.0,0.777777777778,0.867954911433,1.21052631579,0.941520467836,1.07602339181,1.17391304348,0.951690821256,1.06280193237,0.733333333333,0.0,0.333333333333,0.355555555556,0.0,0.454545454545,0.227272727273,0.266666666667,0.6,0.433333333333,1.0,1.0,1.0,1.0,1.0,1.0,1.0,1.0,1.0,1.0,0.0,0.0,0.0,1.0,1.0,1.0,1.0,1.0,1.0,1.0,0.266666666667,1.0,0.666666666667,0.644444444444,3.75,2.5,3.125,1.73333333333,1.4,1.56666666667,1.0,1.0,1.0,1.0,1.0,1.0,1.0,1.0,1.0,1.0,0.3333333333333333,0.0,0.25,0.19444444444444442,0.0,0.75,0.375,0.6666666666666667,0.9166666666666667,0.7916666666666667
SVM,,0.794871794872,0.933333333333,0.708333333333,0.820833333333,0.626202546809,0.7963800904977375,0.7435897435897435,0.8796791443850267,0.818181818182,1.0,0.636363636364,0.818181818182,1.22222222222,0.777777777778,1.0,1.18181818182,0.818181818182,1.0,0.909090909091,1.0,1.0,0.969696969697,1.1,1.1,1.1,1.09090909091,1.09090909091,1.09090909091,0.727272727273,1.0,0.555555555556,0.760942760943,1.375,0.763888888889,1.06944444444,1.27272727273,0.828282828283,1.05050505051,0.272727272727,0.0,0.444444444444,0.239057239057,0.0,1.62962962963,0.814814814815,0.727272727273,1.17171717172,0.949494949495,0.0909090909091,0.0,0.0,0.030303030303,0.0,0.0,1.0,0.909090909091,0.909090909091,0.909090909091,0.7692307692307693,1.0,0.3333333333333333,0.7008547008547009,1.2999999999999998,0.4333333333333333,0.8666666666666666,1.2307692307692308,0.5641025641025641,0.8974358974358975,0.1111111111111111,0.0,0.0,0.037037037037037035,0.0,0.0,1.0,0.8888888888888888,0.8888888888888888,0.8888888888888888
SVM,,0.615384615385,0.333333333333,0.944444444444,0.638888888889,0.34293953823,1.1666666666666667,1.246875,1.0317460317460316,0.428571428571,1.0,0.7,0.709523809524,2.33333333333,1.63333333333,1.98333333333,1.57142857143,1.27142857143,1.42142857143,0.214285714286,1.0,0.25,0.488095238095,4.66666666667,1.16666666667,2.91666666667,1.78571428571,1.03571428571,1.41071428571,0.857142857143,1.0,1.0,0.952380952381,1.16666666667,1.16666666667,1.16666666667,1.14285714286,1.14285714286,1.14285714286,0.142857142857,0.0,0.0,0.047619047619,0.0,0.0,1.0,0.857142857143,0.857142857143,0.857142857143,0.785714285714,0.0,0.75,0.511904761905,0.0,0.954545454545,0.477272727273,0.214285714286,0.964285714286,0.589285714286,0.75,1.0,1.0,0.9166666666666666,1.3333333333333333,1.3333333333333333,1.3333333333333333,1.25,1.25,1.25,0.6470588235294118,0.0,0.3333333333333333,0.32679738562091504,0.0,0.5151515151515151,0.25757575757575757,0.3529411764705882,0.6862745098039216,0.5196078431372548
SVM,,0.74358974359,0.5,1.0,0.75,0.572351471472,0.37037037037037035,0.5555555555555556,0.8111111111111111,0.666666666667,1.0,1.0,0.888888888889,1.5,1.5,1.5,1.33333333333,1.33333333333,1.33333333333,0.473684210526,0.0,1.0,0.491228070175,0.0,2.11111111111,1.05555555556,0.526315789474,1.52631578947,1.02631578947,1.0,1.0,1.0,1.0,1.0,1.0,1.0,1.0,1.0,1.0,0.0,0.0,0.0,1.0,1.0,1.0,1.0,1.0,1.0,1.0,0.526315789474,1.0,0.0,0.508771929825,1.9,0.0,0.95,1.47368421053,0.473684210526,0.973684210526,1.0,1.0,1.0,1.0,1.0,1.0,1.0,1.0,1.0,1.0,0.47619047619047616,0.0,0.0,0.15873015873015872,0.0,0.0,1.0,0.5238095238095238,0.5238095238095238,0.5238095238095238
SVM,,0.871794871795,0.722222222222,1.0,0.861111111111,0.763762615826,0.6388888888888888,0.6084656084656084,0.8586956521739131,0.782608695652,1.0,1.0,0.927536231884,1.27777777778,1.27777777778,1.27777777778,1.21739130435,1.21739130435,1.21739130435,0.642857142857,1.0,1.0,0.880952380952,1.55555555556,1.55555555556,1.55555555556,1.35714285714,1.35714285714,1.35714285714,1.0,1.0,1.0,1.0,1.0,1.0,1.0,1.0,1.0,1.0,0.0,0.0,0.0,1.0,1.0,1.0,1.0,1.0,1.0,1.0,0.357142857143,0.0,0.0,0.119047619048,0.0,0.0,1.0,0.642857142857,0.642857142857,0.642857142857,1.0,1.0,1.0,1.0,1.0,1.0,1.0,1.0,1.0,1.0,0.35714285714285715,0.0,0.0,0.11904761904761905,0.0,0.0,1.0,0.6428571428571428,0.6428571428571428,0.6428571428571428
GaussianNB,,0.923076923077,1.0,0.88,0.94,0.851296588947,0.3826530612244897,0.3720238095238095,0.6542857142857142,0.88,1.0,1.0,0.96,1.13636363636,1.13636363636,1.13636363636,1.12,1.12,1.12,1.0,1.0,1.0,1.0,1.0,1.0,1.0,1.0,1.0,1.0,0.785714285714,1.0,1.0,0.928571428571,1.27272727273,1.27272727273,1.27272727273,1.21428571429,1.21428571429,1.21428571429,0.214285714286,0.0,0.0,0.0714285714286,0.0,0.0,1.0,0.785714285714,0.785714285714,0.785714285714,0.0,0.0,0.0,1.0,1.0,1.0,1.0,1.0,1.0,1.0,0.7857142857142857,1.0,1.0,0.9285714285714285,1.2727272727272727,1.2727272727272727,1.2727272727272727,1.2142857142857144,1.2142857142857144,1.2142857142857144,0.0,0.0,0.0,1.0,1.0,1.0,1.0,1.0,1.0,1.0
GaussianNB,,0.897435897436,1.0,0.75,0.875,0.799305253885,0.7875000000000001,0.759375,0.8425925925925927,0.888888888889,0.75,1.0,0.87962962963,0.84375,1.125,0.984375,0.861111111111,1.11111111111,0.986111111111,1.0,1.0,1.0,1.0,1.0,1.0,1.0,1.0,1.0,1.0,0.7,0.666666666667,1.0,0.788888888889,0.952380952381,1.42857142857,1.19047619048,0.966666666667,1.3,1.13333333333,0.3,0.333333333333,0.0,0.211111111111,1.11111111111,0.0,0.555555555556,1.03333333333,0.7,0.866666666667,0.0,0.0,0.0,1.0,1.0,1.0,1.0,1.0,1.0,1.0,0.85,0.5,1.0,0.7833333333333333,0.5882352941176471,1.1764705882352942,0.8823529411764706,0.65,1.15,0.8999999999999999,0.0,0.0,0.0,1.0,1.0,1.0,1.0,1.0,1.0,1.0
GaussianNB,,0.897435897436,0.95,0.842105263158,0.896052631579,0.798433767977,0.6708333333333333,0.7179894179894181,0.7853260869565217,0.869565217391,0.888888888889,1.0,0.919484702093,1.02222222222,1.15,1.08611111111,1.0193236715,1.13043478261,1.07487922705,1.0,0.666666666667,1.0,0.888888888889,0.666666666667,1.0,0.833333333333,0.666666666667,1.0,0.833333333333,0.727272727273,1.0,1.0,0.909090909091,1.375,1.375,1.375,1.27272727273,1.27272727273,1.27272727273,0.272727272727,0.0,0.0,0.0909090909091,0.0,0.0,1.0,0.727272727273,0.727272727273,0.727272727273,0.0,0.333333333333,0.0,0.111111111111,0.0,1.0,0.5,1.33333333333,1.0,1.16666666667,0.8,1.0,1.0,0.9333333333333332,1.25,1.25,1.25,1.2,1.2,1.2,0.0,0.14285714285714285,0.0,0.047619047619047616,0.0,1.0,0.5,1.1428571428571428,1.0,1.0714285714285714
GaussianNB,,1.0,1.0,1.0,1.0,1.0,0.6666666666666667,0.5416666666666666,0.7692307692307693,1.0,1.0,1.0,1.0,1.0,1.0,1.0,1.0,1.0,1.0,1.0,0.0,1.0,0.666666666667,0.0,1.0,0.5,0.0,1.0,0.5,1.0,1.0,1.0,1.0,1.0,1.0,1.0,1.0,1.0,1.0,0.0,0.0,0.0,1.0,1.0,1.0,1.0,1.0,1.0,1.0,0.0,1.0,0.0,0.333333333333,0.0,1.0,0.5,2.0,1.0,1.5,1.0,1.0,1.0,1.0,1.0,1.0,1.0,1.0,1.0,1.0,0.0,0.0,0.0,1.0,1.0,1.0,1.0,1.0,1.0,1.0
GaussianNB,,0.974358974359,1.0,0.947368421053,0.973684210526,0.949871380292,0.575,0.5622222222222222,0.7228260869565217,0.95652173913,1.0,1.0,0.985507246377,1.04545454545,1.04545454545,1.04545454545,1.04347826087,1.04347826087,1.04347826087,1.0,1.0,1.0,1.0,1.0,1.0,1.0,1.0,1.0,1.0,0.888888888889,1.0,1.0,0.962962962963,1.125,1.125,1.125,1.11111111111,1.11111111111,1.11111111111,0.111111111111,0.0,0.0,0.037037037037,0.0,0.0,1.0,0.888888888889,0.888888888889,0.888888888889,0.0,0.0,0.0,1.0,1.0,1.0,1.0,1.0,1.0,1.0,0.9333333333333333,1.0,1.0,0.9777777777777779,1.0714285714285714,1.0714285714285714,1.0714285714285714,1.0666666666666667,1.0666666666666667,1.0666666666666667,0.0,0.0,0.0,1.0,1.0,1.0,1.0,1.0,1.0,1.0
GaussianNB,,0.948717948718,1.0,0.904761904762,0.952380952381,0.902377811277,0.359375,0.34226190476190477,0.5543478260869565,0.95652173913,0.857142857143,1.0,0.937888198758,0.896103896104,1.04545454545,0.970779220779,0.900621118012,1.04347826087,0.972049689441,1.0,0.0,1.0,0.666666666667,0.0,1.0,0.5,0.0,1.0,0.5,0.875,1.0,1.0,0.958333333333,1.14285714286,1.14285714286,1.14285714286,1.125,1.125,1.125,0.125,0.0,0.0,0.0416666666667,0.0,0.0,1.0,0.875,0.875,0.875,0.0,1.0,0.0,0.333333333333,0.0,1.0,0.5,2.0,1.0,1.5,0.9375,0.0,1.0,0.6458333333333334,0.0,1.0666666666666667,0.5333333333333333,0.0625,1.0625,0.5625,0.0,0.0,0.0,1.0,1.0,1.0,1.0,1.0,1.0,1.0
GaussianNB,,0.948717948718,0.866666666667,1.0,0.933333333333,0.894427191,0.3882352941176471,0.3833333333333333,0.7219251336898396,0.954545454545,0.833333333333,1.0,0.929292929293,0.873015873016,1.04761904762,0.960317460317,0.878787878788,1.04545454545,0.962121212121,0.909090909091,0.5,1.0,0.80303030303,0.55,1.1,0.825,0.590909090909,1.09090909091,0.840909090909,1.0,1.0,1.0,1.0,1.0,1.0,1.0,1.0,1.0,1.0,0.0,0.0,0.0,1.0,1.0,1.0,1.0,1.0,1.0,1.0,0.0909090909091,0.5,0.0,0.19696969697,5.5,0.0,2.75,1.40909090909,0.909090909091,1.15909090909,1.0,1.0,1.0,1.0,1.0,1.0,1.0,1.0,1.0,1.0,0.08333333333333333,0.2,0.0,0.09444444444444444,2.4000000000000004,0.0,1.2000000000000002,1.1166666666666667,0.9166666666666666,1.0166666666666666
GaussianNB,,0.923076923077,0.952380952381,0.888888888889,0.920634920635,0.845756645578,0.4375,0.4265625,0.5714285714285714,0.904761904762,0.875,1.0,0.926587301587,0.967105263158,1.10526315789,1.03618421053,0.970238095238,1.09523809524,1.03273809524,1.0,0.666666666667,1.0,0.888888888889,0.666666666667,1.0,0.833333333333,0.666666666667,1.0,0.833333333333,0.714285714286,1.0,1.0,0.904761904762,1.4,1.4,1.4,1.28571428571,1.28571428571,1.28571428571,0.285714285714,0.0,0.0,0.0952380952381,0.0,0.0,1.0,0.714285714286,0.714285714286,0.714285714286,0.0,0.333333333333,0.0,0.111111111111,0.0,1.0,0.5,1.33333333333,1.0,1.16666666667,0.875,1.0,1.0,0.9583333333333334,1.1428571428571428,1.1428571428571428,1.1428571428571428,1.125,1.125,1.125,0.0,0.16666666666666666,0.0,0.05555555555555555,0.0,1.0,0.5,1.1666666666666667,1.0,1.0833333333333335
GaussianNB,,0.923076923077,1.0,0.842105263158,0.921052631579,0.855725099681,0.31746031746031744,0.35714285714285715,0.5222222222222223,0.933333333333,0.833333333333,1.0,0.922222222222,0.892857142857,1.07142857143,0.982142857143,0.9,1.06666666667,0.983333333333,1.0,0.0,1.0,0.666666666667,0.0,1.0,0.5,0.0,1.0,0.5,0.818181818182,1.0,1.0,0.939393939394,1.22222222222,1.22222222222,1.22222222222,1.18181818182,1.18181818182,1.18181818182,0.181818181818,0.0,0.0,0.0606060606061,0.0,0.0,1.0,0.818181818182,0.818181818182,0.818181818182,0.0,1.0,0.0,0.333333333333,0.0,1.0,0.5,2.0,1.0,1.5,0.9047619047619048,0.0,1.0,0.6349206349206349,0.0,1.1052631578947367,0.5526315789473684,0.09523809523809523,1.0952380952380953,0.5952380952380953,0.0,0.0,0.0,1.0,1.0,1.0,1.0,1.0,1.0,1.0
GaussianNB,,0.923076923077,1.0,0.857142857143,0.928571428571,0.857142857143,0.3382352941176471,0.32212885154061627,0.5108695652173914,0.869565217391,1.0,1.0,0.95652173913,1.15,1.15,1.15,1.13043478261,1.13043478261,1.13043478261,1.0,1.0,1.0,1.0,1.0,1.0,1.0,1.0,1.0,1.0,0.666666666667,1.0,1.0,0.888888888889,1.5,1.5,1.5,1.33333333333,1.33333333333,1.33333333333,0.333333333333,0.0,0.0,0.111111111111,0.0,0.0,1.0,0.666666666667,0.666666666667,0.666666666667,0.0,0.0,0.0,1.0,1.0,1.0,1.0,1.0,1.0,1.0,0.8235294117647058,1.0,1.0,0.9411764705882352,1.2142857142857144,1.2142857142857144,1.2142857142857144,1.1764705882352942,1.1764705882352942,1.1764705882352942,0.0,0.0,0.0,1.0,1.0,1.0,1.0,1.0,1.0,1.0
LR,,0.692307692308,0.857142857143,0.6,0.728571428571,0.442231994258,0.6696428571428571,0.6510416666666666,0.7885714285714285,0.64,0.833333333333,0.75,0.741111111111,1.30208333333,1.171875,1.23697916667,1.19333333333,1.11,1.15166666667,0.818181818182,1.0,1.0,0.939393939394,1.22222222222,1.22222222222,1.22222222222,1.18181818182,1.18181818182,1.18181818182,0.5,0.8,0.666666666667,0.655555555556,1.6,1.33333333333,1.46666666667,1.3,1.16666666667,1.23333333333,0.5,0.2,0.333333333333,0.344444444444,0.4,0.666666666667,0.533333333333,0.7,0.833333333333,0.766666666667,0.181818181818,0.0,0.0,0.0606060606061,0.0,0.0,1.0,0.818181818182,0.818181818182,0.818181818182,0.5625,0.5,0.5,0.5208333333333334,0.8888888888888888,0.8888888888888888,0.8888888888888888,0.9375,0.9375,0.9375,0.2222222222222222,0.0,0.0,0.07407407407407407,0.0,0.0,1.0,0.7777777777777778,0.7777777777777778,0.7777777777777778
LR,,0.897435897436,0.913043478261,0.875,0.89402173913,0.788043478261,0.7941176470588235,0.7941176470588235,0.8703703703703703,0.925925925926,0.75,0.875,0.850308641975,0.81,0.945,0.8775,0.824074074074,0.949074074074,0.886574074074,0.941176470588,1.0,0.8,0.913725490196,1.0625,0.85,0.95625,1.05882352941,0.858823529412,0.958823529412,0.9,0.666666666667,1.0,0.855555555556,0.740740740741,1.11111111111,0.925925925926,0.766666666667,1.1,0.933333333333,0.1,0.333333333333,0.0,0.144444444444,3.33333333333,0.0,1.66666666667,1.23333333333,0.9,1.06666666667,0.0588235294118,0.0,0.2,0.0862745098039,0.0,3.4,1.7,0.941176470588,1.14117647059,1.04117647059,0.9411764705882353,0.5,1.0,0.8137254901960785,0.53125,1.0625,0.796875,0.5588235294117647,1.0588235294117647,0.8088235294117647,0.1,0.0,0.25,0.11666666666666665,0.0,2.5,1.25,0.9,1.15,1.025
LR,,0.846153846154,0.9,0.789473684211,0.844736842105,0.694982216645,0.6708333333333333,0.7179894179894181,0.7853260869565217,0.782608695652,0.888888888889,1.0,0.890499194847,1.13580246914,1.27777777778,1.20679012346,1.10628019324,1.21739130435,1.16183574879,0.916666666667,0.666666666667,1.0,0.861111111111,0.727272727273,1.09090909091,0.909090909091,0.75,1.08333333333,0.916666666667,0.636363636364,1.0,1.0,0.878787878788,1.57142857143,1.57142857143,1.57142857143,1.36363636364,1.36363636364,1.36363636364,0.363636363636,0.0,0.0,0.121212121212,0.0,0.0,1.0,0.636363636364,0.636363636364,0.636363636364,0.0833333333333,0.333333333333,0.0,0.138888888889,4.0,0.0,2.0,1.25,0.916666666667,1.08333333333,0.7333333333333333,1.0,1.0,0.9111111111111111,1.3636363636363638,1.3636363636363638,1.3636363636363638,1.2666666666666666,1.2666666666666666,1.2666666666666666,0.125,0.14285714285714285,0.0,0.08928571428571429,1.1428571428571428,0.0,0.5714285714285714,1.0178571428571428,0.875,0.9464285714285714
LR,,0.846153846154,0.833333333333,0.866666666667,0.85,0.686773437176,0.5882352941176471,0.4779411764705882,0.7307692307692308,0.807692307692,1.0,0.875,0.894230769231,1.2380952381,1.08333333333,1.16071428571,1.19230769231,1.06730769231,1.12980769231,0.833333333333,0.0,0.833333333333,0.555555555556,0.0,1.0,0.5,0.166666666667,1.0,0.583333333333,0.75,1.0,1.0,0.916666666667,1.33333333333,1.33333333333,1.33333333333,1.25,1.25,1.25,0.25,0.0,0.0,0.0833333333333,0.0,0.0,1.0,0.75,0.75,0.75,0.166666666667,1.0,0.166666666667,0.444444444444,6.0,1.0,3.5,1.83333333333,1.0,1.41666666667,0.8823529411764706,1.0,1.0,0.9607843137254902,1.1333333333333333,1.1333333333333333,1.1333333333333333,1.1176470588235294,1.1176470588235294,1.1176470588235294,0.3333333333333333,0.0,0.3333333333333333,0.2222222222222222,0.0,1.0,0.5,0.6666666666666667,1.0,0.8333333333333334
LR,,0.846153846154,0.8,0.894736842105,0.847368421053,0.696572345547,0.71875,0.7027777777777777,0.8532608695652174,0.826086956522,0.8,1.0,0.875362318841,0.968421052632,1.21052631579,1.08947368421,0.973913043478,1.17391304348,1.07391304348,0.785714285714,0.75,1.0,0.845238095238,0.954545454545,1.27272727273,1.11363636364,0.964285714286,1.21428571429,1.08928571429,0.888888888889,0.833333333333,1.0,0.907407407407,0.9375,1.125,1.03125,0.944444444444,1.11111111111,1.02777777778,0.111111111111,0.166666666667,0.0,0.0925925925926,1.5,0.0,0.75,1.05555555556,0.888888888889,0.972222222222,0.214285714286,0.25,0.0,0.154761904762,1.16666666667,0.0,0.583333333333,1.03571428571,0.785714285714,0.910714285714,0.9166666666666666,0.75,1.0,0.8888888888888888,0.8181818181818182,1.090909090909091,0.9545454545454546,0.8333333333333334,1.0833333333333335,0.9583333333333335,0.2727272727272727,0.16666666666666666,0.0,0.14646464646464644,0.6111111111111112,0.0,0.3055555555555556,0.8939393939393939,0.7272727272727273,0.8106060606060606
LR,,0.769230769231,1.0,0.571428571429,0.785714285714,0.617213399848,0.8455882352941178,0.8375350140056023,0.8858695652173914,0.913043478261,0.428571428571,0.666666666667,0.669427191166,0.469387755102,0.730158730159,0.59977324263,0.515527950311,0.753623188406,0.634575569358,1.0,0.0,1.0,0.666666666667,0.0,1.0,0.5,0.0,1.0,0.5,0.75,1.0,0.5,0.75,1.33333333333,0.666666666667,1.0,1.25,0.75,1.0,0.25,0.0,0.5,0.25,0.0,2.0,1.0,0.75,1.25,1.0,0.0,1.0,0.0,0.333333333333,0.0,1.0,0.5,2.0,1.0,1.5,0.8823529411764706,0.0,0.5,0.46078431372549017,0.0,0.5666666666666667,0.2833333333333333,0.11764705882352944,0.6176470588235294,0.36764705882352944,0.0,0.0,0.0,1.0,1.0,1.0,1.0,1.0,1.0,1.0
LR,,0.794871794872,0.866666666667,0.75,0.808333333333,0.600219258184,0.5972850678733032,0.5897435897435898,0.7620320855614973,0.818181818182,0.666666666667,0.818181818182,0.767676767677,0.814814814815,1.0,0.907407407407,0.848484848485,1.0,0.924242424242,0.909090909091,0.5,1.0,0.80303030303,0.55,1.1,0.825,0.590909090909,1.09090909091,0.840909090909,0.727272727273,0.75,0.777777777778,0.751683501684,1.03125,1.06944444444,1.05034722222,1.02272727273,1.05050505051,1.03661616162,0.272727272727,0.25,0.222222222222,0.248316498316,0.916666666667,0.814814814815,0.865740740741,0.977272727273,0.949494949495,0.963383838384,0.0909090909091,0.5,0.0,0.19696969697,5.5,0.0,2.75,1.40909090909,0.909090909091,1.15909090909,0.7692307692307693,0.5,0.5,0.5897435897435898,0.6499999999999999,0.6499999999999999,0.6499999999999999,0.7307692307692307,0.7307692307692307,0.7307692307692307,0.1111111111111111,0.25,0.0,0.12037037037037036,2.25,0.0,1.125,1.1388888888888888,0.8888888888888888,1.0138888888888888
LR,,0.769230769231,0.714285714286,0.833333333333,0.77380952381,0.547619047619,0.3333333333333333,0.3375,0.5555555555555556,0.714285714286,0.875,0.8,0.796428571429,1.225,1.12,1.1725,1.16071428571,1.08571428571,1.12321428571,0.785714285714,0.666666666667,0.5,0.650793650794,0.848484848485,0.636363636364,0.742424242424,0.880952380952,0.714285714286,0.797619047619,0.571428571429,1.0,1.0,0.857142857143,1.75,1.75,1.75,1.42857142857,1.42857142857,1.42857142857,0.428571428571,0.0,0.0,0.142857142857,0.0,0.0,1.0,0.571428571429,0.571428571429,0.571428571429,0.214285714286,0.333333333333,0.5,0.349206349206,1.55555555556,2.33333333333,1.94444444444,1.11904761905,1.28571428571,1.20238095238,0.7857142857142857,1.0,1.0,0.9285714285714285,1.2727272727272727,1.2727272727272727,1.2727272727272727,1.2142857142857144,1.2142857142857144,1.2142857142857144,0.42857142857142855,0.16666666666666666,0.25,0.28174603174603174,0.3888888888888889,0.5833333333333334,0.48611111111111116,0.7380952380952381,0.8214285714285714,0.7797619047619048
LR,,0.871794871795,0.9,0.842105263158,0.871052631579,0.744065914562,0.3508771929824561,0.39473684210526316,0.5888888888888889,0.866666666667,0.833333333333,1.0,0.9,0.961538461538,1.15384615385,1.05769230769,0.966666666667,1.13333333333,1.05,0.894736842105,0.0,1.0,0.631578947368,0.0,1.11764705882,0.558823529412,0.105263157895,1.10526315789,0.605263157895,0.818181818182,1.0,1.0,0.939393939394,1.22222222222,1.22222222222,1.22222222222,1.18181818182,1.18181818182,1.18181818182,0.181818181818,0.0,0.0,0.0606060606061,0.0,0.0,1.0,0.818181818182,0.818181818182,0.818181818182,0.105263157895,1.0,0.0,0.368421052632,9.5,0.0,4.75,1.89473684211,0.894736842105,1.39473684211,0.8947368421052632,0.0,1.0,0.6315789473684211,0.0,1.1176470588235294,0.5588235294117647,0.10526315789473684,1.1052631578947367,0.6052631578947367,0.18181818181818182,0.0,0.0,0.06060606060606061,0.0,0.0,1.0,0.8181818181818181,0.8181818181818181,0.8181818181818181
LR,,0.769230769231,0.833333333333,0.714285714286,0.77380952381,0.547619047619,0.575,0.584126984126984,0.7228260869565217,0.782608695652,0.777777777778,0.714285714286,0.758224062572,0.993827160494,0.912698412698,0.953262786596,0.995169082126,0.931677018634,0.96342305038,0.857142857143,0.666666666667,1.0,0.84126984127,0.777777777778,1.16666666667,0.972222222222,0.809523809524,1.14285714286,0.97619047619,0.666666666667,0.833333333333,0.666666666667,0.722222222222,1.25,1.0,1.125,1.16666666667,1.0,1.08333333333,0.333333333333,0.166666666667,0.333333333333,0.277777777778,0.5,1.0,0.75,0.833333333333,1.0,0.916666666667,0.142857142857,0.333333333333,0.0,0.15873015873,2.33333333333,0.0,1.16666666667,1.19047619048,0.857142857143,1.02380952381,0.8,0.6666666666666666,0.3333333333333333,0.6,0.8333333333333333,0.41666666666666663,0.625,0.8666666666666666,0.5333333333333332,0.7,0.25,0.16666666666666666,0.0,0.13888888888888887,0.6666666666666666,0.0,0.3333333333333333,0.9166666666666666,0.75,0.8333333333333333
DecisionTree,,0.948717948718,1.0,0.92,0.96,0.897217922246,0.41208791208791207,0.4006410256410256,0.6942857142857143,0.92,1.0,1.0,0.973333333333,1.08695652174,1.08695652174,1.08695652174,1.08,1.08,1.08,1.0,1.0,1.0,1.0,1.0,1.0,1.0,1.0,1.0,1.0,0.857142857143,1.0,1.0,0.952380952381,1.16666666667,1.16666666667,1.16666666667,1.14285714286,1.14285714286,1.14285714286,0.142857142857,0.0,0.0,0.047619047619,0.0,0.0,1.0,0.857142857143,0.857142857143,0.857142857143,0.0,0.0,0.0,1.0,1.0,1.0,1.0,1.0,1.0,1.0,0.8461538461538461,1.0,1.0,0.9487179487179488,1.1818181818181819,1.1818181818181819,1.1818181818181819,1.1538461538461537,1.1538461538461537,1.1538461538461537,0.0,0.0,0.0,1.0,1.0,1.0,1.0,1.0,1.0,1.0
DecisionTree,,0.974358974359,1.0,0.9375,0.96875,0.947859430506,0.75,0.65625,0.8333333333333334,0.962962962963,1.0,1.0,0.987654320988,1.03846153846,1.03846153846,1.03846153846,1.03703703704,1.03703703704,1.03703703704,1.0,1.0,1.0,1.0,1.0,1.0,1.0,1.0,1.0,1.0,0.9,1.0,1.0,0.966666666667,1.11111111111,1.11111111111,1.11111111111,1.1,1.1,1.1,0.1,0.0,0.0,0.0333333333333,0.0,0.0,1.0,0.9,0.9,0.9,0.0,0.0,0.0,1.0,1.0,1.0,1.0,1.0,1.0,1.0,0.9444444444444444,1.0,1.0,0.9814814814814815,1.0588235294117647,1.0588235294117647,1.0588235294117647,1.0555555555555556,1.0555555555555556,1.0555555555555556,0.0,0.0,0.0,1.0,1.0,1.0,1.0,1.0,1.0,1.0
DecisionTree,,0.974358974359,1.0,0.947368421053,0.973684210526,0.949871380292,0.8846153846153847,0.9267399267399268,0.9347826086956522,0.95652173913,1.0,1.0,0.985507246377,1.04545454545,1.04545454545,1.04545454545,1.04347826087,1.04347826087,1.04347826087,1.0,1.0,1.0,1.0,1.0,1.0,1.0,1.0,1.0,1.0,0.909090909091,1.0,1.0,0.969696969697,1.1,1.1,1.1,1.09090909091,1.09090909091,1.09090909091,0.0909090909091,0.0,0.0,0.030303030303,0.0,0.0,1.0,0.909090909091,0.909090909091,0.909090909091,0.0,0.0,0.0,1.0,1.0,1.0,1.0,1.0,1.0,1.0,0.9230769230769231,1.0,1.0,0.9743589743589745,1.0833333333333333,1.0833333333333333,1.0833333333333333,1.0769230769230769,1.0769230769230769,1.0769230769230769,0.0,0.0,0.0,1.0,1.0,1.0,1.0,1.0,1.0,1.0
DecisionTree,,0.974358974359,0.958333333333,1.0,0.979166666667,0.947859430506,0.7058823529411765,0.5735294117647058,0.8076923076923077,0.961538461538,1.0,1.0,0.987179487179,1.04,1.04,1.04,1.03846153846,1.03846153846,1.03846153846,0.944444444444,0.0,1.0,0.648148148148,0.0,1.05882352941,0.529411764706,0.0555555555556,1.05555555556,0.555555555556,1.0,1.0,1.0,1.0,1.0,1.0,1.0,1.0,1.0,1.0,0.0,0.0,0.0,1.0,1.0,1.0,1.0,1.0,1.0,1.0,0.0555555555556,1.0,0.0,0.351851851852,18.0,0.0,9.0,1.94444444444,0.944444444444,1.44444444444,1.0,1.0,1.0,1.0,1.0,1.0,1.0,1.0,1.0,1.0,0.1111111111111111,0.0,0.0,0.037037037037037035,0.0,0.0,1.0,0.8888888888888888,0.8888888888888888,0.8888888888888888
DecisionTree,,1.0,1.0,1.0,1.0,1.0,0.6160714285714285,0.6023809523809524,0.7663043478260869,1.0,1.0,1.0,1.0,1.0,1.0,1.0,1.0,1.0,1.0,1.0,1.0,1.0,1.0,1.0,1.0,1.0,1.0,1.0,1.0,1.0,1.0,1.0,1.0,1.0,1.0,1.0,1.0,1.0,1.0,0.0,0.0,0.0,1.0,1.0,1.0,1.0,1.0,1.0,1.0,0.0,0.0,0.0,1.0,1.0,1.0,1.0,1.0,1.0,1.0,1.0,1.0,1.0,1.0,1.0,1.0,1.0,1.0,1.0,1.0,0.0,0.0,0.0,1.0,1.0,1.0,1.0,1.0,1.0,1.0
DecisionTree,,1.0,1.0,1.0,1.0,1.0,0.2875,0.25555555555555554,0.5353260869565217,1.0,1.0,1.0,1.0,1.0,1.0,1.0,1.0,1.0,1.0,1.0,0.0,1.0,0.666666666667,0.0,1.0,0.5,0.0,1.0,0.5,1.0,1.0,1.0,1.0,1.0,1.0,1.0,1.0,1.0,1.0,0.0,0.0,0.0,1.0,1.0,1.0,1.0,1.0,1.0,1.0,0.0,1.0,0.0,0.333333333333,0.0,1.0,0.5,2.0,1.0,1.5,1.0,1.0,1.0,1.0,1.0,1.0,1.0,1.0,1.0,1.0,0.0,0.0,0.0,1.0,1.0,1.0,1.0,1.0,1.0,1.0
DecisionTree,,1.0,1.0,1.0,1.0,1.0,0.47058823529411764,0.5151515151515151,0.7352941176470589,1.0,1.0,1.0,1.0,1.0,1.0,1.0,1.0,1.0,1.0,1.0,1.0,1.0,1.0,1.0,1.0,1.0,1.0,1.0,1.0,1.0,1.0,1.0,1.0,1.0,1.0,1.0,1.0,1.0,1.0,0.0,0.0,0.0,1.0,1.0,1.0,1.0,1.0,1.0,1.0,0.0,0.0,0.0,1.0,1.0,1.0,1.0,1.0,1.0,1.0,1.0,1.0,1.0,1.0,1.0,1.0,1.0,1.0,1.0,1.0,0.0,0.0,0.0,1.0,1.0,1.0,1.0,1.0,1.0,1.0
DecisionTree,,0.974358974359,0.952380952381,1.0,0.97619047619,0.949871380292,0.6282051282051282,0.6259615384615385,0.7698412698412698,0.952380952381,1.0,1.0,0.984126984127,1.05,1.05,1.05,1.04761904762,1.04761904762,1.04761904762,0.928571428571,1.0,1.0,0.97619047619,1.07692307692,1.07692307692,1.07692307692,1.07142857143,1.07142857143,1.07142857143,1.0,1.0,1.0,1.0,1.0,1.0,1.0,1.0,1.0,1.0,0.0,0.0,0.0,1.0,1.0,1.0,1.0,1.0,1.0,1.0,0.0714285714286,0.0,0.0,0.0238095238095,0.0,0.0,1.0,0.928571428571,0.928571428571,0.928571428571,1.0,1.0,1.0,1.0,1.0,1.0,1.0,1.0,1.0,1.0,0.125,0.0,0.0,0.041666666666666664,0.0,0.0,1.0,0.875,0.875,0.875
DecisionTree,,1.0,1.0,1.0,1.0,1.0,0.17543859649122806,0.2631578947368421,0.47777777777777786,1.0,1.0,1.0,1.0,1.0,1.0,1.0,1.0,1.0,1.0,1.0,0.0,1.0,0.666666666667,0.0,1.0,0.5,0.0,1.0,0.5,1.0,1.0,1.0,1.0,1.0,1.0,1.0,1.0,1.0,1.0,0.0,0.0,0.0,1.0,1.0,1.0,1.0,1.0,1.0,1.0,0.0,1.0,0.0,0.333333333333,0.0,1.0,0.5,2.0,1.0,1.5,1.0,1.0,1.0,1.0,1.0,1.0,1.0,1.0,1.0,1.0,0.0,0.0,0.0,1.0,1.0,1.0,1.0,1.0,1.0,1.0
DecisionTree,,1.0,1.0,1.0,1.0,1.0,0.4107142857142857,0.391156462585034,0.6413043478260869,1.0,1.0,1.0,1.0,1.0,1.0,1.0,1.0,1.0,1.0,1.0,1.0,1.0,1.0,1.0,1.0,1.0,1.0,1.0,1.0,1.0,1.0,1.0,1.0,1.0,1.0,1.0,1.0,1.0,1.0,0.0,0.0,0.0,1.0,1.0,1.0,1.0,1.0,1.0,1.0,0.0,0.0,0.0,1.0,1.0,1.0,1.0,1.0,1.0,1.0,1.0,1.0,1.0,1.0,1.0,1.0,1.0,1.0,1.0,1.0,0.0,0.0,0.0,1.0,1.0,1.0,1.0,1.0,1.0,1.0
Feldman-SVM,lambda=1.0,0.717948717949,1.0,0.56,0.78,0.56,0.8403361344537814,0.8272058823529411,0.8914285714285713,0.76,0.666666666667,0.625,0.683888888889,0.877192982456,0.822368421053,0.849780701754,0.906666666667,0.865,0.885833333333,1.0,1.0,1.0,1.0,1.0,1.0,1.0,1.0,1.0,1.0,0.571428571429,0.6,0.5,0.557142857143,1.05,0.875,0.9625,1.02857142857,0.928571428571,0.978571428571,0.428571428571,0.4,0.5,0.442857142857,0.933333333333,1.16666666667,1.05,0.971428571429,1.07142857143,1.02142857143,0.0,0.0,0.0,1.0,1.0,1.0,1.0,1.0,1.0,1.0,0.6470588235294118,0.3333333333333333,0.4,0.46013071895424834,0.5151515151515151,0.6181818181818182,0.5666666666666667,0.6862745098039216,0.7529411764705882,0.7196078431372549,0.0,0.0,0.0,1.0,1.0,1.0,1.0,1.0,1.0,1.0
Feldman-SVM,lambda=1.0,0.435897435897,0.173913043478,0.8125,0.493206521739,-0.017414944143,0.9,0.675,0.9814814814814815,0.407407407407,0.75,0.375,0.510802469136,1.84090909091,0.920454545455,1.38068181818,1.34259259259,0.967592592593,1.15509259259,0.176470588235,0.0,0.2,0.125490196078,0.0,1.13333333333,0.566666666667,0.823529411765,1.02352941176,0.923529411765,0.8,1.0,0.666666666667,0.822222222222,1.25,0.833333333333,1.04166666667,1.2,0.866666666667,1.03333333333,0.2,0.0,0.333333333333,0.177777777778,0.0,1.66666666667,0.833333333333,0.8,1.13333333333,0.966666666667,0.823529411765,1.0,0.8,0.874509803922,1.21428571429,0.971428571429,1.09285714286,1.17647058824,0.976470588235,1.07647058824,0.6,1.0,0.5,0.7000000000000001,1.6666666666666667,0.8333333333333334,1.25,1.4,0.9,1.15,0.6363636363636364,0.25,0.6666666666666666,0.5176767676767676,0.39285714285714285,1.0476190476190477,0.7202380952380952,0.6136363636363636,1.0303030303030303,0.821969696969697
Feldman-SVM,lambda=1.0,0.487179487179,0.1,0.894736842105,0.497368421053,-0.00867109969524,1.4375,1.4603174603174602,1.0380434782608696,0.478260869565,0.555555555556,0.428571428571,0.487462617897,1.16161616162,0.896103896104,1.02886002886,1.07729468599,0.950310559006,1.0138026225,0.0833333333333,0.0,0.2,0.0944444444444,0.0,2.4,1.2,0.916666666667,1.11666666667,1.01666666667,0.909090909091,0.833333333333,1.0,0.914141414141,0.916666666667,1.1,1.00833333333,0.924242424242,1.09090909091,1.00757575758,0.0909090909091,0.166666666667,0.0,0.0858585858586,1.83333333333,0.0,0.916666666667,1.07575757576,0.909090909091,0.992424242424,0.916666666667,1.0,0.8,0.905555555556,1.09090909091,0.872727272727,0.981818181818,1.08333333333,0.883333333333,0.983333333333,0.5,0.0,1.0,0.5,0.0,2.0,1.0,0.5,1.5,1.0,0.5238095238095238,0.375,0.6666666666666666,0.5218253968253969,0.7159090909090908,1.2727272727272725,0.9943181818181817,0.8511904761904762,1.1428571428571428,0.9970238095238095
Feldman-SVM,lambda=1.0,0.564102564103,0.291666666667,1.0,0.645833333333,0.369754986444,0.8,0.6499999999999999,0.9615384615384616,0.5,1.0,0.5,0.666666666667,2.0,1.0,1.5,1.5,1.0,1.25,0.277777777778,0.0,0.333333333333,0.203703703704,0.0,1.2,0.6,0.722222222222,1.05555555556,0.888888888889,1.0,1.0,1.0,1.0,1.0,1.0,1.0,1.0,1.0,1.0,0.0,0.0,0.0,1.0,1.0,1.0,1.0,1.0,1.0,1.0,0.722222222222,1.0,0.666666666667,0.796296296296,1.38461538462,0.923076923077,1.15384615385,1.27777777778,0.944444444444,1.11111111111,1.0,1.0,1.0,1.0,1.0,1.0,1.0,1.0,1.0,1.0,0.6190476190476191,0.0,0.6666666666666666,0.42857142857142855,0.0,1.0769230769230769,0.5384615384615384,0.38095238095238093,1.0476190476190474,0.7142857142857142
Feldman-SVM,lambda=1.0,0.769230769231,0.55,1.0,0.775,0.610912666192,0.8214285714285714,0.8761904761904762,0.9456521739130435,0.695652173913,0.8,1.0,0.831884057971,1.15,1.4375,1.29375,1.10434782609,1.30434782609,1.20434782609,0.5,0.5,1.0,0.666666666667,1.0,2.0,1.5,1.0,1.5,1.25,1.0,1.0,1.0,1.0,1.0,1.0,1.0,1.0,1.0,1.0,0.0,0.0,0.0,1.0,1.0,1.0,1.0,1.0,1.0,1.0,0.5,0.5,0.0,0.333333333333,1.0,0.0,0.5,1.0,0.5,0.75,1.0,1.0,1.0,1.0,1.0,1.0,1.0,1.0,1.0,1.0,0.4375,0.25,0.0,0.22916666666666666,0.5714285714285714,0.0,0.2857142857142857,0.8125,0.5625,0.6875
Feldman-SVM,lambda=1.0,0.74358974359,0.777777777778,0.714285714286,0.746031746032,0.490766879818,1.1761363636363635,1.1450216450216448,1.0842391304347827,0.826086956522,0.571428571429,0.666666666667,0.688060731539,0.691729323308,0.80701754386,0.749373433584,0.745341614907,0.840579710145,0.792960662526,0.733333333333,0.0,1.0,0.577777777778,0.0,1.36363636364,0.681818181818,0.266666666667,1.26666666667,0.766666666667,1.0,1.0,0.5,0.833333333333,1.0,0.5,0.75,1.0,0.5,0.75,0.0,0.0,0.5,0.166666666667,1.0,0.0,0.5,1.0,1.5,1.25,0.266666666667,1.0,0.0,0.422222222222,3.75,0.0,1.875,1.73333333333,0.733333333333,1.23333333333,1.0,0.0,0.5,0.5,0.0,0.5,0.25,0.0,0.5,0.25,0.3333333333333333,0.0,0.0,0.1111111111111111,0.0,0.0,1.0,0.6666666666666667,0.6666666666666667,0.6666666666666667
Feldman-SVM,lambda=1.0,0.589743589744,1.0,0.333333333333,0.666666666667,0.401609664451,0.9346405228758169,0.9537037037037037,0.9465240641711229,0.681818181818,0.5,0.454545454545,0.545454545455,0.733333333333,0.666666666667,0.7,0.818181818182,0.772727272727,0.795454545455,1.0,1.0,1.0,1.0,1.0,1.0,1.0,1.0,1.0,1.0,0.363636363636,0.25,0.333333333333,0.315656565657,0.6875,0.916666666667,0.802083333333,0.886363636364,0.969696969697,0.92803030303,0.636363636364,0.75,0.666666666667,0.684343434343,1.17857142857,1.04761904762,1.1130952381,1.11363636364,1.0303030303,1.07196969697,0.0,0.0,0.0,1.0,1.0,1.0,1.0,1.0,1.0,1.0,0.6111111111111112,0.4,0.25,0.42037037037037034,0.6545454545454545,0.40909090909090906,0.5318181818181817,0.7888888888888889,0.6388888888888888,0.7138888888888888,0.0,0.0,0.0,1.0,1.0,1.0,1.0,1.0,1.0,1.0
Feldman-SVM,lambda=1.0,0.692307692308,0.428571428571,1.0,0.714285714286,0.507092552837,0.9333333333333333,0.9450000000000001,0.9841269841269842,0.571428571429,0.875,0.8,0.74880952381,1.53125,1.4,1.465625,1.30357142857,1.22857142857,1.26607142857,0.357142857143,0.666666666667,0.5,0.507936507937,1.86666666667,1.4,1.63333333333,1.30952380952,1.14285714286,1.22619047619,1.0,1.0,1.0,1.0,1.0,1.0,1.0,1.0,1.0,1.0,0.0,0.0,0.0,1.0,1.0,1.0,1.0,1.0,1.0,1.0,0.642857142857,0.333333333333,0.5,0.492063492063,0.518518518519,0.777777777778,0.648148148148,0.690476190476,0.857142857143,0.77380952381,1.0,1.0,1.0,1.0,1.0,1.0,1.0,1.0,1.0,1.0,0.5625,0.16666666666666666,0.25,0.3263888888888889,0.2962962962962963,0.4444444444444444,0.37037037037037035,0.6041666666666666,0.6875,0.6458333333333333
Feldman-SVM,lambda=1.0,0.487179487179,0.0,1.0,0.5,0.0,1.0,1.0,1.0,0.366666666667,1.0,0.666666666667,0.677777777778,2.72727272727,1.81818181818,2.27272727273,1.63333333333,1.3,1.46666666667,0.0,0.0,0.0,1.0,1.0,1.0,1.0,1.0,1.0,1.0,1.0,1.0,1.0,1.0,1.0,1.0,1.0,1.0,1.0,1.0,0.0,0.0,0.0,1.0,1.0,1.0,1.0,1.0,1.0,1.0,1.0,1.0,1.0,1.0,1.0,1.0,1.0,1.0,1.0,1.0,1.0,1.0,1.0,1.0,1.0,1.0,1.0,1.0,1.0,1.0,0.6333333333333333,0.0,0.3333333333333333,0.3222222222222222,0.0,0.5263157894736842,0.2631578947368421,0.3666666666666667,0.7,0.5333333333333333
Feldman-SVM,lambda=1.0,0.641025641026,0.944444444444,0.380952380952,0.662698412698,0.385014716043,1.099264705882353,1.0845004668534082,1.0733695652173914,0.782608695652,0.444444444444,0.428571428571,0.551874856223,0.567901234568,0.547619047619,0.557760141093,0.661835748792,0.645962732919,0.653899240856,0.928571428571,1.0,1.0,0.97619047619,1.07692307692,1.07692307692,1.07692307692,1.07142857143,1.07142857143,1.07142857143,0.555555555556,0.166666666667,0.333333333333,0.351851851852,0.3,0.6,0.45,0.611111111111,0.777777777778,0.694444444444,0.444444444444,0.833333333333,0.666666666667,0.648148148148,1.875,1.5,1.6875,1.38888888889,1.22222222222,1.30555555556,0.0714285714286,0.0,0.0,0.0238095238095,0.0,0.0,1.0,0.928571428571,0.928571428571,0.928571428571,0.7647058823529411,0.375,0.2,0.44656862745098036,0.4903846153846154,0.26153846153846155,0.37596153846153846,0.6102941176470589,0.43529411764705883,0.5227941176470589,0.16666666666666666,0.0,0.0,0.05555555555555555,0.0,0.0,1.0,0.8333333333333334,0.8333333333333334,0.8333333333333334
Feldman-GaussianNB,lambda=1.0,0.820512820513,0.714285714286,0.88,0.797142857143,0.604743156815,1.1160714285714286,1.171875,1.0371428571428571,0.8,0.666666666667,1.0,0.822222222222,0.833333333333,1.25,1.04166666667,0.866666666667,1.2,1.03333333333,0.636363636364,1.0,1.0,0.878787878788,1.57142857143,1.57142857143,1.57142857143,1.36363636364,1.36363636364,1.36363636364,0.928571428571,0.6,1.0,0.842857142857,0.646153846154,1.07692307692,0.861538461538,0.671428571429,1.07142857143,0.871428571429,0.0714285714286,0.4,0.0,0.157142857143,5.6,0.0,2.8,1.32857142857,0.928571428571,1.12857142857,0.363636363636,0.0,0.0,0.121212121212,0.0,0.0,1.0,0.636363636364,0.636363636364,0.636363636364,0.875,0.3333333333333333,1.0,0.736111111111111,0.38095238095238093,1.1428571428571428,0.7619047619047619,0.45833333333333326,1.125,0.7916666666666666,0.23529411764705882,0.0,0.0,0.0784313725490196,0.0,0.0,1.0,0.7647058823529411,0.7647058823529411,0.7647058823529411
Feldman-GaussianNB,lambda=1.0,0.923076923077,0.913043478261,0.9375,0.92527173913,0.843693352142,1.05,1.0125,1.0277777777777777,0.925925925926,0.75,1.0,0.891975308642,0.81,1.08,0.945,0.824074074074,1.07407407407,0.949074074074,0.882352941176,1.0,1.0,0.960784313725,1.13333333333,1.13333333333,1.13333333333,1.11764705882,1.11764705882,1.11764705882,1.0,0.666666666667,1.0,0.888888888889,0.666666666667,1.0,0.833333333333,0.666666666667,1.0,0.833333333333,0.0,0.333333333333,0.0,0.111111111111,0.0,1.0,0.5,1.33333333333,1.0,1.16666666667,0.117647058824,0.0,0.0,0.0392156862745,0.0,0.0,1.0,0.882352941176,0.882352941176,0.882352941176,1.0,0.5,1.0,0.8333333333333334,0.5,1.0,0.75,0.5,1.0,0.75,0.16666666666666666,0.0,0.0,0.05555555555555555,0.0,0.0,1.0,0.8333333333333334,0.8333333333333334,0.8333333333333334
Feldman-GaussianNB,lambda=1.0,0.794871794872,1.0,0.578947368421,0.789473684211,0.643065964413,0.9301470588235294,0.9341736694677871,0.9483695652173914,0.782608695652,0.666666666667,1.0,0.816425120773,0.851851851852,1.27777777778,1.06481481481,0.884057971014,1.21739130435,1.05072463768,1.0,1.0,1.0,1.0,1.0,1.0,1.0,1.0,1.0,1.0,0.545454545455,0.5,1.0,0.681818181818,0.916666666667,1.83333333333,1.375,0.954545454545,1.45454545455,1.20454545455,0.454545454545,0.5,0.0,0.318181818182,1.1,0.0,0.55,1.04545454545,0.545454545455,0.795454545455,0.0,0.0,0.0,1.0,1.0,1.0,1.0,1.0,1.0,1.0,0.7058823529411765,0.5,1.0,0.7352941176470589,0.7083333333333333,1.4166666666666665,1.0625,0.7941176470588235,1.2941176470588234,1.0441176470588234,0.0,0.0,0.0,1.0,1.0,1.0,1.0,1.0,1.0,1.0
Feldman-GaussianNB,lambda=1.0,0.897435897436,1.0,0.733333333333,0.866666666667,0.792824967172,0.9473684210526316,0.9236842105263159,0.9615384615384616,0.961538461538,0.4,1.0,0.787179487179,0.416,1.04,0.728,0.438461538462,1.03846153846,0.738461538462,1.0,0.0,1.0,0.666666666667,0.0,1.0,0.5,0.0,1.0,0.5,0.875,1.0,1.0,0.958333333333,1.14285714286,1.14285714286,1.14285714286,1.125,1.125,1.125,0.125,0.0,0.0,0.0416666666667,0.0,0.0,1.0,0.875,0.875,0.875,0.0,1.0,0.0,0.333333333333,0.0,1.0,0.5,2.0,1.0,1.5,0.9473684210526315,0.0,1.0,0.6491228070175438,0.0,1.0555555555555556,0.5277777777777778,0.052631578947368474,1.0526315789473686,0.5526315789473686,0.0,0.0,0.0,1.0,1.0,1.0,1.0,1.0,1.0,1.0
Feldman-GaussianNB,lambda=1.0,0.871794871795,0.95,0.789473684211,0.869736842105,0.751433603157,1.1057692307692308,1.0615384615384615,1.0597826086956523,0.95652173913,0.7,0.833333333333,0.829951690821,0.731818181818,0.871212121212,0.801515151515,0.74347826087,0.876811594203,0.810144927536,0.928571428571,1.0,1.0,0.97619047619,1.07692307692,1.07692307692,1.07692307692,1.07142857143,1.07142857143,1.07142857143,1.0,0.5,0.75,0.75,0.5,0.75,0.625,0.5,0.75,0.625,0.0,0.5,0.25,0.25,0.0,0.0,1.0,1.5,1.25,1.375,0.0714285714286,0.0,0.0,0.0238095238095,0.0,0.0,1.0,0.928571428571,0.928571428571,0.928571428571,1.0,0.5714285714285714,0.6666666666666666,0.746031746031746,0.5714285714285714,0.6666666666666666,0.6190476190476191,0.5714285714285714,0.6666666666666666,0.6190476190476191,0.1,0.0,0.0,0.03333333333333333,0.0,0.0,1.0,0.9,0.9,0.9
Feldman-GaussianNB,lambda=1.0,0.74358974359,0.666666666667,0.809523809524,0.738095238095,0.482617089066,1.1180555555555556,1.1155202821869488,1.046195652173913,0.739130434783,0.571428571429,0.888888888889,0.733149298367,0.773109243697,1.20261437908,0.987861811391,0.832298136646,1.14975845411,0.991028295376,0.6,0.0,1.0,0.533333333333,0.0,1.66666666667,0.833333333333,0.4,1.4,0.9,1.0,1.0,0.833333333333,0.944444444444,1.0,0.833333333333,0.916666666667,1.0,0.833333333333,0.916666666667,0.0,0.0,0.166666666667,0.0555555555556,1.0,0.0,0.5,1.0,1.16666666667,1.08333333333,0.4,1.0,0.0,0.466666666667,2.5,0.0,1.25,1.6,0.6,1.1,1.0,0.0,0.75,0.5833333333333334,0.0,0.75,0.375,0.0,0.75,0.375,0.42857142857142855,0.0,0.0,0.14285714285714285,0.0,0.0,1.0,0.5714285714285714,0.5714285714285714,0.5714285714285714
Feldman-GaussianNB,lambda=1.0,0.871794871795,0.933333333333,0.833333333333,0.883333333333,0.748190055927,1.035294117647059,1.05,1.0160427807486632,0.954545454545,0.833333333333,0.727272727273,0.838383838384,0.873015873016,0.761904761905,0.81746031746,0.878787878788,0.772727272727,0.825757575758,0.909090909091,1.0,1.0,0.969696969697,1.1,1.1,1.1,1.09090909091,1.09090909091,1.09090909091,1.0,0.75,0.666666666667,0.805555555556,0.75,0.666666666667,0.708333333333,0.75,0.666666666667,0.708333333333,0.0,0.25,0.333333333333,0.194444444444,0.0,0.0,1.0,1.25,1.33333333333,1.29166666667,0.0909090909091,0.0,0.0,0.030303030303,0.0,0.0,1.0,0.909090909091,0.909090909091,0.909090909091,1.0,0.6666666666666666,0.4,0.6888888888888888,0.6666666666666666,0.4,0.5333333333333333,0.6666666666666666,0.4,0.5333333333333333,0.08333333333333333,0.0,0.0,0.027777777777777776,0.0,0.0,1.0,0.9166666666666666,0.9166666666666666,0.9166666666666666
Feldman-GaussianNB,lambda=1.0,0.846153846154,0.761904761905,0.944444444444,0.853174603175,0.710116428834,1.037037037037037,1.05,1.0158730158730158,0.761904761905,0.875,1.0,0.878968253968,1.1484375,1.3125,1.23046875,1.1130952381,1.2380952381,1.1755952381,0.642857142857,1.0,1.0,0.880952380952,1.55555555556,1.55555555556,1.55555555556,1.35714285714,1.35714285714,1.35714285714,1.0,0.8,1.0,0.933333333333,0.8,1.0,0.9,0.8,1.0,0.9,0.0,0.2,0.0,0.0666666666667,0.0,1.0,0.5,1.2,1.0,1.1,0.357142857143,0.0,0.0,0.119047619048,0.0,0.0,1.0,0.642857142857,0.642857142857,0.642857142857,1.0,0.75,1.0,0.9166666666666666,0.75,1.0,0.875,0.75,1.0,0.875,0.4166666666666667,0.0,0.0,0.1388888888888889,0.0,0.0,1.0,0.5833333333333333,0.5833333333333333,0.5833333333333333
Feldman-GaussianNB,lambda=1.0,0.897435897436,1.0,0.789473684211,0.894736842105,0.811107105654,0.6666666666666666,0.75,0.7777777777777778,0.966666666667,0.666666666667,0.666666666667,0.766666666667,0.689655172414,0.689655172414,0.689655172414,0.7,0.7,0.7,1.0,0.0,1.0,0.666666666667,0.0,1.0,0.5,0.0,1.0,0.5,0.909090909091,1.0,0.5,0.80303030303,1.1,0.55,0.825,1.09090909091,0.590909090909,0.840909090909,0.0909090909091,0.0,0.5,0.19696969697,0.0,5.5,2.75,0.909090909091,1.40909090909,1.15909090909,0.0,1.0,0.0,0.333333333333,0.0,1.0,0.5,2.0,1.0,1.5,0.95,0.0,0.5,0.48333333333333334,0.0,0.5263157894736842,0.2631578947368421,0.050000000000000044,0.55,0.30000000000000004,0.0,0.0,0.0,1.0,1.0,1.0,1.0,1.0,1.0,1.0
Feldman-GaussianNB,lambda=1.0,0.794871794872,0.888888888889,0.714285714286,0.801587301587,0.606391557207,0.9951923076923078,0.996947496947497,0.9972826086956522,0.869565217391,0.777777777778,0.571428571429,0.739590522199,0.894444444444,0.657142857143,0.775793650794,0.908212560386,0.701863354037,0.805037957212,0.857142857143,1.0,1.0,0.952380952381,1.16666666667,1.16666666667,1.16666666667,1.14285714286,1.14285714286,1.14285714286,0.888888888889,0.666666666667,0.5,0.685185185185,0.75,0.5625,0.65625,0.777777777778,0.611111111111,0.694444444444,0.111111111111,0.333333333333,0.5,0.314814814815,3.0,4.5,3.75,1.22222222222,1.38888888889,1.30555555556,0.142857142857,0.0,0.0,0.047619047619,0.0,0.0,1.0,0.857142857143,0.857142857143,0.857142857143,0.9230769230769231,0.6,0.25,0.591025641025641,0.6499999999999999,0.2708333333333333,0.4604166666666666,0.6769230769230768,0.32692307692307687,0.5019230769230769,0.2,0.0,0.0,0.06666666666666667,0.0,0.0,1.0,0.8,0.8,0.8
Feldman-LR,lambda=1.0,0.692307692308,1.0,0.52,0.76,0.529150262213,1.1160714285714286,1.1067708333333333,1.0742857142857143,0.8,0.5,0.5,0.6,0.625,0.625,0.625,0.7,0.7,0.7,1.0,1.0,1.0,1.0,1.0,1.0,1.0,1.0,1.0,1.0,0.642857142857,0.4,0.333333333333,0.45873015873,0.622222222222,0.518518518519,0.57037037037,0.757142857143,0.690476190476,0.72380952381,0.357142857143,0.6,0.666666666667,0.54126984127,1.68,1.86666666667,1.77333333333,1.24285714286,1.30952380952,1.27619047619,0.0,0.0,0.0,1.0,1.0,1.0,1.0,1.0,1.0,1.0,0.6875,0.25,0.3333333333333333,0.4236111111111111,0.36363636363636365,0.4848484848484848,0.4242424242424242,0.5625,0.6458333333333333,0.6041666666666666,0.0,0.0,0.0,1.0,1.0,1.0,1.0,1.0,1.0,1.0
Feldman-LR,lambda=1.0,0.692307692308,0.869565217391,0.4375,0.653532608696,0.345903960985,1.1842105263157896,1.1546052631578947,1.1296296296296298,0.777777777778,0.5,0.5,0.592592592593,0.642857142857,0.642857142857,0.642857142857,0.722222222222,0.722222222222,0.722222222222,0.882352941176,1.0,0.8,0.894117647059,1.13333333333,0.906666666667,1.02,1.11764705882,0.917647058824,1.01764705882,0.6,0.333333333333,0.0,0.311111111111,0.555555555556,0.0,0.277777777778,0.733333333333,0.4,0.566666666667,0.4,0.666666666667,1.0,0.688888888889,1.66666666667,2.5,2.08333333333,1.26666666667,1.6,1.43333333333,0.117647058824,0.0,0.2,0.105882352941,0.0,1.7,0.85,0.882352941176,1.08235294118,0.982352941176,0.7894736842105263,0.3333333333333333,0.5714285714285714,0.5647451963241437,0.42222222222222217,0.7238095238095238,0.573015873015873,0.5438596491228069,0.7819548872180451,0.662907268170426,0.25,0.0,1.0,0.4166666666666667,0.0,4.0,2.0,0.75,1.75,1.25
Feldman-LR,lambda=1.0,0.74358974359,1.0,0.473684210526,0.736842105263,0.561951486949,0.9583333333333333,0.9532627865961198,0.967391304347826,0.739130434783,0.555555555556,1.0,0.764895330113,0.751633986928,1.35294117647,1.0522875817,0.816425120773,1.26086956522,1.038647343,1.0,1.0,1.0,1.0,1.0,1.0,1.0,1.0,1.0,1.0,0.454545454545,0.333333333333,1.0,0.59595959596,0.733333333333,2.2,1.46666666667,0.878787878788,1.54545454545,1.21212121212,0.545454545455,0.666666666667,0.0,0.40404040404,1.22222222222,0.0,0.611111111111,1.12121212121,0.454545454545,0.787878787879,0.0,0.0,0.0,1.0,1.0,1.0,1.0,1.0,1.0,1.0,0.6666666666666666,0.42857142857142855,1.0,0.6984126984126983,0.6428571428571429,1.5,1.0714285714285714,0.7619047619047619,1.3333333333333335,1.0476190476190477,0.0,0.0,0.0,1.0,1.0,1.0,1.0,1.0,1.0,1.0
Feldman-LR,lambda=1.0,0.717948717949,0.75,0.666666666667,0.708333333333,0.412112795872,0.8749999999999999,0.8328125,0.923076923076923,0.692307692308,0.6,0.875,0.722435897436,0.866666666667,1.26388888889,1.06527777778,0.907692307692,1.18269230769,1.04519230769,0.722222222222,0.0,0.833333333333,0.518518518519,0.0,1.15384615385,0.576923076923,0.277777777778,1.11111111111,0.694444444444,0.625,1.0,1.0,0.875,1.6,1.6,1.6,1.375,1.375,1.375,0.375,0.0,0.0,0.125,0.0,0.0,1.0,0.625,0.625,0.625,0.277777777778,1.0,0.166666666667,0.481481481481,3.6,0.6,2.1,1.72222222222,0.888888888889,1.30555555556,0.8125,0.0,1.0,0.6041666666666666,0.0,1.2307692307692308,0.6153846153846154,0.1875,1.1875,0.6875,0.5,0.0,0.3333333333333333,0.27777777777777773,0.0,0.6666666666666666,0.3333333333333333,0.5,0.8333333333333333,0.6666666666666666
Feldman-LR,lambda=1.0,0.692307692308,0.95,0.421052631579,0.685526315789,0.440195331443,0.9583333333333333,0.9370370370370369,0.967391304347826,0.826086956522,0.6,0.333333333333,0.586473429952,0.726315789474,0.40350877193,0.564912280702,0.773913043478,0.507246376812,0.640579710145,1.0,1.0,0.5,0.833333333333,1.0,0.5,0.75,1.0,0.5,0.75,0.555555555556,0.333333333333,0.25,0.37962962963,0.6,0.45,0.525,0.777777777778,0.694444444444,0.736111111111,0.444444444444,0.666666666667,0.75,0.62037037037,1.5,1.6875,1.59375,1.22222222222,1.30555555556,1.26388888889,0.0,0.0,0.5,0.166666666667,1.0,0.0,0.5,1.0,1.5,1.25,0.7777777777777778,0.5,0.25,0.5092592592592592,0.6428571428571428,0.3214285714285714,0.4821428571428571,0.7222222222222222,0.4722222222222222,0.5972222222222222,0.0,0.0,0.5,0.16666666666666666,1.0,0.0,0.5,1.0,1.5,1.25
Feldman-LR,lambda=1.0,0.564102564103,0.666666666667,0.47619047619,0.571428571429,0.14478512672,1.1057692307692308,1.0952380952380953,1.0597826086956523,0.652173913043,0.428571428571,0.444444444444,0.508396595353,0.657142857143,0.681481481481,0.669312169312,0.776397515528,0.792270531401,0.784334023464,0.666666666667,0.0,0.666666666667,0.444444444444,0.0,1.0,0.5,0.333333333333,1.0,0.666666666667,0.625,1.0,0.333333333333,0.652777777778,1.6,0.533333333333,1.06666666667,1.375,0.708333333333,1.04166666667,0.375,0.0,0.666666666667,0.347222222222,0.0,1.77777777778,0.888888888889,0.625,1.29166666667,0.958333333333,0.333333333333,1.0,0.333333333333,0.555555555556,3.0,1.0,2.0,1.66666666667,1.0,1.33333333333,0.7692307692307693,0.0,0.3333333333333333,0.36752136752136755,0.0,0.4333333333333333,0.21666666666666665,0.23076923076923073,0.5641025641025641,0.3974358974358974,0.5,0.0,0.3333333333333333,0.27777777777777773,0.0,0.6666666666666666,0.3333333333333333,0.5,0.8333333333333333,0.6666666666666666
Feldman-LR,lambda=1.0,0.641025641026,0.933333333333,0.458333333333,0.695833333333,0.412852916744,0.7612456747404844,0.7352941176470589,0.8155080213903744,0.727272727273,0.5,0.545454545455,0.590909090909,0.6875,0.75,0.71875,0.772727272727,0.818181818182,0.795454545455,1.0,0.5,1.0,0.833333333333,0.5,1.0,0.75,0.5,1.0,0.75,0.454545454545,0.5,0.444444444444,0.46632996633,1.1,0.977777777778,1.03888888889,1.04545454545,0.989898989899,1.01767676768,0.545454545455,0.5,0.555555555556,0.53367003367,0.916666666667,1.01851851852,0.967592592593,0.954545454545,1.0101010101,0.982323232323,0.0,0.5,0.0,0.166666666667,0.0,1.0,0.5,1.5,1.0,1.25,0.6470588235294118,0.3333333333333333,0.2857142857142857,0.42203548085901027,0.5151515151515151,0.44155844155844154,0.4783549783549783,0.6862745098039216,0.6386554621848739,0.6624649859943977,0.0,0.3333333333333333,0.0,0.1111111111111111,0.0,1.0,0.5,1.3333333333333333,1.0,1.1666666666666665
Feldman-LR,lambda=1.0,0.74358974359,0.571428571429,0.944444444444,0.757936507937,0.54554472559,1.3611111111111112,1.3125,1.1031746031746033,0.619047619048,0.875,0.9,0.798015873016,1.41346153846,1.45384615385,1.43365384615,1.25595238095,1.28095238095,1.26845238095,0.428571428571,0.666666666667,1.0,0.698412698413,1.55555555556,2.33333333333,1.94444444444,1.2380952381,1.57142857143,1.40476190476,1.0,1.0,0.833333333333,0.944444444444,1.0,0.833333333333,0.916666666667,1.0,0.833333333333,0.916666666667,0.0,0.0,0.166666666667,0.0555555555556,1.0,0.0,0.5,1.0,1.16666666667,1.08333333333,0.571428571429,0.333333333333,0.0,0.301587301587,0.583333333333,0.0,0.291666666667,0.761904761905,0.428571428571,0.595238095238,1.0,1.0,0.8,0.9333333333333332,1.0,0.8,0.9,1.0,0.8,0.9,0.5333333333333333,0.16666666666666666,0.0,0.2333333333333333,0.3125,0.0,0.15625,0.6333333333333333,0.4666666666666667,0.55
Feldman-LR,lambda=1.0,0.615384615385,0.9,0.315789473684,0.607894736842,0.267113731079,1.1594202898550723,1.1956521739130435,1.1222222222222222,0.733333333333,0.166666666667,0.333333333333,0.411111111111,0.227272727273,0.454545454545,0.340909090909,0.433333333333,0.6,0.516666666667,0.894736842105,0.0,1.0,0.631578947368,0.0,1.11764705882,0.558823529412,0.105263157895,1.10526315789,0.605263157895,0.454545454545,1.0,0.0,0.484848484848,2.2,0.0,1.1,1.54545454545,0.545454545455,1.04545454545,0.545454545455,0.0,1.0,0.515151515152,0.0,1.83333333333,0.916666666667,0.454545454545,1.45454545455,0.954545454545,0.105263157895,1.0,0.0,0.368421052632,9.5,0.0,4.75,1.89473684211,0.894736842105,1.39473684211,0.7391304347826086,0.0,0.3333333333333333,0.357487922705314,0.0,0.45098039215686275,0.22549019607843138,0.26086956521739135,0.5942028985507246,0.427536231884058,0.2857142857142857,0.0,1.0,0.42857142857142855,0.0,3.5,1.75,0.7142857142857143,1.7142857142857144,1.2142857142857144
Feldman-LR,lambda=1.0,0.615384615385,0.888888888889,0.380952380952,0.634920634921,0.308074159924,1.0147058823529413,1.0093370681605975,1.0108695652173914,0.782608695652,0.333333333333,0.428571428571,0.514837819186,0.425925925926,0.547619047619,0.486772486772,0.550724637681,0.645962732919,0.5983436853,0.928571428571,0.666666666667,1.0,0.865079365079,0.717948717949,1.07692307692,0.897435897436,0.738095238095,1.07142857143,0.904761904762,0.555555555556,0.166666666667,0.333333333333,0.351851851852,0.3,0.6,0.45,0.611111111111,0.777777777778,0.694444444444,0.444444444444,0.833333333333,0.666666666667,0.648148148148,1.875,1.5,1.6875,1.38888888889,1.22222222222,1.30555555556,0.0714285714286,0.333333333333,0.0,0.134920634921,4.66666666667,0.0,2.33333333333,1.2619047619,0.928571428571,1.09523809524,0.7647058823529411,0.2857142857142857,0.2,0.41680672268907554,0.37362637362637363,0.26153846153846155,0.31758241758241756,0.5210084033613446,0.43529411764705883,0.4781512605042017,0.16666666666666666,0.5,0.0,0.2222222222222222,3.0,0.0,1.5,1.3333333333333335,0.8333333333333334,1.0833333333333335
Feldman-DecisionTree,lambda=1.0,0.794871794872,0.785714285714,0.8,0.792857142857,0.57121016789,0.8116883116883117,0.8049242424242424,0.9171428571428571,0.84,0.833333333333,0.625,0.766111111111,0.992063492063,0.744047619048,0.868055555556,0.993333333333,0.785,0.889166666667,0.818181818182,1.0,0.5,0.772727272727,1.22222222222,0.611111111111,0.916666666667,1.18181818182,0.681818181818,0.931818181818,0.857142857143,0.8,0.666666666667,0.774603174603,0.933333333333,0.777777777778,0.855555555556,0.942857142857,0.809523809524,0.87619047619,0.142857142857,0.2,0.333333333333,0.225396825397,1.4,2.33333333333,1.86666666667,1.05714285714,1.19047619048,1.12380952381,0.181818181818,0.0,0.5,0.227272727273,0.0,2.75,1.375,0.818181818182,1.31818181818,1.06818181818,0.8181818181818182,0.5,0.3333333333333333,0.5505050505050505,0.611111111111111,0.4074074074074074,0.5092592592592592,0.6818181818181818,0.5151515151515151,0.5984848484848484,0.14285714285714285,0.0,0.2,0.11428571428571428,0.0,1.4000000000000001,0.7000000000000001,0.8571428571428572,1.0571428571428572,0.9571428571428572
Feldman-DecisionTree,lambda=1.0,0.948717948718,0.95652173913,0.9375,0.947010869565,0.89402173913,0.7941176470588235,0.7941176470588235,0.8703703703703703,1.0,0.75,0.875,0.875,0.75,0.875,0.8125,0.75,0.875,0.8125,1.0,1.0,0.8,0.933333333333,1.0,0.8,0.9,1.0,0.8,0.9,1.0,0.666666666667,1.0,0.888888888889,0.666666666667,1.0,0.833333333333,0.666666666667,1.0,0.833333333333,0.0,0.333333333333,0.0,0.111111111111,0.0,1.0,0.5,1.33333333333,1.0,1.16666666667,0.0,0.0,0.2,0.0666666666667,1.0,0.0,0.5,1.0,1.2,1.1,1.0,0.5,1.0,0.8333333333333334,0.5,1.0,0.75,0.5,1.0,0.75,0.0,0.0,0.25,0.08333333333333333,1.0,0.0,0.5,1.0,1.25,1.125
Feldman-DecisionTree,lambda=1.0,0.846153846154,0.95,0.736842105263,0.843421052632,0.705663181919,0.8624999999999999,0.8640211640211639,0.9103260869565217,0.869565217391,0.777777777778,0.857142857143,0.834828617437,0.894444444444,0.985714285714,0.940079365079,0.908212560386,0.987577639752,0.947895100069,1.0,1.0,0.8,0.933333333333,1.0,0.8,0.9,1.0,0.8,0.9,0.727272727273,0.666666666667,1.0,0.79797979798,0.916666666667,1.375,1.14583333333,0.939393939394,1.27272727273,1.10606060606,0.272727272727,0.333333333333,0.0,0.20202020202,1.22222222222,0.0,0.611111111111,1.06060606061,0.727272727273,0.893939393939,0.0,0.0,0.2,0.0666666666667,1.0,0.0,0.5,1.0,1.2,1.1,0.8,0.6,1.0,0.7999999999999999,0.7499999999999999,1.25,1.0,0.7999999999999999,1.2,1.0,0.0,0.0,0.3333333333333333,0.1111111111111111,1.0,0.0,0.5,1.0,1.3333333333333333,1.1666666666666665
Feldman-DecisionTree,lambda=1.0,0.74358974359,0.75,0.733333333333,0.741666666667,0.474200706622,0.75,0.7921874999999999,0.8461538461538461,0.846153846154,0.4,0.625,0.623717948718,0.472727272727,0.738636363636,0.605681818182,0.553846153846,0.778846153846,0.666346153846,0.833333333333,0.0,0.5,0.444444444444,0.0,0.6,0.3,0.166666666667,0.666666666667,0.416666666667,0.875,1.0,1.0,0.958333333333,1.14285714286,1.14285714286,1.14285714286,1.125,1.125,1.125,0.125,0.0,0.0,0.0416666666667,0.0,0.0,1.0,0.875,0.875,0.875,0.166666666667,1.0,0.5,0.555555555556,6.0,3.0,4.5,1.83333333333,1.33333333333,1.58333333333,0.9375,0.0,1.0,0.6458333333333334,0.0,1.0666666666666667,0.5333333333333333,0.0625,1.0625,0.5625,0.3,0.0,0.6,0.3,0.0,2.0,1.0,0.7,1.3,1.0
Feldman-DecisionTree,lambda=1.0,0.74358974359,0.75,0.736842105263,0.743421052632,0.486842105263,1.1761363636363635,1.2196969696969697,1.0842391304347827,0.782608695652,0.7,0.666666666667,0.716425120773,0.894444444444,0.851851851852,0.873148148148,0.917391304348,0.884057971014,0.900724637681,0.714285714286,0.75,1.0,0.821428571429,1.05,1.4,1.225,1.03571428571,1.28571428571,1.16071428571,0.888888888889,0.666666666667,0.5,0.685185185185,0.75,0.5625,0.65625,0.777777777778,0.611111111111,0.694444444444,0.111111111111,0.333333333333,0.5,0.314814814815,3.0,4.5,3.75,1.22222222222,1.38888888889,1.30555555556,0.285714285714,0.25,0.0,0.178571428571,0.875,0.0,0.4375,0.964285714286,0.714285714286,0.839285714286,0.9090909090909091,0.6,0.5,0.6696969696969696,0.66,0.55,0.605,0.6909090909090909,0.5909090909090909,0.6409090909090909,0.3333333333333333,0.2,0.0,0.17777777777777778,0.6000000000000001,0.0,0.30000000000000004,0.8666666666666667,0.6666666666666667,0.7666666666666667
Feldman-DecisionTree,lambda=1.0,0.769230769231,0.722222222222,0.809523809524,0.765873015873,0.534582030696,1.00625,1.003968253968254,1.002717391304348,0.782608695652,0.571428571429,0.888888888889,0.74764205199,0.730158730159,1.13580246914,0.932980599647,0.788819875776,1.10628019324,0.947550034507,0.666666666667,0.0,1.0,0.555555555556,0.0,1.5,0.75,0.333333333333,1.33333333333,0.833333333333,1.0,1.0,0.833333333333,0.944444444444,1.0,0.833333333333,0.916666666667,1.0,0.833333333333,0.916666666667,0.0,0.0,0.166666666667,0.0555555555556,1.0,0.0,0.5,1.0,1.16666666667,1.08333333333,0.333333333333,1.0,0.0,0.444444444444,3.0,0.0,1.5,1.66666666667,0.666666666667,1.16666666667,1.0,0.0,0.75,0.5833333333333334,0.0,0.75,0.375,0.0,0.75,0.375,0.38461538461538464,0.0,0.0,0.12820512820512822,0.0,0.0,1.0,0.6153846153846154,0.6153846153846154,0.6153846153846154
Feldman-DecisionTree,lambda=1.0,0.794871794872,0.8,0.791666666667,0.795833333333,0.580487071899,0.9058823529411765,0.8666666666666667,0.9572192513368984,0.772727272727,1.0,0.727272727273,0.833333333333,1.29411764706,0.941176470588,1.11764705882,1.22727272727,0.954545454545,1.09090909091,0.727272727273,1.0,1.0,0.909090909091,1.375,1.375,1.375,1.27272727273,1.27272727273,1.27272727273,0.818181818182,1.0,0.666666666667,0.828282828283,1.22222222222,0.814814814815,1.01851851852,1.18181818182,0.848484848485,1.01515151515,0.181818181818,0.0,0.333333333333,0.171717171717,0.0,1.83333333333,0.916666666667,0.818181818182,1.15151515152,0.984848484848,0.272727272727,0.0,0.0,0.0909090909091,0.0,0.0,1.0,0.727272727273,0.727272727273,0.727272727273,0.8,1.0,0.4,0.7333333333333334,1.25,0.5,0.875,1.2,0.6,0.8999999999999999,0.25,0.0,0.0,0.08333333333333333,0.0,0.0,1.0,0.75,0.75,0.75
Feldman-DecisionTree,lambda=1.0,0.897435897436,0.809523809524,1.0,0.904761904762,0.813841300462,0.6363636363636362,0.6443181818181818,0.8095238095238095,0.857142857143,1.0,0.9,0.919047619048,1.16666666667,1.05,1.10833333333,1.14285714286,1.04285714286,1.09285714286,0.785714285714,1.0,0.75,0.845238095238,1.27272727273,0.954545454545,1.11363636364,1.21428571429,0.964285714286,1.08928571429,1.0,1.0,1.0,1.0,1.0,1.0,1.0,1.0,1.0,1.0,0.0,0.0,0.0,1.0,1.0,1.0,1.0,1.0,1.0,1.0,0.214285714286,0.0,0.25,0.154761904762,0.0,1.16666666667,0.583333333333,0.785714285714,1.03571428571,0.910714285714,1.0,1.0,1.0,1.0,1.0,1.0,1.0,1.0,1.0,1.0,0.3,0.0,0.14285714285714285,0.14761904761904762,0.0,0.47619047619047616,0.23809523809523808,0.7,0.8428571428571429,0.7714285714285714
Feldman-DecisionTree,lambda=1.0,0.846153846154,1.0,0.684210526316,0.842105263158,0.72547625011,1.0,1.0,1.0,0.966666666667,0.333333333333,0.666666666667,0.655555555556,0.344827586207,0.689655172414,0.51724137931,0.366666666667,0.7,0.533333333333,1.0,0.0,1.0,0.666666666667,0.0,1.0,0.5,0.0,1.0,0.5,0.909090909091,1.0,0.5,0.80303030303,1.1,0.55,0.825,1.09090909091,0.590909090909,0.840909090909,0.0909090909091,0.0,0.5,0.19696969697,0.0,5.5,2.75,0.909090909091,1.40909090909,1.15909090909,0.0,1.0,0.0,0.333333333333,0.0,1.0,0.5,2.0,1.0,1.5,0.95,0.0,0.5,0.48333333333333334,0.0,0.5263157894736842,0.2631578947368421,0.050000000000000044,0.55,0.30000000000000004,0.0,0.0,0.0,1.0,1.0,1.0,1.0,1.0,1.0,1.0
Feldman-DecisionTree,lambda=1.0,0.820512820513,0.888888888889,0.761904761905,0.825396825397,0.650793650794,0.8846153846153847,0.8986568986568986,0.9347826086956522,0.869565217391,0.888888888889,0.571428571429,0.776627559236,1.02222222222,0.657142857143,0.839682539683,1.0193236715,0.701863354037,0.860593512767,0.857142857143,1.0,1.0,0.952380952381,1.16666666667,1.16666666667,1.16666666667,1.14285714286,1.14285714286,1.14285714286,0.888888888889,0.833333333333,0.5,0.740740740741,0.9375,0.5625,0.75,0.944444444444,0.611111111111,0.777777777778,0.111111111111,0.166666666667,0.5,0.259259259259,1.5,4.5,3.0,1.05555555556,1.38888888889,1.22222222222,0.142857142857,0.0,0.0,0.047619047619,0.0,0.0,1.0,0.857142857143,0.857142857143,0.857142857143,0.9230769230769231,0.75,0.25,0.6410256410256411,0.8125,0.2708333333333333,0.5416666666666666,0.8269230769230769,0.32692307692307687,0.5769230769230769,0.2,0.0,0.0,0.06666666666666667,0.0,0.0,1.0,0.8,0.8,0.8
Feldman-SVM-DIavgall,lambda=0.9,0.717948717949,1.0,0.56,0.78,0.56,0.8403361344537814,0.8578431372549018,0.8914285714285713,0.76,0.5,0.75,0.67,0.657894736842,0.986842105263,0.822368421053,0.74,0.99,0.865,1.0,1.0,1.0,1.0,1.0,1.0,1.0,1.0,1.0,1.0,0.571428571429,0.4,0.666666666667,0.546031746032,0.7,1.16666666667,0.933333333333,0.828571428571,1.09523809524,0.961904761905,0.428571428571,0.6,0.333333333333,0.453968253968,1.4,0.777777777778,1.08888888889,1.17142857143,0.904761904762,1.0380952381,0.0,0.0,0.0,1.0,1.0,1.0,1.0,1.0,1.0,1.0,0.6470588235294118,0.25,0.5,0.4656862745098039,0.38636363636363635,0.7727272727272727,0.5795454545454546,0.6029411764705882,0.8529411764705882,0.7279411764705882,0.0,0.0,0.0,1.0,1.0,1.0,1.0,1.0,1.0,1.0
Feldman-SVM-DIavgall,lambda=0.85,0.641025641026,0.565217391304,0.75,0.657608695652,0.312678686417,0.9375000000000001,0.984375,0.9722222222222223,0.592592592593,0.75,0.75,0.697530864198,1.265625,1.265625,1.265625,1.15740740741,1.15740740741,1.15740740741,0.529411764706,1.0,0.6,0.709803921569,1.88888888889,1.13333333333,1.51111111111,1.47058823529,1.07058823529,1.27058823529,0.7,0.666666666667,1.0,0.788888888889,0.952380952381,1.42857142857,1.19047619048,0.966666666667,1.3,1.13333333333,0.3,0.333333333333,0.0,0.211111111111,1.11111111111,0.0,0.555555555556,1.03333333333,0.7,0.866666666667,0.470588235294,0.0,0.4,0.290196078431,0.0,0.85,0.425,0.529411764706,0.929411764706,0.729411764706,0.75,0.5,1.0,0.75,0.6666666666666666,1.3333333333333333,1.0,0.75,1.25,1.0,0.5333333333333333,0.0,0.4,0.3111111111111111,0.0,0.75,0.375,0.4666666666666667,0.8666666666666667,0.6666666666666667
Feldman-SVM-DIavgall,lambda=0.9,0.461538461538,0.1,0.842105263158,0.471052631579,-0.0865578422901,0.9583333333333334,0.9735449735449735,0.9945652173913043,0.434782608696,0.555555555556,0.428571428571,0.472969864274,1.27777777778,0.985714285714,1.13174603175,1.12077294686,0.993788819876,1.05728088337,0.0833333333333,0.0,0.2,0.0944444444444,0.0,2.4,1.2,0.916666666667,1.11666666667,1.01666666667,0.818181818182,0.833333333333,1.0,0.883838383838,1.01851851852,1.22222222222,1.12037037037,1.01515151515,1.18181818182,1.09848484848,0.181818181818,0.166666666667,0.0,0.116161616162,0.916666666667,0.0,0.458333333333,0.984848484848,0.818181818182,0.901515151515,0.916666666667,1.0,0.8,0.905555555556,1.09090909091,0.872727272727,0.981818181818,1.08333333333,0.883333333333,0.983333333333,0.3333333333333333,0.0,1.0,0.4444444444444444,0.0,3.0,1.5,0.6666666666666667,1.6666666666666667,1.1666666666666667,0.55,0.375,0.6666666666666666,0.5305555555555556,0.6818181818181818,1.212121212121212,0.9469696969696968,0.825,1.1166666666666667,0.9708333333333333
Feldman-SVM-DIavgall,lambda=0.8,0.589743589744,0.375,0.933333333333,0.654166666667,0.343536375628,1.3333333333333333,1.2458333333333333,1.0769230769230769,0.538461538462,0.8,0.625,0.654487179487,1.48571428571,1.16071428571,1.32321428571,1.26153846154,1.08653846154,1.17403846154,0.333333333333,0.0,0.5,0.277777777778,0.0,1.5,0.75,0.666666666667,1.16666666667,0.916666666667,1.0,1.0,1.0,1.0,1.0,1.0,1.0,1.0,1.0,1.0,0.0,0.0,0.0,1.0,1.0,1.0,1.0,1.0,1.0,1.0,0.666666666667,1.0,0.5,0.722222222222,1.5,0.75,1.125,1.33333333333,0.833333333333,1.08333333333,1.0,0.0,1.0,0.6666666666666666,0.0,1.0,0.5,0.0,1.0,0.5,0.6,0.0,0.6,0.39999999999999997,0.0,1.0,0.5,0.4,1.0,0.7
Feldman-SVM-DIavgall,lambda=0.95,0.769230769231,0.7,0.842105263158,0.771052631579,0.546436399347,1.00625,0.9583333333333334,1.002717391304348,0.739130434783,0.7,1.0,0.813043478261,0.947058823529,1.35294117647,1.15,0.960869565217,1.26086956522,1.11086956522,0.642857142857,0.75,1.0,0.797619047619,1.16666666667,1.55555555556,1.36111111111,1.10714285714,1.35714285714,1.23214285714,0.888888888889,0.666666666667,1.0,0.851851851852,0.75,1.125,0.9375,0.777777777778,1.11111111111,0.944444444444,0.111111111111,0.333333333333,0.0,0.148148148148,3.0,0.0,1.5,1.22222222222,0.888888888889,1.05555555556,0.357142857143,0.25,0.0,0.202380952381,0.7,0.0,0.35,0.892857142857,0.642857142857,0.767857142857,0.9,0.6,1.0,0.8333333333333334,0.6666666666666666,1.1111111111111112,0.8888888888888888,0.7,1.1,0.9,0.38461538461538464,0.2,0.0,0.19487179487179487,0.52,0.0,0.26,0.8153846153846154,0.6153846153846154,0.7153846153846154
Feldman-SVM-DIavgall,lambda=0.9,0.641025641026,0.333333333333,0.904761904762,0.619047619048,0.293948175626,0.8625,0.9126984126984127,0.970108695652174,0.565217391304,0.714285714286,0.777777777778,0.685760294456,1.26373626374,1.37606837607,1.3199023199,1.14906832298,1.21256038647,1.18081435473,0.333333333333,0.0,0.333333333333,0.222222222222,0.0,1.0,0.5,0.666666666667,1.0,0.833333333333,1.0,1.0,1.0,1.0,1.0,1.0,1.0,1.0,1.0,1.0,0.0,0.0,0.0,1.0,1.0,1.0,1.0,1.0,1.0,1.0,0.666666666667,1.0,0.666666666667,0.777777777778,1.5,1.0,1.25,1.33333333333,1.0,1.16666666667,1.0,0.0,1.0,0.6666666666666666,0.0,1.0,0.5,0.0,1.0,0.5,0.5555555555555556,0.0,0.25,0.26851851851851855,0.0,0.44999999999999996,0.22499999999999998,0.4444444444444444,0.6944444444444444,0.5694444444444444
Feldman-SVM-DIavgall,lambda=1.0,0.589743589744,1.0,0.333333333333,0.666666666667,0.401609664451,0.9346405228758169,0.9537037037037037,0.9465240641711229,0.681818181818,0.5,0.454545454545,0.545454545455,0.733333333333,0.666666666667,0.7,0.818181818182,0.772727272727,0.795454545455,1.0,1.0,1.0,1.0,1.0,1.0,1.0,1.0,1.0,1.0,0.363636363636,0.25,0.333333333333,0.315656565657,0.6875,0.916666666667,0.802083333333,0.886363636364,0.969696969697,0.92803030303,0.636363636364,0.75,0.666666666667,0.684343434343,1.17857142857,1.04761904762,1.1130952381,1.11363636364,1.0303030303,1.07196969697,0.0,0.0,0.0,1.0,1.0,1.0,1.0,1.0,1.0,1.0,0.6111111111111112,0.4,0.25,0.42037037037037034,0.6545454545454545,0.40909090909090906,0.5318181818181817,0.7888888888888889,0.6388888888888888,0.7138888888888888,0.0,0.0,0.0,1.0,1.0,1.0,1.0,1.0,1.0,1.0
Feldman-SVM-DIavgall,lambda=1.0,0.692307692308,0.428571428571,1.0,0.714285714286,0.507092552837,0.9333333333333333,0.9450000000000001,0.9841269841269842,0.571428571429,0.875,0.8,0.74880952381,1.53125,1.4,1.465625,1.30357142857,1.22857142857,1.26607142857,0.357142857143,0.666666666667,0.5,0.507936507937,1.86666666667,1.4,1.63333333333,1.30952380952,1.14285714286,1.22619047619,1.0,1.0,1.0,1.0,1.0,1.0,1.0,1.0,1.0,1.0,0.0,0.0,0.0,1.0,1.0,1.0,1.0,1.0,1.0,1.0,0.642857142857,0.333333333333,0.5,0.492063492063,0.518518518519,0.777777777778,0.648148148148,0.690476190476,0.857142857143,0.77380952381,1.0,1.0,1.0,1.0,1.0,1.0,1.0,1.0,1.0,1.0,0.5625,0.16666666666666666,0.25,0.3263888888888889,0.2962962962962963,0.4444444444444444,0.37037037037037035,0.6041666666666666,0.6875,0.6458333333333333
Feldman-SVM-DIavgall,lambda=1.0,0.487179487179,0.0,1.0,0.5,0.0,1.0,1.0,1.0,0.366666666667,1.0,0.666666666667,0.677777777778,2.72727272727,1.81818181818,2.27272727273,1.63333333333,1.3,1.46666666667,0.0,0.0,0.0,1.0,1.0,1.0,1.0,1.0,1.0,1.0,1.0,1.0,1.0,1.0,1.0,1.0,1.0,1.0,1.0,1.0,0.0,0.0,0.0,1.0,1.0,1.0,1.0,1.0,1.0,1.0,1.0,1.0,1.0,1.0,1.0,1.0,1.0,1.0,1.0,1.0,1.0,1.0,1.0,1.0,1.0,1.0,1.0,1.0,1.0,1.0,0.6333333333333333,0.0,0.3333333333333333,0.3222222222222222,0.0,0.5263157894736842,0.2631578947368421,0.3666666666666667,0.7,0.5333333333333333
Feldman-SVM-DIavgall,lambda=1.0,0.641025641026,0.944444444444,0.380952380952,0.662698412698,0.385014716043,1.099264705882353,1.0845004668534082,1.0733695652173914,0.782608695652,0.444444444444,0.428571428571,0.551874856223,0.567901234568,0.547619047619,0.557760141093,0.661835748792,0.645962732919,0.653899240856,0.928571428571,1.0,1.0,0.97619047619,1.07692307692,1.07692307692,1.07692307692,1.07142857143,1.07142857143,1.07142857143,0.555555555556,0.166666666667,0.333333333333,0.351851851852,0.3,0.6,0.45,0.611111111111,0.777777777778,0.694444444444,0.444444444444,0.833333333333,0.666666666667,0.648148148148,1.875,1.5,1.6875,1.38888888889,1.22222222222,1.30555555556,0.0714285714286,0.0,0.0,0.0238095238095,0.0,0.0,1.0,0.928571428571,0.928571428571,0.928571428571,0.7647058823529411,0.375,0.2,0.44656862745098036,0.4903846153846154,0.26153846153846155,0.37596153846153846,0.6102941176470589,0.43529411764705883,0.5227941176470589,0.16666666666666666,0.0,0.0,0.05555555555555555,0.0,0.0,1.0,0.8333333333333334,0.8333333333333334,0.8333333333333334
Feldman-SVM-accuracy,lambda=0.9,0.717948717949,1.0,0.56,0.78,0.56,0.8403361344537814,0.8578431372549018,0.8914285714285713,0.76,0.5,0.75,0.67,0.657894736842,0.986842105263,0.822368421053,0.74,0.99,0.865,1.0,1.0,1.0,1.0,1.0,1.0,1.0,1.0,1.0,1.0,0.571428571429,0.4,0.666666666667,0.546031746032,0.7,1.16666666667,0.933333333333,0.828571428571,1.09523809524,0.961904761905,0.428571428571,0.6,0.333333333333,0.453968253968,1.4,0.777777777778,1.08888888889,1.17142857143,0.904761904762,1.0380952381,0.0,0.0,0.0,1.0,1.0,1.0,1.0,1.0,1.0,1.0,0.6470588235294118,0.25,0.5,0.4656862745098039,0.38636363636363635,0.7727272727272727,0.5795454545454546,0.6029411764705882,0.8529411764705882,0.7279411764705882,0.0,0.0,0.0,1.0,1.0,1.0,1.0,1.0,1.0,1.0
Feldman-SVM-accuracy,lambda=0.8,0.641025641026,0.565217391304,0.75,0.657608695652,0.312678686417,0.6923076923076923,0.6490384615384616,0.8518518518518519,0.555555555556,1.0,0.75,0.768518518519,1.8,1.35,1.575,1.44444444444,1.19444444444,1.31944444444,0.529411764706,1.0,0.6,0.709803921569,1.88888888889,1.13333333333,1.51111111111,1.47058823529,1.07058823529,1.27058823529,0.6,1.0,1.0,0.866666666667,1.66666666667,1.66666666667,1.66666666667,1.4,1.4,1.4,0.4,0.0,0.0,0.133333333333,0.0,0.0,1.0,0.6,0.6,0.6,0.470588235294,0.0,0.4,0.290196078431,0.0,0.85,0.425,0.529411764706,0.929411764706,0.729411764706,0.6923076923076923,1.0,1.0,0.8974358974358975,1.4444444444444444,1.4444444444444444,1.4444444444444444,1.3076923076923077,1.3076923076923077,1.3076923076923077,0.5714285714285714,0.0,0.4,0.3238095238095238,0.0,0.7000000000000001,0.35000000000000003,0.4285714285714286,0.8285714285714286,0.6285714285714286
Feldman-SVM-accuracy,lambda=0.65,0.615384615385,0.5,0.736842105263,0.618421052632,0.243332131696,0.5227272727272727,0.4978354978354978,0.7717391304347826,0.782608695652,0.333333333333,0.428571428571,0.514837819186,0.425925925926,0.547619047619,0.486772486772,0.550724637681,0.645962732919,0.5983436853,0.75,0.0,0.2,0.316666666667,0.0,0.266666666667,0.133333333333,0.25,0.45,0.35,0.818181818182,0.5,1.0,0.772727272727,0.611111111111,1.22222222222,0.916666666667,0.681818181818,1.18181818182,0.931818181818,0.181818181818,0.5,0.0,0.227272727273,2.75,0.0,1.375,1.31818181818,0.818181818182,1.06818181818,0.25,1.0,0.8,0.683333333333,4.0,3.2,3.6,1.75,1.55,1.65,0.8181818181818182,0.0,1.0,0.6060606060606061,0.0,1.222222222222222,0.611111111111111,0.18181818181818177,1.1818181818181817,0.6818181818181817,0.25,0.5,0.6666666666666666,0.47222222222222215,2.0,2.6666666666666665,2.333333333333333,1.25,1.4166666666666665,1.3333333333333333
Feldman-SVM-accuracy,lambda=0.6,0.564102564103,0.375,0.866666666667,0.620833333333,0.261271864182,0.75,0.73125,0.9230769230769231,0.538461538462,0.8,0.5,0.612820512821,1.48571428571,0.928571428571,1.20714285714,1.26153846154,0.961538461538,1.11153846154,0.388888888889,0.0,0.333333333333,0.240740740741,0.0,0.857142857143,0.428571428571,0.611111111111,0.944444444444,0.777777777778,0.875,1.0,1.0,0.958333333333,1.14285714286,1.14285714286,1.14285714286,1.125,1.125,1.125,0.125,0.0,0.0,0.0416666666667,0.0,0.0,1.0,0.875,0.875,0.875,0.611111111111,1.0,0.666666666667,0.759259259259,1.63636363636,1.09090909091,1.36363636364,1.38888888889,1.05555555556,1.22222222222,0.875,0.0,1.0,0.625,0.0,1.1428571428571428,0.5714285714285714,0.125,1.125,0.625,0.6111111111111112,0.0,0.6666666666666666,0.4259259259259259,0.0,1.0909090909090908,0.5454545454545454,0.38888888888888884,1.0555555555555554,0.7222222222222221
Feldman-SVM-accuracy,lambda=0.95,0.769230769231,0.7,0.842105263158,0.771052631579,0.546436399347,1.00625,0.9583333333333334,1.002717391304348,0.739130434783,0.7,1.0,0.813043478261,0.947058823529,1.35294117647,1.15,0.960869565217,1.26086956522,1.11086956522,0.642857142857,0.75,1.0,0.797619047619,1.16666666667,1.55555555556,1.36111111111,1.10714285714,1.35714285714,1.23214285714,0.888888888889,0.666666666667,1.0,0.851851851852,0.75,1.125,0.9375,0.777777777778,1.11111111111,0.944444444444,0.111111111111,0.333333333333,0.0,0.148148148148,3.0,0.0,1.5,1.22222222222,0.888888888889,1.05555555556,0.357142857143,0.25,0.0,0.202380952381,0.7,0.0,0.35,0.892857142857,0.642857142857,0.767857142857,0.9,0.6,1.0,0.8333333333333334,0.6666666666666666,1.1111111111111112,0.8888888888888888,0.7,1.1,0.9,0.38461538461538464,0.2,0.0,0.19487179487179487,0.52,0.0,0.26,0.8153846153846154,0.6153846153846154,0.7153846153846154
Feldman-SVM-accuracy,lambda=0.75,0.769230769231,0.555555555556,0.952380952381,0.753968253968,0.562703958763,0.5390625,0.5248015873015872,0.8396739130434783,0.695652173913,0.857142857143,0.888888888889,0.813894639982,1.23214285714,1.27777777778,1.25496031746,1.16149068323,1.19323671498,1.1773636991,0.533333333333,0.0,0.666666666667,0.4,0.0,1.25,0.625,0.466666666667,1.13333333333,0.8,1.0,1.0,1.0,1.0,1.0,1.0,1.0,1.0,1.0,1.0,0.0,0.0,0.0,1.0,1.0,1.0,1.0,1.0,1.0,1.0,0.466666666667,1.0,0.333333333333,0.6,2.14285714286,0.714285714286,1.42857142857,1.53333333333,0.866666666667,1.2,1.0,0.0,1.0,0.6666666666666666,0.0,1.0,0.5,0.0,1.0,0.5,0.4666666666666667,0.0,0.14285714285714285,0.2031746031746032,0.0,0.3061224489795918,0.1530612244897959,0.5333333333333333,0.6761904761904762,0.6047619047619048
Feldman-SVM-accuracy,lambda=0.75,0.74358974359,1.0,0.583333333333,0.791666666667,0.59160797831,1.0168067226890758,1.0833333333333333,1.0106951871657754,0.863636363636,0.5,0.636363636364,0.666666666667,0.578947368421,0.736842105263,0.657894736842,0.636363636364,0.772727272727,0.704545454545,1.0,1.0,1.0,1.0,1.0,1.0,1.0,1.0,1.0,1.0,0.727272727273,0.25,0.555555555556,0.510942760943,0.34375,0.763888888889,0.553819444444,0.522727272727,0.828282828283,0.675505050505,0.272727272727,0.75,0.444444444444,0.489057239057,2.75,1.62962962963,2.18981481481,1.47727272727,1.17171717172,1.32449494949,0.0,0.0,0.0,1.0,1.0,1.0,1.0,1.0,1.0,1.0,0.7857142857142857,0.4,0.3333333333333333,0.5063492063492063,0.5090909090909091,0.42424242424242425,0.4666666666666667,0.6142857142857143,0.5476190476190477,0.580952380952381,0.0,0.0,0.0,1.0,1.0,1.0,1.0,1.0,1.0,1.0
Feldman-SVM-accuracy,lambda=0.75,0.717948717949,0.47619047619,1.0,0.738095238095,0.54366028222,0.5,0.48750000000000004,0.8333333333333334,0.666666666667,0.75,0.8,0.738888888889,1.125,1.2,1.1625,1.08333333333,1.13333333333,1.10833333333,0.5,0.333333333333,0.5,0.444444444444,0.666666666667,1.0,0.833333333333,0.833333333333,1.0,0.916666666667,1.0,1.0,1.0,1.0,1.0,1.0,1.0,1.0,1.0,1.0,0.0,0.0,0.0,1.0,1.0,1.0,1.0,1.0,1.0,1.0,0.5,0.666666666667,0.5,0.555555555556,1.33333333333,1.0,1.16666666667,1.16666666667,1.0,1.08333333333,1.0,1.0,1.0,1.0,1.0,1.0,1.0,1.0,1.0,1.0,0.5,0.2857142857142857,0.25,0.3452380952380952,0.5714285714285714,0.5,0.5357142857142857,0.7857142857142857,0.75,0.7678571428571428
Feldman-SVM-accuracy,lambda=0.7,0.74358974359,0.55,0.947368421053,0.748684210526,0.538638634845,0.6666666666666666,0.75,0.8888888888888888,0.7,0.833333333333,1.0,0.844444444444,1.19047619048,1.42857142857,1.30952380952,1.13333333333,1.3,1.21666666667,0.526315789474,0.0,1.0,0.508771929825,0.0,1.9,0.95,0.473684210526,1.47368421053,0.973684210526,1.0,1.0,1.0,1.0,1.0,1.0,1.0,1.0,1.0,1.0,0.0,0.0,0.0,1.0,1.0,1.0,1.0,1.0,1.0,1.0,0.473684210526,1.0,0.0,0.491228070175,2.11111111111,0.0,1.05555555556,1.52631578947,0.526315789474,1.02631578947,1.0,0.0,1.0,0.6666666666666666,0.0,1.0,0.5,0.0,1.0,0.5,0.45,0.0,0.0,0.15,0.0,0.0,1.0,0.55,0.55,0.55
Feldman-SVM-accuracy,lambda=0.75,0.74358974359,0.944444444444,0.571428571429,0.757936507937,0.54554472559,0.761029411764706,0.7408963585434174,0.8233695652173914,0.782608695652,0.666666666667,0.714285714286,0.721187025535,0.851851851852,0.912698412698,0.882275132275,0.884057971014,0.931677018634,0.907867494824,0.928571428571,1.0,1.0,0.97619047619,1.07692307692,1.07692307692,1.07692307692,1.07142857143,1.07142857143,1.07142857143,0.555555555556,0.5,0.666666666667,0.574074074074,0.9,1.2,1.05,0.944444444444,1.11111111111,1.02777777778,0.444444444444,0.5,0.333333333333,0.425925925926,1.125,0.75,0.9375,1.05555555556,0.888888888889,0.972222222222,0.0714285714286,0.0,0.0,0.0238095238095,0.0,0.0,1.0,0.928571428571,0.928571428571,0.928571428571,0.7647058823529411,0.5,0.3333333333333333,0.5326797385620915,0.6538461538461539,0.4358974358974359,0.5448717948717949,0.7352941176470589,0.5686274509803921,0.6519607843137255,0.16666666666666666,0.0,0.0,0.05555555555555555,0.0,0.0,1.0,0.8333333333333334,0.8333333333333334,0.8333333333333334
Feldman-GaussianNB-DIavgall,lambda=0.9,0.846153846154,0.785714285714,0.88,0.832857142857,0.665714285714,0.9920634920634921,1.0416666666666665,0.9971428571428571,0.84,0.666666666667,1.0,0.835555555556,0.793650793651,1.19047619048,0.992063492063,0.826666666667,1.16,0.993333333333,0.727272727273,1.0,1.0,0.909090909091,1.375,1.375,1.375,1.27272727273,1.27272727273,1.27272727273,0.928571428571,0.6,1.0,0.842857142857,0.646153846154,1.07692307692,0.861538461538,0.671428571429,1.07142857143,0.871428571429,0.0714285714286,0.4,0.0,0.157142857143,5.6,0.0,2.8,1.32857142857,0.928571428571,1.12857142857,0.272727272727,0.0,0.0,0.0909090909091,0.0,0.0,1.0,0.727272727273,0.727272727273,0.727272727273,0.8888888888888888,0.3333333333333333,1.0,0.7407407407407408,0.375,1.125,0.75,0.4444444444444444,1.1111111111111112,0.7777777777777778,0.1875,0.0,0.0,0.0625,0.0,0.0,1.0,0.8125,0.8125,0.8125
Feldman-GaussianNB-DIavgall,lambda=1.0,0.923076923077,0.913043478261,0.9375,0.92527173913,0.843693352142,1.05,1.0125,1.0277777777777777,0.925925925926,0.75,1.0,0.891975308642,0.81,1.08,0.945,0.824074074074,1.07407407407,0.949074074074,0.882352941176,1.0,1.0,0.960784313725,1.13333333333,1.13333333333,1.13333333333,1.11764705882,1.11764705882,1.11764705882,1.0,0.666666666667,1.0,0.888888888889,0.666666666667,1.0,0.833333333333,0.666666666667,1.0,0.833333333333,0.0,0.333333333333,0.0,0.111111111111,0.0,1.0,0.5,1.33333333333,1.0,1.16666666667,0.117647058824,0.0,0.0,0.0392156862745,0.0,0.0,1.0,0.882352941176,0.882352941176,0.882352941176,1.0,0.5,1.0,0.8333333333333334,0.5,1.0,0.75,0.5,1.0,0.75,0.16666666666666666,0.0,0.0,0.05555555555555555,0.0,0.0,1.0,0.8333333333333334,0.8333333333333334,0.8333333333333334
Feldman-GaussianNB-DIavgall,lambda=0.95,0.794871794872,1.0,0.578947368421,0.789473684211,0.643065964413,0.9301470588235294,0.9341736694677871,0.9483695652173914,0.782608695652,0.666666666667,1.0,0.816425120773,0.851851851852,1.27777777778,1.06481481481,0.884057971014,1.21739130435,1.05072463768,1.0,1.0,1.0,1.0,1.0,1.0,1.0,1.0,1.0,1.0,0.545454545455,0.5,1.0,0.681818181818,0.916666666667,1.83333333333,1.375,0.954545454545,1.45454545455,1.20454545455,0.454545454545,0.5,0.0,0.318181818182,1.1,0.0,0.55,1.04545454545,0.545454545455,0.795454545455,0.0,0.0,0.0,1.0,1.0,1.0,1.0,1.0,1.0,1.0,0.7058823529411765,0.5,1.0,0.7352941176470589,0.7083333333333333,1.4166666666666665,1.0625,0.7941176470588235,1.2941176470588234,1.0441176470588234,0.0,0.0,0.0,1.0,1.0,1.0,1.0,1.0,1.0,1.0
Feldman-GaussianNB-DIavgall,lambda=0.95,0.897435897436,1.0,0.733333333333,0.866666666667,0.792824967172,0.9473684210526316,0.9236842105263159,0.9615384615384616,0.961538461538,0.4,1.0,0.787179487179,0.416,1.04,0.728,0.438461538462,1.03846153846,0.738461538462,1.0,0.0,1.0,0.666666666667,0.0,1.0,0.5,0.0,1.0,0.5,0.875,1.0,1.0,0.958333333333,1.14285714286,1.14285714286,1.14285714286,1.125,1.125,1.125,0.125,0.0,0.0,0.0416666666667,0.0,0.0,1.0,0.875,0.875,0.875,0.0,1.0,0.0,0.333333333333,0.0,1.0,0.5,2.0,1.0,1.5,0.9473684210526315,0.0,1.0,0.6491228070175438,0.0,1.0555555555555556,0.5277777777777778,0.052631578947368474,1.0526315789473686,0.5526315789473686,0.0,0.0,0.0,1.0,1.0,1.0,1.0,1.0,1.0,1.0
Feldman-GaussianNB-DIavgall,lambda=0.95,0.897435897436,1.0,0.789473684211,0.894736842105,0.811107105654,1.0267857142857142,0.9857142857142857,1.016304347826087,1.0,0.7,0.833333333333,0.844444444444,0.7,0.833333333333,0.766666666667,0.7,0.833333333333,0.766666666667,1.0,1.0,1.0,1.0,1.0,1.0,1.0,1.0,1.0,1.0,1.0,0.5,0.75,0.75,0.5,0.75,0.625,0.5,0.75,0.625,0.0,0.5,0.25,0.25,0.0,0.0,1.0,1.5,1.25,1.375,0.0,0.0,0.0,1.0,1.0,1.0,1.0,1.0,1.0,1.0,1.0,0.5714285714285714,0.6666666666666666,0.746031746031746,0.5714285714285714,0.6666666666666666,0.6190476190476191,0.5714285714285714,0.6666666666666666,0.6190476190476191,0.0,0.0,0.0,1.0,1.0,1.0,1.0,1.0,1.0,1.0
Feldman-GaussianNB-DIavgall,lambda=0.9,0.769230769231,0.722222222222,0.809523809524,0.765873015873,0.534582030696,1.00625,1.003968253968254,1.002717391304348,0.782608695652,0.571428571429,0.888888888889,0.74764205199,0.730158730159,1.13580246914,0.932980599647,0.788819875776,1.10628019324,0.947550034507,0.666666666667,0.0,1.0,0.555555555556,0.0,1.5,0.75,0.333333333333,1.33333333333,0.833333333333,1.0,1.0,0.833333333333,0.944444444444,1.0,0.833333333333,0.916666666667,1.0,0.833333333333,0.916666666667,0.0,0.0,0.166666666667,0.0555555555556,1.0,0.0,0.5,1.0,1.16666666667,1.08333333333,0.333333333333,1.0,0.0,0.444444444444,3.0,0.0,1.5,1.66666666667,0.666666666667,1.16666666667,1.0,0.0,0.75,0.5833333333333334,0.0,0.75,0.375,0.0,0.75,0.375,0.38461538461538464,0.0,0.0,0.12820512820512822,0.0,0.0,1.0,0.6153846153846154,0.6153846153846154,0.6153846153846154
Feldman-GaussianNB-DIavgall,lambda=1.0,0.871794871795,0.933333333333,0.833333333333,0.883333333333,0.748190055927,1.035294117647059,1.05,1.0160427807486632,0.954545454545,0.833333333333,0.727272727273,0.838383838384,0.873015873016,0.761904761905,0.81746031746,0.878787878788,0.772727272727,0.825757575758,0.909090909091,1.0,1.0,0.969696969697,1.1,1.1,1.1,1.09090909091,1.09090909091,1.09090909091,1.0,0.75,0.666666666667,0.805555555556,0.75,0.666666666667,0.708333333333,0.75,0.666666666667,0.708333333333,0.0,0.25,0.333333333333,0.194444444444,0.0,0.0,1.0,1.25,1.33333333333,1.29166666667,0.0909090909091,0.0,0.0,0.030303030303,0.0,0.0,1.0,0.909090909091,0.909090909091,0.909090909091,1.0,0.6666666666666666,0.4,0.6888888888888888,0.6666666666666666,0.4,0.5333333333333333,0.6666666666666666,0.4,0.5333333333333333,0.08333333333333333,0.0,0.0,0.027777777777777776,0.0,0.0,1.0,0.9166666666666666,0.9166666666666666,0.9166666666666666
Feldman-GaussianNB-DIavgall,lambda=1.0,0.846153846154,0.761904761905,0.944444444444,0.853174603175,0.710116428834,1.037037037037037,1.05,1.0158730158730158,0.761904761905,0.875,1.0,0.878968253968,1.1484375,1.3125,1.23046875,1.1130952381,1.2380952381,1.1755952381,0.642857142857,1.0,1.0,0.880952380952,1.55555555556,1.55555555556,1.55555555556,1.35714285714,1.35714285714,1.35714285714,1.0,0.8,1.0,0.933333333333,0.8,1.0,0.9,0.8,1.0,0.9,0.0,0.2,0.0,0.0666666666667,0.0,1.0,0.5,1.2,1.0,1.1,0.357142857143,0.0,0.0,0.119047619048,0.0,0.0,1.0,0.642857142857,0.642857142857,0.642857142857,1.0,0.75,1.0,0.9166666666666666,0.75,1.0,0.875,0.75,1.0,0.875,0.4166666666666667,0.0,0.0,0.1388888888888889,0.0,0.0,1.0,0.5833333333333333,0.5833333333333333,0.5833333333333333
Feldman-GaussianNB-DIavgall,lambda=0.95,0.897435897436,1.0,0.789473684211,0.894736842105,0.811107105654,0.6666666666666666,0.75,0.7777777777777778,0.966666666667,0.666666666667,0.666666666667,0.766666666667,0.689655172414,0.689655172414,0.689655172414,0.7,0.7,0.7,1.0,0.0,1.0,0.666666666667,0.0,1.0,0.5,0.0,1.0,0.5,0.909090909091,1.0,0.5,0.80303030303,1.1,0.55,0.825,1.09090909091,0.590909090909,0.840909090909,0.0909090909091,0.0,0.5,0.19696969697,0.0,5.5,2.75,0.909090909091,1.40909090909,1.15909090909,0.0,1.0,0.0,0.333333333333,0.0,1.0,0.5,2.0,1.0,1.5,0.95,0.0,0.5,0.48333333333333334,0.0,0.5263157894736842,0.2631578947368421,0.050000000000000044,0.55,0.30000000000000004,0.0,0.0,0.0,1.0,1.0,1.0,1.0,1.0,1.0,1.0
Feldman-GaussianNB-DIavgall,lambda=1.0,0.794871794872,0.888888888889,0.714285714286,0.801587301587,0.606391557207,0.9951923076923078,0.996947496947497,0.9972826086956522,0.869565217391,0.777777777778,0.571428571429,0.739590522199,0.894444444444,0.657142857143,0.775793650794,0.908212560386,0.701863354037,0.805037957212,0.857142857143,1.0,1.0,0.952380952381,1.16666666667,1.16666666667,1.16666666667,1.14285714286,1.14285714286,1.14285714286,0.888888888889,0.666666666667,0.5,0.685185185185,0.75,0.5625,0.65625,0.777777777778,0.611111111111,0.694444444444,0.111111111111,0.333333333333,0.5,0.314814814815,3.0,4.5,3.75,1.22222222222,1.38888888889,1.30555555556,0.142857142857,0.0,0.0,0.047619047619,0.0,0.0,1.0,0.857142857143,0.857142857143,0.857142857143,0.9230769230769231,0.6,0.25,0.591025641025641,0.6499999999999999,0.2708333333333333,0.4604166666666666,0.6769230769230768,0.32692307692307687,0.5019230769230769,0.2,0.0,0.0,0.06666666666666667,0.0,0.0,1.0,0.8,0.8,0.8
Feldman-GaussianNB-accuracy,lambda=0.85,0.871794871795,0.857142857143,0.88,0.868571428571,0.726832659067,0.8928571428571428,0.9375,0.9571428571428571,0.88,0.666666666667,1.0,0.848888888889,0.757575757576,1.13636363636,0.94696969697,0.786666666667,1.12,0.953333333333,0.818181818182,1.0,1.0,0.939393939394,1.22222222222,1.22222222222,1.22222222222,1.18181818182,1.18181818182,1.18181818182,0.928571428571,0.6,1.0,0.842857142857,0.646153846154,1.07692307692,0.861538461538,0.671428571429,1.07142857143,0.871428571429,0.0714285714286,0.4,0.0,0.157142857143,5.6,0.0,2.8,1.32857142857,0.928571428571,1.12857142857,0.181818181818,0.0,0.0,0.0606060606061,0.0,0.0,1.0,0.818181818182,0.818181818182,0.818181818182,0.9,0.3333333333333333,1.0,0.7444444444444445,0.37037037037037035,1.1111111111111112,0.7407407407407407,0.43333333333333335,1.1,0.7666666666666667,0.13333333333333333,0.0,0.0,0.044444444444444446,0.0,0.0,1.0,0.8666666666666667,0.8666666666666667,0.8666666666666667
Feldman-GaussianNB-accuracy,lambda=0.95,0.923076923077,0.913043478261,0.9375,0.92527173913,0.843693352142,1.05,1.0125,1.0277777777777777,0.925925925926,0.75,1.0,0.891975308642,0.81,1.08,0.945,0.824074074074,1.07407407407,0.949074074074,0.882352941176,1.0,1.0,0.960784313725,1.13333333333,1.13333333333,1.13333333333,1.11764705882,1.11764705882,1.11764705882,1.0,0.666666666667,1.0,0.888888888889,0.666666666667,1.0,0.833333333333,0.666666666667,1.0,0.833333333333,0.0,0.333333333333,0.0,0.111111111111,0.0,1.0,0.5,1.33333333333,1.0,1.16666666667,0.117647058824,0.0,0.0,0.0392156862745,0.0,0.0,1.0,0.882352941176,0.882352941176,0.882352941176,1.0,0.5,1.0,0.8333333333333334,0.5,1.0,0.75,0.5,1.0,0.75,0.16666666666666666,0.0,0.0,0.05555555555555555,0.0,0.0,1.0,0.8333333333333334,0.8333333333333334,0.8333333333333334
Feldman-GaussianNB-accuracy,lambda=0.8,0.794871794872,1.0,0.578947368421,0.789473684211,0.643065964413,0.9301470588235294,0.9341736694677871,0.9483695652173914,0.782608695652,0.666666666667,1.0,0.816425120773,0.851851851852,1.27777777778,1.06481481481,0.884057971014,1.21739130435,1.05072463768,1.0,1.0,1.0,1.0,1.0,1.0,1.0,1.0,1.0,1.0,0.545454545455,0.5,1.0,0.681818181818,0.916666666667,1.83333333333,1.375,0.954545454545,1.45454545455,1.20454545455,0.454545454545,0.5,0.0,0.318181818182,1.1,0.0,0.55,1.04545454545,0.545454545455,0.795454545455,0.0,0.0,0.0,1.0,1.0,1.0,1.0,1.0,1.0,1.0,0.7058823529411765,0.5,1.0,0.7352941176470589,0.7083333333333333,1.4166666666666665,1.0625,0.7941176470588235,1.2941176470588234,1.0441176470588234,0.0,0.0,0.0,1.0,1.0,1.0,1.0,1.0,1.0,1.0
Feldman-GaussianNB-accuracy,lambda=0.9,0.897435897436,1.0,0.733333333333,0.866666666667,0.792824967172,0.9473684210526316,0.9236842105263159,0.9615384615384616,0.961538461538,0.4,1.0,0.787179487179,0.416,1.04,0.728,0.438461538462,1.03846153846,0.738461538462,1.0,0.0,1.0,0.666666666667,0.0,1.0,0.5,0.0,1.0,0.5,0.875,1.0,1.0,0.958333333333,1.14285714286,1.14285714286,1.14285714286,1.125,1.125,1.125,0.125,0.0,0.0,0.0416666666667,0.0,0.0,1.0,0.875,0.875,0.875,0.0,1.0,0.0,0.333333333333,0.0,1.0,0.5,2.0,1.0,1.5,0.9473684210526315,0.0,1.0,0.6491228070175438,0.0,1.0555555555555556,0.5277777777777778,0.052631578947368474,1.0526315789473686,0.5526315789473686,0.0,0.0,0.0,1.0,1.0,1.0,1.0,1.0,1.0,1.0
Feldman-GaussianNB-accuracy,lambda=0.9,0.871794871795,1.0,0.736842105263,0.868421052632,0.76777189595,0.9583333333333334,0.9199999999999999,0.9728260869565217,0.95652173913,0.7,0.833333333333,0.829951690821,0.731818181818,0.871212121212,0.801515151515,0.74347826087,0.876811594203,0.810144927536,1.0,1.0,1.0,1.0,1.0,1.0,1.0,1.0,1.0,1.0,0.888888888889,0.5,0.75,0.712962962963,0.5625,0.84375,0.703125,0.611111111111,0.861111111111,0.736111111111,0.111111111111,0.5,0.25,0.287037037037,4.5,2.25,3.375,1.38888888889,1.13888888889,1.26388888889,0.0,0.0,0.0,1.0,1.0,1.0,1.0,1.0,1.0,1.0,0.9333333333333333,0.5714285714285714,0.6666666666666666,0.7238095238095238,0.6122448979591836,0.7142857142857142,0.6632653061224489,0.638095238095238,0.7333333333333333,0.6857142857142857,0.0,0.0,0.0,1.0,1.0,1.0,1.0,1.0,1.0,1.0
Feldman-GaussianNB-accuracy,lambda=0.8,0.820512820513,0.833333333333,0.809523809524,0.821428571429,0.641163181697,0.8385416666666667,0.8366402116402116,0.9157608695652174,0.869565217391,0.571428571429,0.888888888889,0.776627559236,0.657142857143,1.02222222222,0.839682539683,0.701863354037,1.0193236715,0.860593512767,0.8,0.0,1.0,0.6,0.0,1.25,0.625,0.2,1.2,0.7,1.0,1.0,0.833333333333,0.944444444444,1.0,0.833333333333,0.916666666667,1.0,0.833333333333,0.916666666667,0.0,0.0,0.166666666667,0.0555555555556,1.0,0.0,0.5,1.0,1.16666666667,1.08333333333,0.2,1.0,0.0,0.4,5.0,0.0,2.5,1.8,0.8,1.3,1.0,0.0,0.75,0.5833333333333334,0.0,0.75,0.375,0.0,0.75,0.375,0.2727272727272727,0.0,0.0,0.0909090909090909,0.0,0.0,1.0,0.7272727272727273,0.7272727272727273,0.7272727272727273
Feldman-GaussianNB-accuracy,lambda=0.9,0.897435897436,0.933333333333,0.875,0.904166666667,0.793059802453,0.9058823529411765,0.9500000000000001,0.9572192513368984,0.954545454545,0.833333333333,0.818181818182,0.868686868687,0.873015873016,0.857142857143,0.865079365079,0.878787878788,0.863636363636,0.871212121212,0.909090909091,1.0,1.0,0.969696969697,1.1,1.1,1.1,1.09090909091,1.09090909091,1.09090909091,1.0,0.75,0.777777777778,0.842592592593,0.75,0.777777777778,0.763888888889,0.75,0.777777777778,0.763888888889,0.0,0.25,0.222222222222,0.157407407407,0.0,0.0,1.0,1.25,1.22222222222,1.23611111111,0.0909090909091,0.0,0.0,0.030303030303,0.0,0.0,1.0,0.909090909091,0.909090909091,0.909090909091,1.0,0.6666666666666666,0.5,0.7222222222222222,0.6666666666666666,0.5,0.5833333333333333,0.6666666666666666,0.5,0.5833333333333333,0.08333333333333333,0.0,0.0,0.027777777777777776,0.0,0.0,1.0,0.9166666666666666,0.9166666666666666,0.9166666666666666
Feldman-GaussianNB-accuracy,lambda=0.9,0.897435897436,0.857142857143,0.944444444444,0.900793650794,0.799475078412,0.8484848484848484,0.8590909090909091,0.9206349206349206,0.857142857143,0.875,1.0,0.910714285714,1.02083333333,1.16666666667,1.09375,1.01785714286,1.14285714286,1.08035714286,0.785714285714,1.0,1.0,0.928571428571,1.27272727273,1.27272727273,1.27272727273,1.21428571429,1.21428571429,1.21428571429,1.0,0.8,1.0,0.933333333333,0.8,1.0,0.9,0.8,1.0,0.9,0.0,0.2,0.0,0.0666666666667,0.0,1.0,0.5,1.2,1.0,1.1,0.214285714286,0.0,0.0,0.0714285714286,0.0,0.0,1.0,0.785714285714,0.785714285714,0.785714285714,1.0,0.75,1.0,0.9166666666666666,0.75,1.0,0.875,0.75,1.0,0.875,0.3,0.0,0.0,0.09999999999999999,0.0,0.0,1.0,0.7,0.7,0.7
Feldman-GaussianNB-accuracy,lambda=0.9,0.923076923077,1.0,0.842105263158,0.921052631579,0.855725099681,0.5,0.5,0.6666666666666667,0.966666666667,0.666666666667,1.0,0.877777777778,0.689655172414,1.03448275862,0.862068965517,0.7,1.03333333333,0.866666666667,1.0,0.0,1.0,0.666666666667,0.0,1.0,0.5,0.0,1.0,0.5,0.909090909091,1.0,1.0,0.969696969697,1.1,1.1,1.1,1.09090909091,1.09090909091,1.09090909091,0.0909090909091,0.0,0.0,0.030303030303,0.0,0.0,1.0,0.909090909091,0.909090909091,0.909090909091,0.0,1.0,0.0,0.333333333333,0.0,1.0,0.5,2.0,1.0,1.5,0.95,0.0,1.0,0.65,0.0,1.0526315789473684,0.5263157894736842,0.050000000000000044,1.05,0.55,0.0,0.0,0.0,1.0,1.0,1.0,1.0,1.0,1.0,1.0
Feldman-GaussianNB-accuracy,lambda=0.85,0.846153846154,0.944444444444,0.761904761905,0.853174603175,0.710116428834,0.8214285714285714,0.8083900226757369,0.8913043478260869,0.913043478261,0.777777777778,0.714285714286,0.801702323441,0.851851851852,0.78231292517,0.817082388511,0.864734299517,0.801242236025,0.832988267771,0.928571428571,1.0,1.0,0.97619047619,1.07692307692,1.07692307692,1.07692307692,1.07142857143,1.07142857143,1.07142857143,0.888888888889,0.666666666667,0.666666666667,0.740740740741,0.75,0.75,0.75,0.777777777778,0.777777777778,0.777777777778,0.111111111111,0.333333333333,0.333333333333,0.259259259259,3.0,3.0,3.0,1.22222222222,1.22222222222,1.22222222222,0.0714285714286,0.0,0.0,0.0238095238095,0.0,0.0,1.0,0.928571428571,0.928571428571,0.928571428571,0.9285714285714286,0.6,0.3333333333333333,0.6206349206349205,0.6461538461538461,0.3589743589743589,0.5025641025641026,0.6714285714285714,0.40476190476190466,0.538095238095238,0.1111111111111111,0.0,0.0,0.037037037037037035,0.0,0.0,1.0,0.8888888888888888,0.8888888888888888,0.8888888888888888
