1,0,0,0,24,0,0,0,0,1,0,0,0,1,0,0,0,0,0,0,4870,0,1,0,0,0,0,1,0,0,0,3,1,0,0,0,1,0,0,4,0,0,1,0,1,0,1,0,0,0,1,0,2,1,0,0,0,2,0,1,1,0,1
0,0,1,0,36,0,1,0,0,0,0,1,0,0,0,0,0,0,0,0,9055,1,0,0,0,0,0,1,0,0,0,2,1,0,0,0,1,0,0,4,0,0,1,0,1,0,1,0,0,0,1,0,1,0,1,0,0,2,1,0,1,0,1
0,1,0,0,36,0,1,0,0,0,0,0,0,0,0,1,0,0,0,0,6948,0,1,0,0,0,0,1,0,0,0,2,1,0,0,0,1,0,0,2,0,0,0,1,1,0,1,0,0,0,0,1,1,0,0,1,0,1,1,0,1,0,1
0,0,1,0,12,0,1,0,0,0,1,0,0,0,0,0,0,0,0,0,3059,0,0,0,1,0,0,0,1,0,0,2,0,0,1,0,1,0,0,4,1,0,0,0,1,0,1,0,0,1,0,0,1,0,1,0,0,1,0,1,1,0,1
0,1,0,0,30,1,0,0,0,0,0,0,0,1,0,0,0,0,0,0,5234,0,1,0,0,0,0,0,0,1,0,4,0,0,0,1,1,0,0,2,0,0,0,1,1,0,1,0,0,1,0,0,2,0,0,1,0,1,0,1,1,0,1
0,1,0,0,12,0,1,0,0,0,1,0,0,0,0,0,0,0,0,0,1567,0,1,0,0,0,0,1,0,0,0,1,0,1,0,0,1,0,0,1,0,0,0,1,0,1,1,0,0,1,0,0,1,1,0,0,0,1,1,0,1,0,1
1,0,0,0,24,1,0,0,0,0,0,0,0,1,0,0,0,0,0,0,1199,0,1,0,0,0,1,0,0,0,0,4,1,0,0,0,1,0,0,4,0,0,0,1,1,0,1,0,0,1,0,0,2,0,1,0,0,1,0,1,1,0,1
1,0,0,0,15,0,1,0,0,0,0,0,0,1,0,0,0,0,0,0,1403,0,1,0,0,0,0,1,0,0,0,2,0,1,0,0,1,0,0,4,0,0,0,1,1,0,1,0,0,0,0,1,1,1,0,0,0,1,0,1,1,0,1
1,0,0,0,24,0,1,0,0,0,1,0,0,0,0,0,0,0,0,0,1282,0,0,0,0,1,0,1,0,0,0,4,0,1,0,0,1,0,0,2,0,0,0,1,1,0,1,0,0,1,0,0,1,0,1,0,0,1,0,1,1,0,1
0,0,1,0,24,1,0,0,0,0,1,0,0,0,0,0,0,0,0,0,2424,1,0,0,0,0,1,0,0,0,0,4,1,0,0,0,1,0,0,4,0,1,0,0,1,0,1,0,0,1,0,0,2,1,0,0,0,1,0,1,1,0,1
1,0,0,0,30,0,0,1,0,0,0,0,0,0,1,0,0,0,0,0,8072,1,0,0,0,0,0,0,0,0,1,2,1,0,0,0,1,0,0,3,0,0,0,1,0,1,0,1,0,1,0,0,3,1,0,0,0,1,0,1,1,0,1
0,1,0,0,24,0,1,0,0,0,0,0,0,0,0,1,0,0,0,0,12579,0,1,0,0,0,1,0,0,0,0,4,0,1,0,0,1,0,0,2,0,0,1,0,1,0,1,0,0,0,1,0,1,0,0,1,0,1,1,0,1,0,1
0,0,1,0,24,0,1,0,0,0,1,0,0,0,0,0,0,0,0,0,3430,0,0,1,0,0,1,0,0,0,0,3,1,0,0,0,1,0,0,2,0,0,0,1,1,0,1,0,0,1,0,0,1,1,0,0,0,2,1,0,1,0,1
0,0,1,0,9,1,0,0,0,0,0,0,0,1,0,0,0,0,0,0,2134,0,1,0,0,0,0,1,0,0,0,4,1,0,0,0,1,0,0,4,0,0,0,1,1,0,1,0,0,1,0,0,3,1,0,0,0,1,1,0,1,0,1
1,0,0,0,6,0,1,0,0,0,1,0,0,0,0,0,0,0,0,0,2647,0,0,1,0,0,0,1,0,0,0,2,1,0,0,0,1,0,0,3,1,0,0,0,1,0,1,0,0,0,0,1,1,1,0,0,0,2,0,1,1,0,1
1,0,0,0,10,1,0,0,0,0,0,0,0,1,0,0,0,0,0,0,2241,0,1,0,0,0,0,0,0,0,1,1,1,0,0,0,1,0,0,3,1,0,0,0,1,0,1,0,0,0,0,1,2,0,1,0,0,2,0,1,0,1,1
0,1,0,0,12,1,0,0,0,0,0,0,0,0,0,1,0,0,0,0,1804,0,0,0,0,1,0,0,0,0,1,3,1,0,0,0,1,0,0,4,0,1,0,0,1,0,1,0,0,1,0,0,1,1,0,0,0,1,0,1,1,0,1
0,0,1,0,10,1,0,0,0,0,0,0,1,0,0,0,0,0,0,0,2069,1,0,0,0,0,0,1,0,0,0,2,0,0,0,1,1,0,0,1,0,0,0,1,1,0,1,0,0,1,0,0,2,1,0,0,0,1,0,1,0,1,1
1,0,0,0,6,0,1,0,0,0,0,0,1,0,0,0,0,0,0,0,1374,0,1,0,0,0,0,1,0,0,0,1,1,0,0,0,1,0,0,2,1,0,0,0,1,0,0,1,0,1,0,0,1,0,1,0,0,1,1,0,1,0,1
0,0,1,0,6,0,0,1,0,0,1,0,0,0,0,0,0,0,0,0,426,0,1,0,0,0,1,0,0,0,0,4,0,0,0,1,1,0,0,4,0,0,0,1,1,0,1,0,0,1,0,0,1,0,1,0,0,1,0,1,1,0,1
1,0,0,0,60,0,0,0,0,1,0,0,0,0,1,0,0,0,0,0,6836,0,1,0,0,0,1,0,0,0,0,3,1,0,0,0,1,0,0,4,0,0,1,0,1,0,1,0,0,1,0,0,2,1,0,0,0,1,1,0,1,0,1
0,1,0,0,18,0,1,0,0,0,0,0,0,0,1,0,0,0,0,0,1913,0,0,0,1,0,0,0,0,0,1,3,0,0,0,1,1,0,0,3,1,0,0,0,1,0,0,1,0,1,0,0,1,1,0,0,0,1,1,0,1,0,1
1,0,0,0,24,0,1,0,0,0,0,0,1,0,0,0,0,0,0,0,4020,0,1,0,0,0,0,1,0,0,0,2,1,0,0,0,1,0,0,2,0,0,0,1,1,0,0,0,1,1,0,0,1,1,0,0,0,1,0,1,1,0,1
0,0,1,0,12,1,0,0,0,0,0,0,0,0,1,0,0,0,0,0,1264,1,0,0,0,0,1,0,0,0,0,4,1,0,0,0,1,0,0,4,0,0,1,0,1,0,1,0,0,0,0,1,1,0,1,0,0,1,0,1,1,0,1
0,0,0,1,18,0,1,0,0,0,1,0,0,0,0,0,0,0,0,0,2100,0,1,0,0,0,0,1,0,0,0,4,1,0,0,0,0,0,1,2,1,0,0,0,1,0,0,0,1,1,0,0,1,1,0,0,0,1,0,1,1,0,1
0,1,0,0,9,0,1,0,0,0,1,0,0,0,0,0,0,0,0,0,458,0,1,0,0,0,0,1,0,0,0,4,1,0,0,0,1,0,0,3,1,0,0,0,0,1,1,0,0,1,0,0,1,1,0,0,0,1,0,1,1,0,1
0,0,1,0,30,0,1,0,0,0,1,0,0,0,0,0,0,0,0,0,2333,0,0,1,0,0,1,0,0,0,0,4,1,0,0,0,1,0,0,2,0,0,0,1,1,0,0,1,0,1,0,0,1,0,0,1,0,1,0,1,1,0,1
0,1,0,0,12,0,1,0,0,0,1,0,0,0,0,0,0,0,0,0,1158,0,0,1,0,0,0,1,0,0,0,3,0,0,1,0,1,0,0,1,0,0,0,1,1,0,1,0,0,1,0,0,1,1,0,0,0,1,1,0,1,0,1
0,1,0,0,18,0,0,0,0,1,0,0,0,0,0,0,0,1,0,0,6204,0,1,0,0,0,0,1,0,0,0,2,1,0,0,0,1,0,0,4,1,0,0,0,1,0,1,0,0,1,0,0,1,0,1,0,0,2,1,0,1,0,1
0,0,1,0,11,1,0,0,0,0,0,0,0,1,0,0,0,0,0,0,1393,0,1,0,0,0,0,0,0,0,1,4,0,1,0,0,1,0,0,4,0,0,0,1,1,0,1,0,0,1,0,0,2,0,0,1,0,1,0,1,1,0,1
1,0,0,0,6,0,1,0,0,0,0,0,0,0,0,1,0,0,0,0,1352,0,0,1,0,0,0,0,0,1,0,1,0,1,0,0,1,0,0,2,0,1,0,0,0,1,1,0,0,0,0,1,1,0,0,0,1,1,1,0,1,0,1
0,0,1,0,11,1,0,0,0,0,0,0,0,1,0,0,0,0,0,0,7228,0,1,0,0,0,0,1,0,0,0,1,1,0,0,0,1,0,0,4,0,1,0,0,1,0,1,0,0,1,0,0,2,0,1,0,0,1,0,1,1,0,1
0,0,1,0,12,0,1,0,0,0,1,0,0,0,0,0,0,0,0,0,2073,0,0,0,0,1,0,1,0,0,0,4,0,1,0,0,0,0,1,2,1,0,0,0,1,0,1,0,0,1,0,0,1,1,0,0,0,1,0,1,1,0,1
0,1,0,0,24,0,0,0,0,1,0,0,1,0,0,0,0,0,0,0,2333,1,0,0,0,0,0,0,0,0,1,4,1,0,0,0,1,0,0,2,0,1,0,0,1,0,0,1,0,1,0,0,1,0,1,0,0,1,0,1,1,0,1
0,0,1,0,18,0,1,0,0,0,0,0,0,0,0,1,0,0,0,0,3378,1,0,0,0,0,0,1,0,0,0,2,1,0,0,0,1,0,0,1,0,1,0,0,1,0,1,0,0,1,0,0,1,1,0,0,0,1,1,0,1,0,1
0,0,1,0,6,0,0,0,1,0,0,0,0,1,0,0,0,0,0,0,783,1,0,0,0,0,0,1,0,0,0,1,1,0,0,0,0,1,0,2,1,0,0,0,1,0,0,0,1,1,0,0,1,0,1,0,0,2,0,1,1,0,1
0,1,0,0,12,0,1,0,0,0,1,0,0,0,0,0,0,0,0,0,6468,1,0,0,0,0,0,0,0,1,0,2,1,0,0,0,1,0,0,1,0,0,1,0,1,0,1,0,0,1,0,0,1,0,0,1,0,1,1,0,1,0,1
0,0,0,1,18,0,1,0,0,0,0,0,0,1,0,0,0,0,0,0,1961,0,1,0,0,0,1,0,0,0,0,3,0,1,0,0,1,0,0,2,0,0,0,1,0,1,1,0,0,1,0,0,1,0,0,1,0,1,0,1,1,0,1
1,0,0,0,36,1,0,0,0,0,0,0,1,0,0,0,0,0,0,0,6229,0,1,0,0,0,0,0,0,0,1,4,0,1,0,0,0,0,1,4,0,0,1,0,0,1,1,0,0,0,0,1,2,0,1,0,0,1,1,0,1,0,1
0,1,0,0,15,1,0,0,0,0,1,0,0,0,0,0,0,0,0,0,1537,1,0,0,0,0,1,0,0,0,0,4,1,0,0,0,0,1,0,4,1,0,0,0,1,0,1,0,0,1,0,0,2,1,0,0,0,1,1,0,1,0,1
0,1,0,0,36,0,0,1,0,0,0,0,0,0,1,0,0,0,0,0,1953,0,1,0,0,0,1,0,0,0,0,4,1,0,0,0,1,0,0,4,0,0,1,0,1,0,1,0,0,0,1,0,1,0,0,1,0,1,1,0,1,0,1
0,1,0,0,48,0,0,1,0,0,0,0,0,0,1,0,0,0,0,0,14421,0,1,0,0,0,0,1,0,0,0,2,1,0,0,0,1,0,0,2,0,0,0,1,0,1,1,0,0,1,0,0,1,1,0,0,0,1,1,0,1,0,1
0,0,1,0,24,0,1,0,0,0,1,0,0,0,0,0,0,0,0,0,3181,0,1,0,0,0,0,0,0,0,1,4,0,1,0,0,1,0,0,4,0,1,0,0,1,0,1,0,0,1,0,0,1,1,0,0,0,1,1,0,1,0,1
0,0,1,0,12,0,1,0,0,0,1,0,0,0,0,0,0,0,0,0,2171,0,1,0,0,0,0,0,0,0,1,2,0,1,0,0,1,0,0,2,0,0,0,1,1,0,0,1,0,1,0,0,1,1,0,0,0,1,0,1,1,0,1
0,1,0,0,12,0,1,0,0,0,0,0,0,1,0,0,0,0,0,0,1007,0,0,0,1,0,0,1,0,0,0,4,0,0,0,1,1,0,0,1,1,0,0,0,0,1,1,0,0,1,0,0,1,1,0,0,0,1,0,1,1,0,1
0,0,1,0,36,0,1,0,0,0,0,1,0,0,0,0,0,0,0,0,1819,0,1,0,0,0,0,1,0,0,0,4,1,0,0,0,1,0,0,4,0,0,1,0,1,0,0,0,1,0,1,0,1,1,0,0,0,1,1,0,1,0,1
1,0,0,0,8,1,0,0,0,0,0,0,0,0,0,0,0,0,1,0,1164,0,1,0,0,0,1,0,0,0,0,3,1,0,0,0,1,0,0,4,0,0,1,0,1,0,0,1,0,0,1,0,2,0,0,1,0,2,1,0,1,0,1
1,0,0,0,36,0,1,0,0,0,0,1,0,0,0,0,0,0,0,0,1977,1,0,0,0,0,1,0,0,0,0,4,1,0,0,0,1,0,0,4,0,0,1,0,1,0,1,0,0,1,0,0,1,0,0,1,0,1,1,0,1,0,1
1,0,0,0,42,0,1,0,0,0,1,0,0,0,0,0,0,0,0,0,3965,0,1,0,0,0,0,0,0,0,1,4,1,0,0,0,1,0,0,3,0,0,0,1,1,0,1,0,0,1,0,0,1,1,0,0,0,1,0,1,1,0,1
0,1,0,0,11,0,0,0,0,1,1,0,0,0,0,0,0,0,0,0,4771,0,1,0,0,0,0,0,1,0,0,2,1,0,0,0,1,0,0,4,0,1,0,0,1,0,1,0,0,1,0,0,1,1,0,0,0,1,0,1,1,0,1
0,0,1,0,54,0,0,1,0,0,0,0,0,0,0,1,0,0,0,0,9436,1,0,0,0,0,0,1,0,0,0,2,1,0,0,0,1,0,0,2,0,1,0,0,1,0,1,0,0,1,0,0,1,0,1,0,0,2,0,1,1,0,1
0,0,1,0,24,0,1,0,0,0,1,0,0,0,0,0,0,0,0,0,5943,1,0,0,0,0,0,0,0,0,1,1,0,1,0,0,1,0,0,1,0,0,0,1,1,0,1,0,0,1,0,0,2,1,0,0,0,1,1,0,1,0,1
0,0,1,0,15,0,1,0,0,0,1,0,0,0,0,0,0,0,0,0,1213,0,0,1,0,0,1,0,0,0,0,4,1,0,0,0,1,0,0,3,0,1,0,0,1,0,0,0,1,1,0,0,1,1,0,0,0,1,1,0,1,0,1
0,0,1,0,18,0,1,0,0,0,0,0,0,0,1,0,0,0,0,0,1568,0,0,0,0,1,0,1,0,0,0,3,0,1,0,0,1,0,0,4,0,1,0,0,0,1,1,0,0,0,0,1,1,0,1,0,0,1,0,1,1,0,1
1,0,0,0,24,0,1,0,0,0,0,0,0,0,0,0,0,0,1,0,1755,0,1,0,0,0,1,0,0,0,0,4,0,1,0,0,0,1,0,4,1,0,0,0,1,0,1,0,0,1,0,0,1,0,1,0,0,1,1,0,1,0,1
0,1,0,0,18,1,0,0,0,0,0,0,1,0,0,0,0,0,0,0,1295,0,1,0,0,0,0,0,0,0,1,4,0,1,0,0,1,0,0,1,0,1,0,0,1,0,1,0,0,1,0,0,2,1,0,0,0,1,0,1,1,0,1
1,0,0,0,18,0,1,0,0,0,0,0,0,1,0,0,0,0,0,0,2249,0,0,0,0,1,0,0,1,0,0,4,1,0,0,0,1,0,0,3,0,0,0,1,1,0,1,0,0,1,0,0,1,0,0,1,0,2,1,0,1,0,1
1,0,0,0,12,0,0,1,0,0,0,0,0,0,0,0,0,1,0,0,1108,0,1,0,0,0,0,0,1,0,0,4,1,0,0,0,1,0,0,3,1,0,0,0,1,0,1,0,0,1,0,0,2,1,0,0,0,1,0,1,1,0,1
0,0,1,0,12,1,0,0,0,0,1,0,0,0,0,0,0,0,0,0,618,0,1,0,0,0,1,0,0,0,0,4,1,0,0,0,1,0,0,4,1,0,0,0,1,0,1,0,0,1,0,0,1,1,0,0,0,1,0,1,1,0,1
1,0,0,0,12,1,0,0,0,0,0,0,0,0,0,1,0,0,0,0,1409,0,1,0,0,0,1,0,0,0,0,4,1,0,0,0,1,0,0,3,1,0,0,0,1,0,1,0,0,1,0,0,1,1,0,0,0,1,0,1,1,0,1
0,0,0,1,24,1,0,0,0,0,0,0,1,0,0,0,0,0,0,0,3617,1,0,0,0,0,1,0,0,0,0,4,1,0,0,0,0,0,1,4,0,0,1,0,0,1,1,0,0,0,0,1,2,1,0,0,0,1,0,1,1,0,1
0,1,0,0,12,0,1,0,0,0,0,0,0,1,0,0,0,0,0,0,1318,0,0,0,1,0,1,0,0,0,0,4,1,0,0,0,1,0,0,4,1,0,0,0,1,0,1,0,0,1,0,0,1,1,0,0,0,1,1,0,1,0,1
0,1,0,0,18,0,1,0,0,0,0,0,0,0,1,0,0,0,0,0,2622,0,0,0,0,1,0,1,0,0,0,4,1,0,0,0,1,0,0,4,0,0,0,1,1,0,1,0,0,1,0,0,1,1,0,0,0,1,0,1,1,0,1
0,1,0,0,36,1,0,0,0,0,1,0,0,0,0,0,0,0,0,0,2337,0,1,0,0,0,1,0,0,0,0,4,1,0,0,0,1,0,0,4,1,0,0,0,1,0,1,0,0,1,0,0,1,1,0,0,0,1,0,1,1,0,1
0,1,0,0,20,0,0,0,0,1,0,0,0,0,0,1,0,0,0,0,7057,1,0,0,0,0,0,0,1,0,0,3,1,0,0,0,1,0,0,4,0,1,0,0,1,0,0,1,0,0,0,1,2,0,0,1,0,2,1,0,1,0,1
0,1,0,0,9,1,0,0,0,0,0,0,1,0,0,0,0,0,0,0,1919,0,1,0,0,0,0,0,1,0,0,4,1,0,0,0,1,0,0,3,0,0,0,1,1,0,1,0,0,0,0,1,1,1,0,0,0,1,1,0,1,0,1
0,0,1,0,12,0,1,0,0,0,0,0,0,0,0,1,0,0,0,0,2445,1,0,0,0,0,0,0,0,0,1,2,0,0,0,1,1,0,0,4,0,0,0,1,1,0,1,0,0,0,0,1,1,1,0,0,0,1,1,0,1,0,1
0,1,0,0,24,1,0,0,0,0,0,0,0,0,0,0,0,0,1,0,11938,0,1,0,0,0,0,1,0,0,0,2,1,0,0,0,0,0,1,3,0,0,0,1,1,0,1,0,0,1,0,0,2,0,0,1,0,2,1,0,1,0,1
1,0,0,0,24,0,1,0,0,0,0,0,1,0,0,0,0,0,0,0,7721,1,0,0,0,0,0,0,0,0,1,1,0,1,0,0,1,0,0,2,0,1,0,0,1,0,1,0,0,1,0,0,1,1,0,0,0,1,1,0,0,1,1
0,1,0,0,14,0,1,0,0,0,0,0,0,0,1,0,0,0,0,0,1410,0,0,1,0,0,1,0,0,0,0,1,0,0,0,1,1,0,0,2,1,0,0,0,1,0,1,0,0,1,0,0,1,1,0,0,0,1,1,0,1,0,1
0,1,0,0,6,0,0,0,0,1,0,0,0,0,1,0,0,0,0,0,1449,0,0,0,0,1,1,0,0,0,0,1,0,0,1,0,1,0,0,2,0,0,0,1,1,0,0,1,0,1,0,0,2,1,0,0,0,2,0,1,1,0,1
0,0,0,1,15,0,1,0,0,0,0,1,0,0,0,0,0,0,0,0,392,0,1,0,0,0,0,0,0,0,1,4,0,1,0,0,1,0,0,4,0,1,0,0,0,1,1,0,0,0,0,1,1,1,0,0,0,1,1,0,1,0,1
0,1,0,0,18,0,1,0,0,0,0,0,0,1,0,0,0,0,0,0,6260,0,1,0,0,0,0,0,1,0,0,3,1,0,0,0,1,0,0,3,1,0,0,0,1,0,1,0,0,0,0,1,1,0,1,0,0,1,0,1,1,0,1
1,0,0,0,10,1,0,0,0,0,0,0,1,0,0,0,0,0,0,0,2132,1,0,0,0,0,0,0,0,0,1,2,0,1,0,0,0,0,1,3,1,0,0,0,1,0,1,0,0,0,0,1,2,1,0,0,0,1,0,1,0,1,1
1,0,0,0,33,1,0,0,0,0,0,0,1,0,0,0,0,0,0,0,4281,0,0,1,0,0,0,1,0,0,0,1,0,1,0,0,1,0,0,4,0,0,0,1,0,1,1,0,0,1,0,0,2,1,0,0,0,1,0,1,1,0,1
0,1,0,0,12,1,0,0,0,0,0,0,0,1,0,0,0,0,0,0,2366,0,0,1,0,0,0,0,1,0,0,3,0,0,1,0,1,0,0,3,0,0,0,1,1,0,1,0,0,1,0,0,1,0,0,1,0,1,1,0,1,0,1
1,0,0,0,21,0,1,0,0,0,1,0,0,0,0,0,0,0,0,0,1835,0,1,0,0,0,0,1,0,0,0,3,0,1,0,0,1,0,0,2,1,0,0,0,0,1,1,0,0,1,0,0,2,1,0,0,0,1,1,0,1,0,1
0,0,1,0,24,1,0,0,0,0,0,0,0,0,0,1,0,0,0,0,3868,0,1,0,0,0,1,0,0,0,0,4,0,1,0,0,1,0,0,2,0,0,0,1,1,0,1,0,0,0,0,1,2,0,0,1,0,1,1,0,1,0,1
0,0,1,0,12,0,1,0,0,0,0,0,1,0,0,0,0,0,0,0,1768,0,1,0,0,0,0,1,0,0,0,3,1,0,0,0,1,0,0,2,1,0,0,0,0,1,1,0,0,0,0,1,1,0,1,0,0,1,0,1,1,0,1
0,0,0,1,10,1,0,0,0,0,0,0,0,1,0,0,0,0,0,0,781,0,1,0,0,0,1,0,0,0,0,4,1,0,0,0,1,0,0,4,0,0,1,0,1,0,1,0,0,0,1,0,2,1,0,0,0,1,1,0,1,0,1
0,1,0,0,18,0,1,0,0,0,0,0,1,0,0,0,0,0,0,0,1924,1,0,0,0,0,0,0,0,0,1,4,0,1,0,0,1,0,0,3,1,0,0,0,1,0,1,0,0,0,0,1,1,1,0,0,0,1,0,1,1,0,1
1,0,0,0,12,0,1,0,0,0,1,0,0,0,0,0,0,0,0,0,701,0,1,0,0,0,0,1,0,0,0,4,0,0,0,1,1,0,0,2,1,0,0,0,1,0,1,0,0,1,0,0,1,0,1,0,0,1,0,1,1,0,1
0,1,0,0,12,1,0,0,0,0,0,0,0,0,0,1,0,0,0,0,1860,0,1,0,0,0,0,0,0,1,0,4,1,0,0,0,1,0,0,2,0,0,0,1,1,0,1,0,0,1,0,0,2,0,0,1,0,1,1,0,1,0,1
1,0,0,0,12,1,0,0,0,0,0,0,0,1,0,0,0,0,0,0,3499,0,1,0,0,0,0,1,0,0,0,3,0,1,0,0,0,0,1,2,1,0,0,0,1,0,1,0,0,1,0,0,2,1,0,0,0,1,0,1,1,0,1
0,0,1,0,18,0,1,0,0,0,0,0,1,0,0,0,0,0,0,0,1984,0,1,0,0,0,0,1,0,0,0,4,1,0,0,0,1,0,0,4,0,0,1,0,1,0,0,1,0,0,1,0,2,1,0,0,0,1,0,1,1,0,1
0,0,1,0,60,0,1,0,0,0,1,0,0,0,0,0,0,0,0,0,10144,0,0,0,0,1,0,0,1,0,0,2,0,1,0,0,1,0,0,4,1,0,0,0,0,1,1,0,0,1,0,0,1,1,0,0,0,1,1,0,1,0,1
0,0,1,0,27,0,0,0,0,1,0,0,0,0,0,1,0,0,0,0,8613,0,0,0,1,0,0,1,0,0,0,2,1,0,0,0,1,0,0,2,0,0,0,1,1,0,1,0,0,1,0,0,2,1,0,0,0,1,0,1,1,0,1
0,1,0,0,12,0,1,0,0,0,1,0,0,0,0,0,0,0,0,0,766,0,0,1,0,0,0,1,0,0,0,4,1,0,0,0,1,0,0,3,1,0,0,0,1,0,1,0,0,1,0,0,1,0,1,0,0,1,0,1,1,0,1
0,0,0,1,6,0,1,0,0,0,0,0,0,1,0,0,0,0,0,0,709,0,0,0,1,0,0,0,0,0,1,2,0,0,0,1,1,0,0,2,1,0,0,0,1,0,1,0,0,1,0,0,1,0,0,0,1,1,0,1,0,1,1
1,0,0,0,27,0,1,0,0,0,1,0,0,0,0,0,0,0,0,0,3416,0,1,0,0,0,0,1,0,0,0,3,1,0,0,0,1,0,0,2,0,0,0,1,1,0,1,0,0,1,0,0,1,0,0,1,0,1,0,1,1,0,1
1,0,0,0,18,0,1,0,0,0,0,0,1,0,0,0,0,0,0,0,2462,0,1,0,0,0,0,1,0,0,0,2,1,0,0,0,1,0,0,2,0,0,0,1,0,1,1,0,0,1,0,0,1,1,0,0,0,1,0,1,1,0,1
0,0,1,0,21,1,0,0,0,0,0,0,1,0,0,0,0,0,0,0,2288,0,1,0,0,0,0,0,0,0,1,4,0,1,0,0,1,0,0,4,0,1,0,0,0,1,1,0,0,1,0,0,1,1,0,0,0,1,1,0,1,0,1
0,1,0,0,48,0,0,0,1,0,0,0,0,0,1,0,0,0,0,0,3566,0,0,0,0,1,0,0,1,0,0,4,1,0,0,0,1,0,0,2,0,0,0,1,1,0,1,0,0,1,0,0,1,1,0,0,0,1,0,1,1,0,1
0,0,1,0,12,1,0,0,0,0,0,0,0,1,0,0,0,0,0,0,682,0,0,0,0,1,0,0,1,0,0,4,0,1,0,0,1,0,0,3,0,0,0,1,1,0,1,0,0,1,0,0,2,1,0,0,0,1,1,0,1,0,1
1,0,0,0,36,1,0,0,0,0,0,0,1,0,0,0,0,0,0,0,5371,0,1,0,0,0,0,1,0,0,0,3,1,0,0,0,0,1,0,2,0,1,0,0,1,0,1,0,0,1,0,0,2,1,0,0,0,1,0,1,1,0,1
0,0,1,0,18,1,0,0,0,0,1,0,0,0,0,0,0,0,0,0,1582,0,0,0,1,0,1,0,0,0,0,4,1,0,0,0,1,0,0,4,0,0,0,1,1,0,1,0,0,1,0,0,2,1,0,0,0,1,0,1,1,0,1
0,0,1,0,6,0,1,0,0,0,1,0,0,0,0,0,0,0,0,0,1346,0,0,0,0,1,1,0,0,0,0,2,1,0,0,0,1,0,0,4,0,0,1,0,1,0,0,1,0,0,1,0,1,1,0,0,0,2,1,0,1,0,1
0,1,0,0,24,1,0,0,0,0,0,0,0,0,0,1,0,0,0,0,7758,0,0,0,1,0,1,0,0,0,0,2,0,1,0,0,1,0,0,4,0,0,1,0,1,0,1,0,0,0,0,1,1,1,0,0,0,1,0,1,1,0,1
0,1,0,0,24,0,0,0,0,1,0,0,0,0,1,0,0,0,0,0,6967,0,0,0,0,1,0,0,1,0,0,4,1,0,0,0,1,0,0,4,0,0,0,1,1,0,1,0,0,0,0,1,1,0,0,1,0,1,1,0,1,0,1
1,0,0,0,9,1,0,0,0,0,0,0,0,0,0,0,0,1,0,0,1288,0,0,0,0,1,1,0,0,0,0,3,1,0,0,0,0,1,0,4,1,0,0,0,1,0,1,0,0,1,0,0,2,1,0,0,0,2,0,1,0,1,1
1,0,0,0,12,0,0,0,1,0,0,0,0,0,0,0,0,0,0,1,339,0,1,0,0,0,1,0,0,0,0,4,0,0,0,1,1,0,0,1,0,0,0,1,1,0,0,1,0,1,0,0,1,0,1,0,0,1,0,1,1,0,1
0,1,0,0,24,0,1,0,0,0,0,0,0,1,0,0,0,0,0,0,3512,0,0,0,0,1,0,0,1,0,0,2,1,0,0,0,1,0,0,3,0,0,0,1,1,0,0,1,0,1,0,0,2,1,0,0,0,1,1,0,1,0,1
0,0,1,0,24,1,0,0,0,0,1,0,0,0,0,0,0,0,0,0,2872,0,0,0,0,1,1,0,0,0,0,3,1,0,0,0,1,0,0,4,1,0,0,0,1,0,1,0,0,1,0,0,1,1,0,0,0,2,1,0,1,0,1
0,1,0,0,10,0,1,0,0,0,0,0,0,1,0,0,0,0,0,0,7308,0,1,0,0,0,0,0,0,1,0,2,1,0,0,0,1,0,0,4,0,0,1,0,1,0,0,1,0,0,1,0,1,0,0,1,0,1,1,0,1,0,1
0,0,1,0,6,0,1,0,0,0,0,0,1,0,0,0,0,0,0,0,2978,0,0,1,0,0,0,1,0,0,0,1,1,0,0,0,1,0,0,2,0,0,0,1,1,0,1,0,0,1,0,0,1,1,0,0,0,1,1,0,1,0,1
1,0,0,0,18,0,1,0,0,0,0,0,1,0,0,0,0,0,0,0,1131,0,1,0,0,0,0,0,0,1,0,4,0,1,0,0,1,0,0,2,0,0,0,1,1,0,1,0,0,1,0,0,1,1,0,0,0,1,0,1,1,0,1
0,1,0,0,11,0,1,0,0,0,0,0,1,0,0,0,0,0,0,0,1577,0,0,0,1,0,0,0,0,0,1,4,0,1,0,0,1,0,0,1,1,0,0,0,0,1,1,0,0,1,0,0,1,1,0,0,0,1,0,1,1,0,1
0,1,0,0,24,1,0,0,0,0,0,0,0,0,1,0,0,0,0,0,1935,0,1,0,0,0,1,0,0,0,0,4,0,0,1,0,1,0,0,4,1,0,0,0,1,0,1,0,0,1,0,0,2,1,0,0,0,1,1,0,1,0,1
1,0,0,0,15,0,0,1,0,0,0,0,0,1,0,0,0,0,0,0,950,0,1,0,0,0,1,0,0,0,0,4,1,0,0,0,1,0,0,3,0,0,0,1,1,0,1,0,0,0,0,1,2,1,0,0,0,2,0,1,1,0,1
1,0,0,0,21,0,0,0,0,1,0,1,0,0,0,0,0,0,0,0,3414,0,1,0,0,0,0,0,0,0,1,2,1,0,0,0,1,0,0,1,0,1,0,0,1,0,1,0,0,1,0,0,2,1,0,0,0,1,0,1,1,0,1
1,0,0,0,12,0,1,0,0,0,0,0,1,0,0,0,0,0,0,0,2577,0,1,0,0,0,0,1,0,0,0,2,0,0,1,0,1,0,0,1,0,0,0,1,1,0,1,0,0,1,0,0,1,1,0,0,0,1,0,1,1,0,1
1,0,0,0,6,1,0,0,0,0,1,0,0,0,0,0,0,0,0,0,338,0,0,1,0,0,1,0,0,0,0,4,1,0,0,0,1,0,0,4,0,0,0,1,1,0,1,0,0,1,0,0,2,1,0,0,0,1,0,1,1,0,1
1,0,0,0,21,1,0,0,0,0,0,0,0,1,0,0,0,0,0,0,571,0,1,0,0,0,1,0,0,0,0,4,1,0,0,0,1,0,0,4,1,0,0,0,1,0,1,0,0,1,0,0,2,1,0,0,0,1,0,1,1,0,1
0,0,1,0,36,0,0,0,0,1,0,0,0,0,1,0,0,0,0,0,9572,0,1,0,0,0,0,0,0,0,1,1,0,0,1,0,1,0,0,1,0,0,0,1,1,0,1,0,0,1,0,0,2,1,0,0,0,1,0,1,1,0,1
1,0,0,0,21,0,0,0,1,0,0,0,0,1,0,0,0,0,0,0,1647,1,0,0,0,0,0,1,0,0,0,4,1,0,0,0,1,0,0,2,0,1,0,0,1,0,1,0,0,1,0,0,2,0,1,0,0,2,0,1,1,0,1
0,0,1,0,24,1,0,0,0,0,0,0,1,0,0,0,0,0,0,0,3777,0,0,0,1,0,0,1,0,0,0,4,1,0,0,0,1,0,0,4,1,0,0,0,1,0,1,0,0,1,0,0,1,1,0,0,0,1,1,0,1,0,1
0,1,0,0,18,1,0,0,0,0,0,0,0,1,0,0,0,0,0,0,884,0,1,0,0,0,1,0,0,0,0,4,1,0,0,0,1,0,0,4,0,0,0,1,1,0,0,1,0,1,0,0,1,1,0,0,0,2,1,0,1,0,1
0,1,0,0,9,0,0,0,1,0,0,0,0,0,0,1,0,0,0,0,5129,0,1,0,0,0,1,0,0,0,0,2,0,1,0,0,1,0,0,4,0,0,1,0,1,0,0,1,0,0,1,0,1,0,0,1,0,2,1,0,1,0,1
0,1,0,0,16,1,0,0,0,0,0,0,0,1,0,0,0,0,0,0,1175,0,1,0,0,0,0,0,0,1,0,2,1,0,0,0,1,0,0,3,0,0,0,1,1,0,1,0,0,0,1,0,3,0,0,0,1,1,1,0,1,0,1
1,0,0,0,12,0,1,0,0,0,1,0,0,0,0,0,0,0,0,0,674,0,0,0,0,1,0,0,1,0,0,4,0,0,0,1,1,0,0,1,0,1,0,0,0,1,1,0,0,1,0,0,1,1,0,0,0,1,0,1,1,0,1
0,1,0,0,18,0,0,1,0,0,0,0,1,0,0,0,0,0,0,0,3244,0,1,0,0,0,0,1,0,0,0,1,0,1,0,0,1,0,0,4,0,0,0,1,1,0,0,1,0,1,0,0,2,1,0,0,0,1,1,0,1,0,1
0,1,0,0,48,0,0,1,0,0,0,0,0,0,1,0,0,0,0,0,3844,0,0,0,0,1,0,0,1,0,0,4,1,0,0,0,1,0,0,4,0,0,1,0,1,0,1,0,0,0,1,0,1,0,1,0,0,2,0,1,1,0,1
0,1,0,0,27,0,1,0,0,0,0,0,0,0,1,0,0,0,0,0,3915,0,1,0,0,0,0,1,0,0,0,4,1,0,0,0,1,0,0,2,0,0,0,1,1,0,1,0,0,1,0,0,1,1,0,0,0,2,1,0,1,0,1
0,1,0,0,45,0,1,0,0,0,1,0,0,0,0,0,0,0,0,0,3031,0,0,0,0,1,0,1,0,0,0,4,1,0,0,0,0,1,0,4,0,1,0,0,0,1,1,0,0,0,0,1,1,1,0,0,0,1,0,1,1,0,1
0,1,0,0,9,1,0,0,0,0,0,1,0,0,0,0,0,0,0,0,1501,0,1,0,0,0,1,0,0,0,0,2,0,1,0,0,1,0,0,3,0,0,0,1,1,0,1,0,0,1,0,0,2,0,0,1,0,1,1,0,1,0,1
0,0,1,0,6,1,0,0,0,0,1,0,0,0,0,0,0,0,0,0,1382,0,1,0,0,0,0,1,0,0,0,1,0,1,0,0,1,0,0,1,0,0,0,1,1,0,1,0,0,1,0,0,2,1,0,0,0,1,1,0,1,0,1
0,1,0,0,18,0,0,0,0,1,0,0,1,0,0,0,0,0,0,0,4297,0,1,0,0,0,1,0,0,0,0,4,0,0,1,0,1,0,0,3,0,0,1,0,1,0,1,0,0,1,0,0,1,0,0,1,0,1,1,0,1,0,1
0,0,1,0,9,1,0,0,0,0,0,1,0,0,0,0,0,0,0,0,936,0,0,1,0,0,1,0,0,0,0,4,1,0,0,0,1,0,0,2,0,0,0,1,1,0,1,0,0,1,0,0,2,1,0,0,0,1,1,0,1,0,1
0,0,1,0,27,0,0,0,0,1,0,0,0,0,1,0,0,0,0,0,5117,0,1,0,0,0,0,0,1,0,0,3,1,0,0,0,1,0,0,4,0,0,0,1,1,0,1,0,0,1,0,0,2,1,0,0,0,1,0,1,1,0,1
1,0,0,0,12,0,1,0,0,0,0,0,0,0,0,0,0,0,0,1,902,0,1,0,0,0,0,0,1,0,0,4,0,0,0,1,1,0,0,4,0,1,0,0,0,1,1,0,0,0,0,1,1,1,0,0,0,1,0,1,1,0,1
0,0,1,0,12,1,0,0,0,0,0,0,0,1,0,0,0,0,0,0,1495,0,1,0,0,0,1,0,0,0,0,4,1,0,0,0,1,0,0,1,1,0,0,0,1,0,1,0,0,1,0,0,2,0,1,0,0,2,0,1,1,0,1
1,0,0,0,30,1,0,0,0,0,0,0,0,0,0,1,0,0,0,0,10623,0,1,0,0,0,1,0,0,0,0,3,1,0,0,0,1,0,0,4,0,0,1,0,1,0,1,0,0,0,1,0,3,0,0,1,0,2,1,0,1,0,1
0,1,0,0,12,1,0,0,0,0,0,0,0,0,0,0,1,0,0,0,1424,0,1,0,0,0,0,0,1,0,0,4,1,0,0,0,1,0,0,3,0,1,0,0,1,0,1,0,0,1,0,0,1,1,0,0,0,1,0,1,1,0,1
1,0,0,0,24,0,1,0,0,0,0,0,0,0,1,0,0,0,0,0,6568,0,1,0,0,0,0,1,0,0,0,2,0,0,0,1,1,0,0,2,0,0,0,1,0,1,0,0,1,1,0,0,1,0,1,0,0,1,0,1,1,0,1
0,0,1,0,9,1,0,0,0,0,1,0,0,0,0,0,0,0,0,0,3074,1,0,0,0,0,0,1,0,0,0,1,1,0,0,0,1,0,0,2,1,0,0,0,1,0,1,0,0,1,0,0,2,1,0,0,0,2,0,1,1,0,1
1,0,0,0,27,0,0,1,0,0,0,0,0,0,1,0,0,0,0,0,5293,0,1,0,0,0,0,0,0,1,0,2,1,0,0,0,1,0,0,4,0,1,0,0,1,0,0,0,1,1,0,0,2,1,0,0,0,1,1,0,1,0,1
0,0,0,1,30,0,0,0,0,1,0,0,0,0,1,0,0,0,0,0,1908,0,1,0,0,0,1,0,0,0,0,4,1,0,0,0,1,0,0,4,1,0,0,0,1,0,1,0,0,1,0,0,1,0,0,1,0,1,1,0,1,0,1
0,0,1,0,36,1,0,0,0,0,1,0,0,0,0,0,0,0,0,0,3342,1,0,0,0,0,1,0,0,0,0,4,1,0,0,0,1,0,0,2,0,0,0,1,1,0,1,0,0,1,0,0,1,1,0,0,0,1,1,0,1,0,1
1,0,0,0,18,0,0,1,0,0,0,0,0,0,1,0,0,0,0,0,3104,0,1,0,0,0,0,0,1,0,0,3,1,0,0,0,1,0,0,1,0,1,0,0,1,0,0,1,0,1,0,0,1,1,0,0,0,1,1,0,1,0,1
0,0,0,1,36,0,1,0,0,0,1,0,0,0,0,0,0,0,0,0,3913,0,1,0,0,0,0,1,0,0,0,2,1,0,0,0,1,0,0,2,1,0,0,0,0,1,1,0,0,1,0,0,1,1,0,0,0,1,1,0,1,0,1
1,0,0,0,24,0,1,0,0,0,0,0,1,0,0,0,0,0,0,0,3021,0,1,0,0,0,0,1,0,0,0,2,0,0,1,0,1,0,0,2,1,0,0,0,0,1,1,0,0,0,0,1,1,0,1,0,0,1,0,1,1,0,1
0,0,1,0,10,0,1,0,0,0,0,0,0,1,0,0,0,0,0,0,1364,0,1,0,0,0,0,1,0,0,0,2,0,1,0,0,1,0,0,4,0,0,0,1,1,0,1,0,0,1,0,0,1,1,0,0,0,1,1,0,1,0,1
0,0,1,0,12,0,1,0,0,0,1,0,0,0,0,0,0,0,0,0,707,0,1,0,0,0,0,1,0,0,0,4,1,0,0,0,1,0,0,2,1,0,0,0,1,0,0,1,0,1,0,0,2,1,0,0,0,1,0,1,1,0,1
0,0,1,0,24,0,0,0,0,1,0,0,0,0,1,0,0,0,0,0,2978,1,0,0,0,0,0,1,0,0,0,4,1,0,0,0,1,0,0,4,1,0,0,0,1,0,1,0,0,1,0,0,2,1,0,0,0,2,1,0,1,0,1
0,0,1,0,15,0,1,0,0,0,0,0,0,0,0,1,0,0,0,0,4657,0,1,0,0,0,0,1,0,0,0,3,1,0,0,0,1,0,0,2,0,0,0,1,1,0,1,0,0,1,0,0,1,1,0,0,0,1,1,0,1,0,1
0,0,1,0,36,0,0,1,0,0,0,0,0,0,0,0,0,1,0,0,2613,0,1,0,0,0,0,1,0,0,0,4,1,0,0,0,1,0,0,2,0,0,0,1,1,0,1,0,0,1,0,0,2,1,0,0,0,1,0,1,1,0,1
0,1,0,0,48,0,1,0,0,0,1,0,0,0,0,0,0,0,0,0,10961,0,0,0,1,0,0,0,1,0,0,1,1,0,0,0,0,0,1,2,0,0,1,0,1,0,0,1,0,1,0,0,2,1,0,0,0,1,1,0,1,0,1
0,0,1,0,9,0,1,0,0,0,1,0,0,0,0,0,0,0,0,0,1478,0,1,0,0,0,0,0,1,0,0,4,1,0,0,0,1,0,0,2,0,0,0,1,0,1,1,0,0,1,0,0,1,1,0,0,0,1,0,1,1,0,1
1,0,0,0,24,0,1,0,0,0,0,0,1,0,0,0,0,0,0,0,3149,0,1,0,0,0,0,0,0,0,1,4,1,0,0,0,1,0,0,1,0,0,1,0,0,1,0,1,0,0,1,0,1,1,0,0,0,1,0,1,1,0,1
0,0,0,1,36,0,1,0,0,0,1,0,0,0,0,0,0,0,0,0,4210,0,1,0,0,0,0,1,0,0,0,4,1,0,0,0,1,0,0,2,0,0,0,1,1,0,1,0,0,1,0,0,1,1,0,0,0,1,0,1,1,0,1
0,1,0,0,18,0,1,0,0,0,1,0,0,0,0,0,0,0,0,0,866,0,1,0,0,0,0,1,0,0,0,4,0,0,0,1,0,1,0,2,1,0,0,0,0,1,1,0,0,1,0,0,1,0,1,0,0,1,0,1,1,0,1
0,0,1,0,4,1,0,0,0,0,1,0,0,0,0,0,0,0,0,0,1544,0,1,0,0,0,0,0,1,0,0,2,1,0,0,0,1,0,0,1,1,0,0,0,1,0,1,0,0,1,0,0,3,0,1,0,0,2,0,1,1,0,1
0,1,0,0,6,0,1,0,0,0,0,0,0,1,0,0,0,0,0,0,14555,1,0,0,0,0,0,0,0,1,0,1,1,0,0,0,1,0,0,2,0,1,0,0,0,1,1,0,0,1,0,0,1,0,0,0,1,1,1,0,1,0,1
0,1,0,0,21,0,1,0,0,0,0,0,0,0,1,0,0,0,0,0,2767,0,0,0,0,1,1,0,0,0,0,4,0,0,1,0,1,0,0,2,0,0,0,1,1,0,0,1,0,0,0,1,2,0,1,0,0,1,0,1,1,0,1
0,0,1,0,12,1,0,0,0,0,1,0,0,0,0,0,0,0,0,0,1291,0,1,0,0,0,0,1,0,0,0,4,0,1,0,0,1,0,0,2,0,1,0,0,1,0,1,0,0,1,0,0,2,1,0,0,0,1,0,1,1,0,1
1,0,0,0,30,0,1,0,0,0,1,0,0,0,0,0,0,0,0,0,2522,0,1,0,0,0,1,0,0,0,0,1,1,0,0,0,0,1,0,3,0,1,0,0,1,0,1,0,0,1,0,0,1,1,0,0,0,2,0,1,1,0,1
1,0,0,0,48,0,0,1,0,0,0,0,0,0,0,1,0,0,0,0,4605,0,1,0,0,0,1,0,0,0,0,3,1,0,0,0,1,0,0,4,0,0,1,0,0,1,1,0,0,0,1,0,2,1,0,0,0,2,0,1,1,0,1
0,0,1,0,12,1,0,0,0,0,0,0,0,0,1,0,0,0,0,0,1185,0,1,0,0,0,0,1,0,0,0,3,0,1,0,0,1,0,0,2,1,0,0,0,1,0,1,0,0,1,0,0,2,1,0,0,0,1,0,1,1,0,1
0,0,1,0,24,0,1,0,0,0,0,0,0,0,1,0,0,0,0,0,1258,0,1,0,0,0,0,0,1,0,0,4,1,0,0,0,1,0,0,1,1,0,0,0,0,1,1,0,0,1,0,0,1,1,0,0,0,1,1,0,1,0,1
0,0,1,0,12,1,0,0,0,0,1,0,0,0,0,0,0,0,0,0,717,0,1,0,0,0,1,0,0,0,0,4,1,0,0,0,1,0,0,4,1,0,0,0,1,0,1,0,0,1,0,0,3,1,0,0,0,1,0,1,1,0,1
0,0,1,0,6,0,0,1,0,0,0,0,0,1,0,0,0,0,0,0,1204,0,0,0,0,1,0,1,0,0,0,4,1,0,0,0,1,0,0,1,0,0,1,0,1,0,0,1,0,0,0,1,1,1,0,0,0,1,0,1,0,1,1
0,0,0,1,24,0,1,0,0,0,0,0,1,0,0,0,0,0,0,0,1925,0,1,0,0,0,0,1,0,0,0,2,1,0,0,0,1,0,0,2,1,0,0,0,1,0,1,0,0,1,0,0,1,1,0,0,0,1,0,1,1,0,1
0,0,1,0,18,0,1,0,0,0,1,0,0,0,0,0,0,0,0,0,433,0,1,0,0,0,0,0,0,1,0,3,0,1,0,0,0,0,1,4,1,0,0,0,0,1,1,0,0,0,0,1,1,1,0,0,0,1,0,1,1,0,1
1,0,0,0,6,1,0,0,0,0,0,0,0,1,0,0,0,0,0,0,666,0,0,0,1,0,0,0,1,0,0,3,0,1,0,0,1,0,0,4,1,0,0,0,1,0,1,0,0,1,0,0,2,0,1,0,0,1,1,0,1,0,1
0,1,0,0,30,0,1,0,0,0,0,0,0,1,0,0,0,0,0,0,2150,0,1,0,0,0,0,1,0,0,0,4,0,1,0,0,0,1,0,2,0,0,1,0,0,1,0,1,0,1,0,0,1,1,0,0,0,1,0,1,1,0,1
0,0,1,0,24,0,0,0,0,1,0,0,1,0,0,0,0,0,0,0,4151,0,0,0,0,1,0,1,0,0,0,2,1,0,0,0,1,0,0,3,0,1,0,0,1,0,1,0,0,1,0,0,2,1,0,0,0,1,0,1,1,0,1
0,1,0,0,9,0,1,0,0,0,0,0,1,0,0,0,0,0,0,0,2030,1,0,0,0,0,0,0,1,0,0,2,1,0,0,0,1,0,0,1,0,0,0,1,0,1,1,0,0,1,0,0,1,1,0,0,0,1,1,0,1,0,1
0,1,0,0,60,0,0,0,0,1,1,0,0,0,0,0,0,0,0,0,7418,1,0,0,0,0,0,1,0,0,0,1,1,0,0,0,1,0,0,1,1,0,0,0,1,0,1,0,0,1,0,0,1,0,1,0,0,1,0,1,1,0,1
0,0,1,0,24,1,0,0,0,0,1,0,0,0,0,0,0,0,0,0,2684,0,1,0,0,0,0,1,0,0,0,4,1,0,0,0,1,0,0,2,1,0,0,0,1,0,1,0,0,1,0,0,2,0,1,0,0,1,0,1,1,0,1
1,0,0,0,12,0,0,0,1,0,1,0,0,0,0,0,0,0,0,0,2149,0,1,0,0,0,0,1,0,0,0,4,0,0,1,0,1,0,0,1,0,0,1,0,1,0,1,0,0,0,1,0,1,1,0,0,0,1,0,1,1,0,1
0,0,1,0,15,0,1,0,0,0,0,0,0,0,0,1,0,0,0,0,3812,0,0,0,0,1,0,0,0,0,1,1,0,1,0,0,1,0,0,4,0,0,0,1,0,1,1,0,0,1,0,0,1,1,0,0,0,1,1,0,1,0,1
0,0,1,0,11,1,0,0,0,0,1,0,0,0,0,0,0,0,0,0,1154,0,0,0,0,1,0,0,0,1,0,4,0,1,0,0,1,0,0,4,1,0,0,0,1,0,1,0,0,1,0,0,3,0,1,0,0,1,0,1,1,0,1
1,0,0,0,12,0,1,0,0,0,0,0,1,0,0,0,0,0,0,0,1657,0,1,0,0,0,0,1,0,0,0,2,1,0,0,0,1,0,0,2,1,0,0,0,1,0,1,0,0,1,0,0,1,1,0,0,0,1,0,1,1,0,1
1,0,0,0,24,0,1,0,0,0,1,0,0,0,0,0,0,0,0,0,1603,0,1,0,0,0,1,0,0,0,0,4,0,1,0,0,1,0,0,4,0,0,0,1,1,0,1,0,0,1,0,0,1,1,0,0,0,1,0,1,1,0,1
1,0,0,0,18,1,0,0,0,0,0,0,0,1,0,0,0,0,0,0,5302,0,1,0,0,0,1,0,0,0,0,2,1,0,0,0,1,0,0,4,0,0,1,0,1,0,1,0,0,0,1,0,3,0,0,1,0,1,1,0,1,0,1
0,1,0,0,15,0,1,0,0,0,1,0,0,0,0,0,0,0,0,0,802,0,1,0,0,0,1,0,0,0,0,4,1,0,0,0,1,0,0,3,0,0,0,1,1,0,1,0,0,1,0,0,1,1,0,0,0,2,0,1,1,0,1
0,0,1,0,24,0,1,0,0,0,1,0,0,0,0,0,0,0,0,0,999,1,0,0,0,0,1,0,0,0,0,4,1,0,0,0,1,0,0,2,0,0,0,1,0,1,1,0,0,1,0,0,2,1,0,0,0,1,0,1,1,0,1
0,0,1,0,18,0,1,0,0,0,0,0,0,1,0,0,0,0,0,0,2662,1,0,0,0,0,0,0,1,0,0,4,1,0,0,0,1,0,0,3,0,1,0,0,1,0,1,0,0,1,0,0,1,1,0,0,0,1,0,1,0,1,1
0,1,0,0,48,0,0,0,1,0,0,0,0,1,0,0,0,0,0,0,12169,1,0,0,0,0,0,0,0,1,0,4,1,0,0,0,0,0,1,4,0,0,1,0,1,0,1,0,0,0,1,0,1,0,0,1,0,1,1,0,1,0,1
1,0,0,0,30,0,1,0,0,0,0,0,0,0,0,0,0,1,0,0,11998,0,1,0,0,0,0,0,0,0,1,1,0,0,1,0,1,0,0,1,0,0,1,0,1,0,1,0,0,1,0,0,1,0,1,0,0,1,1,0,1,0,1
0,0,1,0,9,0,1,0,0,0,1,0,0,0,0,0,0,0,0,0,2697,0,1,0,0,0,0,1,0,0,0,1,1,0,0,0,1,0,0,2,1,0,0,0,1,0,1,0,0,1,0,0,1,1,0,0,0,2,0,1,1,0,1
0,0,1,0,18,1,0,0,0,0,1,0,0,0,0,0,0,0,0,0,2404,0,1,0,0,0,0,1,0,0,0,2,0,1,0,0,1,0,0,2,0,0,0,1,1,0,1,0,0,1,0,0,2,1,0,0,0,1,0,1,1,0,1
1,0,0,0,12,0,1,0,0,0,0,0,1,0,0,0,0,0,0,0,1262,1,0,0,0,0,1,0,0,0,0,2,0,0,1,0,1,0,0,4,0,1,0,0,1,0,1,0,0,1,0,0,1,0,1,0,0,1,1,0,1,0,1
0,0,1,0,6,0,1,0,0,0,0,0,1,0,0,0,0,0,0,0,4611,0,1,0,0,0,0,0,0,0,1,1,0,1,0,0,1,0,0,4,0,1,0,0,1,0,1,0,0,1,0,0,1,1,0,0,0,1,0,1,1,0,1
0,0,1,0,24,0,1,0,0,0,1,0,0,0,0,0,0,0,0,0,1901,0,0,0,0,1,0,1,0,0,0,4,1,0,0,0,1,0,0,4,0,0,0,1,1,0,1,0,0,0,0,1,1,0,0,1,0,1,1,0,1,0,1
0,0,1,0,15,1,0,0,0,0,0,0,0,0,0,1,0,0,0,0,3368,0,0,0,1,0,1,0,0,0,0,3,1,0,0,0,1,0,0,4,0,0,1,0,0,1,1,0,0,0,0,1,2,1,0,0,0,1,1,0,1,0,1
0,0,1,0,12,0,1,0,0,0,0,0,1,0,0,0,0,0,0,0,1574,0,1,0,0,0,0,1,0,0,0,4,1,0,0,0,1,0,0,2,1,0,0,0,1,0,1,0,0,1,0,0,1,1,0,0,0,1,0,1,1,0,1
0,0,0,1,18,0,0,0,1,0,1,0,0,0,0,0,0,0,0,0,1445,1,0,0,0,0,0,0,1,0,0,4,1,0,0,0,1,0,0,4,0,0,0,1,1,0,0,1,0,1,0,0,1,0,1,0,0,1,0,1,1,0,1
1,0,0,0,47,0,1,0,0,0,0,0,0,1,0,0,0,0,0,0,10722,0,1,0,0,0,0,0,0,0,1,1,0,1,0,0,1,0,0,1,1,0,0,0,1,0,1,0,0,1,0,0,1,0,1,0,0,1,1,0,1,0,1
1,0,0,0,48,0,1,0,0,0,0,0,0,0,0,1,0,0,0,0,4788,0,1,0,0,0,0,0,1,0,0,4,1,0,0,0,1,0,0,3,0,1,0,0,1,0,1,0,0,1,0,0,1,1,0,0,0,2,0,1,1,0,1
0,1,0,0,48,0,0,0,0,1,0,0,0,0,0,0,0,0,1,0,7582,0,0,0,0,1,0,0,0,1,0,2,1,0,0,0,1,0,0,4,0,0,1,0,1,0,1,0,0,0,1,0,1,0,0,1,0,1,1,0,1,0,1
0,1,0,0,12,0,1,0,0,0,1,0,0,0,0,0,0,0,0,0,1092,0,1,0,0,0,0,1,0,0,0,4,0,1,0,0,0,1,0,4,1,0,0,0,1,0,1,0,0,1,0,0,2,1,0,0,0,1,1,0,1,0,1
0,1,0,0,36,0,1,0,0,0,0,0,0,0,0,1,0,0,0,0,9398,0,1,0,0,0,0,0,0,0,1,1,0,0,0,1,1,0,0,4,0,0,0,1,1,0,1,0,0,0,0,1,1,0,0,1,0,1,1,0,1,0,1
1,0,0,0,24,1,0,0,0,0,0,0,0,0,0,1,0,0,0,0,6419,0,1,0,0,0,1,0,0,0,0,2,0,1,0,0,1,0,0,4,0,0,1,0,1,0,1,0,0,0,1,0,2,0,0,1,0,2,1,0,1,0,1
0,0,1,0,48,1,0,0,0,0,0,0,0,0,1,0,0,0,0,0,7629,1,0,0,0,0,1,0,0,0,0,4,0,0,1,0,1,0,0,2,0,0,0,1,1,0,0,1,0,1,0,0,2,0,0,1,0,2,0,1,1,0,1
0,0,1,0,12,0,1,0,0,0,0,0,0,0,0,1,0,0,0,0,4675,1,0,0,0,0,0,0,0,0,1,1,0,1,0,0,1,0,0,4,0,0,0,1,0,1,1,0,0,0,0,1,1,1,0,0,0,1,0,1,1,0,1
0,1,0,0,21,1,0,0,0,0,0,0,1,0,0,0,0,0,0,0,2745,0,0,0,1,0,0,0,1,0,0,3,1,0,0,0,1,0,0,2,0,0,0,1,1,0,1,0,0,1,0,0,2,1,0,0,0,1,1,0,1,0,1
0,0,1,0,6,0,1,0,0,0,0,0,0,1,0,0,0,0,0,0,672,0,1,0,0,0,0,0,0,1,0,1,0,1,0,0,1,0,0,4,1,0,0,0,1,0,1,0,0,1,0,0,1,0,0,0,1,1,1,0,1,0,1
0,1,0,0,36,0,0,1,0,0,1,0,0,0,0,0,0,0,0,0,3804,0,1,0,0,0,0,1,0,0,0,4,0,1,0,0,1,0,0,1,0,0,0,1,1,0,1,0,0,1,0,0,1,1,0,0,0,1,1,0,1,0,1
0,0,0,1,24,1,0,0,0,0,0,0,0,1,0,0,0,0,0,0,1344,1,0,0,0,0,0,0,1,0,0,4,1,0,0,0,1,0,0,2,1,0,0,0,1,0,0,1,0,1,0,0,2,0,1,0,0,2,0,1,1,0,1
0,0,1,0,48,1,0,0,0,0,0,0,0,1,0,0,0,0,0,0,10127,0,0,1,0,0,0,1,0,0,0,2,1,0,0,0,1,0,0,2,0,0,1,0,1,0,0,1,0,0,1,0,1,1,0,0,0,1,0,1,1,0,1
0,0,1,0,6,0,1,0,0,0,0,0,1,0,0,0,0,0,0,0,1543,0,0,0,1,0,0,1,0,0,0,4,0,0,1,0,1,0,0,2,1,0,0,0,1,0,1,0,0,1,0,0,1,1,0,0,0,1,0,1,1,0,1
1,0,0,0,12,0,1,0,0,0,1,0,0,0,0,0,0,0,0,0,727,0,0,0,0,1,0,0,0,0,1,4,0,0,0,1,1,0,0,3,0,0,1,0,1,0,1,0,0,1,0,0,1,0,1,0,0,1,1,0,1,0,1
0,1,0,0,8,0,1,0,0,0,0,0,1,0,0,0,0,0,0,0,1237,0,1,0,0,0,0,1,0,0,0,3,0,1,0,0,1,0,0,4,1,0,0,0,0,1,1,0,0,1,0,0,1,1,0,0,0,1,0,1,1,0,1
0,1,0,0,48,0,1,0,0,0,0,0,0,0,0,0,0,0,1,0,5381,1,0,0,0,0,0,0,0,1,0,3,1,0,0,0,1,0,0,4,0,0,1,0,1,0,0,1,0,0,1,0,1,0,0,0,1,1,1,0,1,0,1
0,0,1,0,24,0,1,0,0,0,0,0,1,0,0,0,0,0,0,0,5511,0,0,0,0,1,0,1,0,0,0,4,1,0,0,0,1,0,0,1,0,0,0,1,0,1,0,0,1,1,0,0,1,1,0,0,0,1,0,1,1,0,1
0,0,0,1,24,0,1,0,0,0,0,0,1,0,0,0,0,0,0,0,3749,0,1,0,0,0,0,0,0,0,1,2,0,1,0,0,1,0,0,4,0,0,0,1,1,0,1,0,0,1,0,0,1,1,0,0,0,1,0,1,1,0,1
0,0,0,1,4,0,1,0,0,0,0,0,0,1,0,0,0,0,0,0,1494,1,0,0,0,0,0,0,0,0,1,1,1,0,0,0,1,0,0,2,1,0,0,0,1,0,1,0,0,1,0,0,1,0,1,0,0,2,0,1,0,1,1
0,1,0,0,24,0,1,0,0,0,0,0,1,0,0,0,0,0,0,0,4351,1,0,0,0,0,0,1,0,0,0,1,0,1,0,0,1,0,0,4,0,1,0,0,1,0,1,0,0,1,0,0,1,0,1,0,0,1,1,0,1,0,1
0,0,1,0,12,1,0,0,0,0,0,1,0,0,0,0,0,0,0,0,701,0,1,0,0,0,0,1,0,0,0,4,1,0,0,0,1,0,0,2,0,0,0,1,1,0,1,0,0,1,0,0,2,1,0,0,0,1,0,1,1,0,1
0,1,0,0,30,1,0,0,0,0,0,0,0,1,0,0,0,0,0,0,4249,0,1,0,0,0,0,0,0,1,0,4,0,0,0,1,1,0,0,2,0,0,0,1,1,0,1,0,0,1,0,0,2,0,0,1,0,1,0,1,1,0,1
1,0,0,0,18,0,1,0,0,0,0,0,1,0,0,0,0,0,0,0,2659,0,0,0,1,0,0,1,0,0,0,4,1,0,0,0,1,0,0,2,0,0,0,1,1,0,1,0,0,1,0,0,1,1,0,0,0,1,0,1,1,0,1
0,0,1,0,24,0,1,0,0,0,0,0,0,1,0,0,0,0,0,0,1525,0,0,0,1,0,0,0,1,0,0,4,0,1,0,0,1,0,0,3,0,0,0,1,1,0,1,0,0,1,0,0,1,1,0,0,0,2,1,0,1,0,1
0,1,0,0,6,0,1,0,0,0,1,0,0,0,0,0,0,0,0,0,1068,0,1,0,0,0,1,0,0,0,0,4,1,0,0,0,1,0,0,4,0,0,0,1,1,0,1,0,0,1,0,0,1,1,0,0,0,2,0,1,1,0,1
1,0,0,0,24,1,0,0,0,0,0,0,0,0,0,1,0,0,0,0,6615,0,1,0,0,0,0,0,0,1,0,2,1,0,0,0,1,0,0,4,0,0,1,0,1,0,1,0,0,0,1,0,2,0,0,1,0,1,1,0,1,0,1
0,1,0,0,60,0,1,0,0,0,0,0,0,1,0,0,0,0,0,0,7408,0,0,0,0,1,0,0,0,0,1,4,0,1,0,0,1,0,0,2,0,1,0,0,0,1,1,0,0,1,0,0,1,0,0,1,0,1,0,1,1,0,1
1,0,0,0,24,0,0,1,0,0,0,0,1,0,0,0,0,0,0,0,4110,0,1,0,0,0,1,0,0,0,0,3,1,0,0,0,1,0,0,4,0,0,1,0,0,1,0,1,0,0,0,1,2,1,0,0,0,2,0,1,1,0,1
1,0,0,0,6,1,0,0,0,0,0,0,1,0,0,0,0,0,0,0,3384,0,1,0,0,0,0,1,0,0,0,1,0,0,1,0,1,0,0,4,1,0,0,0,1,0,1,0,0,0,0,1,1,0,0,1,0,1,1,0,1,0,1
0,1,0,0,13,0,1,0,0,0,1,0,0,0,0,0,0,0,0,0,2101,0,1,0,0,0,0,0,0,0,1,2,0,1,0,0,0,1,0,4,0,1,0,0,0,1,1,0,0,1,0,0,1,0,1,0,0,1,0,1,1,0,1
1,0,0,0,15,0,1,0,0,0,0,0,0,0,0,0,1,0,0,0,1275,1,0,0,0,0,0,1,0,0,0,4,0,1,0,0,1,0,0,2,0,0,0,1,0,1,1,0,0,0,0,1,1,1,0,0,0,1,0,1,1,0,1
0,1,0,0,10,0,1,0,0,0,0,0,1,0,0,0,0,0,0,0,1521,0,1,0,0,0,0,1,0,0,0,4,0,0,1,0,1,0,0,2,0,0,0,1,1,0,1,0,0,1,0,0,1,0,1,0,0,1,0,1,1,0,1
0,1,0,0,24,1,0,0,0,0,0,1,0,0,0,0,0,0,0,0,5743,0,1,0,0,0,0,0,0,0,1,2,0,1,0,0,1,0,0,4,0,0,1,0,0,1,1,0,0,0,1,0,2,1,0,0,0,1,1,0,1,0,1
0,1,0,0,18,0,1,0,0,0,1,0,0,0,0,0,0,0,0,0,3213,0,0,1,0,0,0,0,0,0,1,1,0,0,0,1,1,0,0,3,1,0,0,0,0,1,1,0,0,0,0,1,1,1,0,0,0,1,0,1,1,0,1
0,1,0,0,18,0,1,0,0,0,0,0,0,0,1,0,0,0,0,0,4439,0,1,0,0,0,1,0,0,0,0,1,1,0,0,0,0,0,1,1,1,0,0,0,1,0,0,1,0,1,0,0,1,0,0,1,0,1,1,0,1,0,1
0,0,1,0,15,1,0,0,0,0,1,0,0,0,0,0,0,0,0,0,1459,0,1,0,0,0,0,1,0,0,0,4,0,1,0,0,1,0,0,2,0,0,0,1,1,0,1,0,0,1,0,0,1,0,1,0,0,1,0,1,1,0,1
0,1,0,0,13,1,0,0,0,0,1,0,0,0,0,0,0,0,0,0,882,0,1,0,0,0,0,0,0,0,1,4,1,0,0,0,0,1,0,4,1,0,0,0,0,1,1,0,0,1,0,0,2,1,0,0,0,1,0,1,1,0,1
0,1,0,0,24,0,1,0,0,0,1,0,0,0,0,0,0,0,0,0,3758,0,0,1,0,0,0,0,0,1,0,1,0,1,0,0,1,0,0,4,0,0,1,0,0,1,1,0,0,0,0,1,1,0,0,0,1,1,0,1,1,0,1
0,1,0,0,9,0,1,0,0,0,0,0,1,0,0,0,0,0,0,0,959,0,1,0,0,0,0,1,0,0,0,1,0,1,0,0,1,0,0,2,0,0,0,1,1,0,1,0,0,1,0,0,1,1,0,0,0,1,0,1,0,1,1
0,0,1,0,18,1,0,0,0,0,0,0,0,0,0,1,0,0,0,0,3229,1,0,0,0,0,0,0,0,1,0,2,1,0,0,0,1,0,0,4,0,0,1,0,1,0,1,0,0,1,0,0,1,0,0,1,0,1,1,0,1,0,1
1,0,0,0,12,0,0,1,0,0,1,0,0,0,0,0,0,0,0,0,6199,0,1,0,0,0,0,1,0,0,0,4,1,0,0,0,1,0,0,2,0,1,0,0,1,0,1,0,0,0,0,1,2,1,0,0,0,1,1,0,1,0,1
0,1,0,0,24,0,1,0,0,0,0,0,0,1,0,0,0,0,0,0,1246,0,1,0,0,0,0,0,0,0,1,4,1,0,0,0,1,0,0,2,1,0,0,0,0,1,0,0,1,1,0,0,1,0,1,0,0,1,0,1,1,0,1
0,0,1,0,12,1,0,0,0,0,1,0,0,0,0,0,0,0,0,0,2331,1,0,0,0,0,1,0,0,0,0,1,1,0,0,0,0,0,1,4,1,0,0,0,1,0,1,0,0,1,0,0,1,1,0,0,0,1,1,0,1,0,1
0,0,1,0,36,0,0,0,0,1,1,0,0,0,0,0,0,0,0,0,4463,0,1,0,0,0,0,1,0,0,0,4,1,0,0,0,1,0,0,2,0,0,0,1,1,0,1,0,0,1,0,0,2,0,0,1,0,1,1,0,1,0,1
1,0,0,0,30,0,1,0,0,0,0,0,1,0,0,0,0,0,0,0,2406,0,1,0,0,0,0,0,1,0,0,4,0,1,0,0,1,0,0,4,1,0,0,0,0,1,1,0,0,0,0,1,1,1,0,0,0,1,0,1,1,0,1
0,1,0,0,18,0,1,0,0,0,0,1,0,0,0,0,0,0,0,0,1239,1,0,0,0,0,0,1,0,0,0,4,1,0,0,0,1,0,0,4,0,0,1,0,1,0,1,0,0,0,1,0,1,1,0,0,0,1,0,1,1,0,1
0,0,0,1,12,0,1,0,0,0,1,0,0,0,0,0,0,0,0,0,3399,1,0,0,0,0,1,0,0,0,0,2,1,0,0,0,1,0,0,3,0,0,0,1,1,0,1,0,0,1,0,0,1,0,0,1,0,1,0,1,1,0,1
1,0,0,0,18,0,1,0,0,0,0,0,1,0,0,0,0,0,0,0,3650,0,1,0,0,0,0,0,0,0,1,1,0,1,0,0,1,0,0,4,0,0,0,1,0,1,1,0,0,0,0,1,1,1,0,0,0,1,0,1,1,0,1
1,0,0,0,36,0,1,0,0,0,0,0,1,0,0,0,0,0,0,0,3446,0,1,0,0,0,1,0,0,0,0,4,1,0,0,0,1,0,0,2,0,0,0,1,1,0,1,0,0,1,0,0,1,1,0,0,0,2,0,1,1,0,1
0,1,0,0,18,0,1,0,0,0,0,0,1,0,0,0,0,0,0,0,3001,0,1,0,0,0,0,0,1,0,0,2,0,1,0,0,1,0,0,4,1,0,0,0,1,0,1,0,0,0,0,1,1,1,0,0,0,1,0,1,1,0,1
0,0,1,0,36,0,1,0,0,0,0,0,0,1,0,0,0,0,0,0,3079,1,0,0,0,0,0,1,0,0,0,4,1,0,0,0,1,0,0,4,1,0,0,0,1,0,1,0,0,1,0,0,1,1,0,0,0,1,0,1,1,0,1
0,0,1,0,10,1,0,0,0,0,0,0,1,0,0,0,0,0,0,0,2146,0,1,0,0,0,0,0,0,0,1,1,0,1,0,0,1,0,0,3,1,0,0,0,0,1,1,0,0,0,0,1,2,1,0,0,0,1,0,1,1,0,1
0,0,1,0,60,1,0,0,0,0,0,0,0,1,0,0,0,0,0,0,13756,1,0,0,0,0,1,0,0,0,0,2,1,0,0,0,1,0,0,4,0,0,1,0,1,0,0,1,0,0,1,0,1,0,0,1,0,1,1,0,1,0,1
0,0,1,0,18,0,0,0,0,1,1,0,0,0,0,0,0,0,0,0,2320,0,1,0,0,0,0,0,0,1,0,2,0,0,0,1,1,0,0,3,1,0,0,0,1,0,1,0,0,1,0,0,2,1,0,0,0,1,0,1,1,0,1
0,0,1,0,7,0,0,0,0,1,1,0,0,0,0,0,0,0,0,0,846,1,0,0,0,0,1,0,0,0,0,3,1,0,0,0,1,0,0,4,0,0,1,0,1,0,1,0,0,0,1,0,1,1,0,0,0,1,0,1,1,0,1
0,1,0,0,36,0,1,0,0,0,0,0,0,1,0,0,0,0,0,0,14318,0,1,0,0,0,1,0,0,0,0,4,1,0,0,0,1,0,0,2,0,0,1,0,1,0,1,0,0,0,1,0,1,0,0,1,0,1,1,0,1,0,1
1,0,0,0,20,0,1,0,0,0,0,0,1,0,0,0,0,0,0,0,2212,1,0,0,0,0,0,0,1,0,0,4,1,0,0,0,1,0,0,4,0,0,0,1,1,0,1,0,0,1,0,0,1,1,0,0,0,1,1,0,1,0,1
0,0,1,0,22,0,1,0,0,0,0,0,0,1,0,0,0,0,0,0,1283,1,0,0,0,0,0,0,1,0,0,4,0,1,0,0,1,0,0,4,0,1,0,0,0,1,1,0,0,0,0,1,1,1,0,0,0,1,0,1,1,0,1
0,0,0,1,12,0,1,0,0,0,0,0,0,1,0,0,0,0,0,0,1330,0,1,0,0,0,0,0,0,0,1,4,1,0,0,0,1,0,0,1,1,0,0,0,1,0,1,0,0,1,0,0,1,1,0,0,0,1,0,1,1,0,1
0,0,1,0,30,0,0,0,0,1,0,0,0,0,1,0,0,0,0,0,4272,0,0,0,0,1,0,1,0,0,0,2,1,0,0,0,1,0,0,2,0,1,0,0,1,0,1,0,0,1,0,0,2,0,1,0,0,1,0,1,1,0,1
0,0,1,0,18,1,0,0,0,0,1,0,0,0,0,0,0,0,0,0,2238,0,1,0,0,0,0,1,0,0,0,2,0,1,0,0,1,0,0,1,0,0,0,1,0,1,1,0,0,1,0,0,2,1,0,0,0,1,0,1,1,0,1
0,0,1,0,18,0,1,0,0,0,1,0,0,0,0,0,0,0,0,0,1126,1,0,0,0,0,0,0,0,0,1,4,0,1,0,0,1,0,0,2,1,0,0,0,0,1,1,0,0,0,0,1,1,1,0,0,0,1,1,0,1,0,1
0,1,0,0,18,1,0,0,0,0,0,0,1,0,0,0,0,0,0,0,7374,0,1,0,0,0,0,0,0,1,0,4,1,0,0,0,1,0,0,4,0,1,0,0,1,0,0,0,1,1,0,0,2,0,0,1,0,1,1,0,1,0,1
0,1,0,0,15,1,0,0,0,0,0,0,0,0,1,0,0,0,0,0,2326,0,0,1,0,0,0,1,0,0,0,2,1,0,0,0,1,0,0,4,0,0,0,1,1,0,0,1,0,1,0,0,1,1,0,0,0,1,0,1,1,0,1
0,0,1,0,18,0,1,0,0,0,0,0,0,1,0,0,0,0,0,0,1820,0,1,0,0,0,0,1,0,0,0,2,0,0,0,1,1,0,0,2,0,1,0,0,1,0,1,0,0,1,0,0,1,0,0,1,0,1,1,0,1,0,1
1,0,0,0,36,0,1,0,0,0,0,0,0,1,0,0,0,0,0,0,3249,0,1,0,0,0,0,0,1,0,0,2,1,0,0,0,1,0,0,4,0,0,1,0,1,0,0,1,0,0,1,0,1,0,0,1,0,2,1,0,1,0,1
0,1,0,0,39,0,0,0,0,1,0,1,0,0,0,0,0,0,0,0,11760,0,0,0,0,1,0,0,1,0,0,2,1,0,0,0,1,0,0,3,0,0,1,0,1,0,1,0,0,0,0,1,1,1,0,0,0,1,1,0,1,0,1
1,0,0,0,12,0,1,0,0,0,0,0,1,0,0,0,0,0,0,0,2578,0,1,0,0,0,0,0,0,1,0,3,0,1,0,0,1,0,0,4,0,0,1,0,1,0,1,0,0,0,1,0,1,0,0,1,0,1,0,1,1,0,1
1,0,0,0,36,1,0,0,0,0,0,0,1,0,0,0,0,0,0,0,2348,0,1,0,0,0,0,1,0,0,0,3,0,0,0,1,1,0,0,2,0,1,0,0,1,0,1,0,0,1,0,0,2,1,0,0,0,1,1,0,1,0,1
0,0,1,0,24,1,0,0,0,0,1,0,0,0,0,0,0,0,0,0,1516,0,0,0,1,0,0,1,0,0,0,4,0,1,0,0,1,0,0,1,1,0,0,0,1,0,1,0,0,1,0,0,2,0,1,0,0,1,0,1,1,0,1
0,0,1,0,18,0,1,0,0,0,1,0,0,0,0,0,0,0,0,0,1473,0,1,0,0,0,0,0,0,0,1,3,0,0,0,1,1,0,0,4,1,0,0,0,1,0,1,0,0,1,0,0,1,1,0,0,0,1,1,0,1,0,1
0,1,0,0,18,1,0,0,0,0,0,0,0,0,1,0,0,0,0,0,1887,1,0,0,0,0,0,1,0,0,0,4,0,0,0,1,1,0,0,4,1,0,0,0,1,0,0,1,0,1,0,0,2,1,0,0,0,1,0,1,1,0,1
0,0,1,0,24,0,0,0,0,1,0,0,0,0,1,0,0,0,0,0,8648,0,1,0,0,0,0,0,0,0,1,2,1,0,0,0,1,0,0,2,0,0,0,1,1,0,0,1,0,1,0,0,2,1,0,0,0,1,1,0,1,0,1
0,1,0,0,24,0,1,0,0,0,1,0,0,0,0,0,0,0,0,0,2039,0,1,0,0,0,0,0,0,0,1,1,0,0,0,1,1,0,0,1,0,1,0,0,0,1,1,0,0,1,0,0,1,1,0,0,0,1,1,0,1,0,1
0,0,1,0,24,1,0,0,0,0,0,0,0,0,0,1,0,0,0,0,2197,1,0,0,0,0,0,0,1,0,0,4,1,0,0,0,1,0,0,4,0,0,0,1,1,0,1,0,0,1,0,0,2,1,0,0,0,2,1,0,1,0,1
0,0,1,0,24,0,1,0,0,0,1,0,0,0,0,0,0,0,0,0,3235,0,0,1,0,0,1,0,0,0,0,3,0,0,1,0,1,0,0,2,0,0,0,1,1,0,1,0,0,1,0,0,1,0,0,1,0,1,1,0,1,0,1
0,0,0,1,12,1,0,0,0,0,0,0,0,1,0,0,0,0,0,0,939,0,0,1,0,0,0,0,1,0,0,4,0,0,0,1,1,0,0,2,1,0,0,0,1,0,1,0,0,1,0,0,3,1,0,0,0,1,1,0,1,0,1
0,0,1,0,10,0,1,0,0,0,0,0,0,1,0,0,0,0,0,0,1597,0,0,1,0,0,0,1,0,0,0,3,1,0,0,0,1,0,0,2,0,0,1,0,1,0,1,0,0,0,0,1,1,0,1,0,0,2,0,1,0,1,1
1,0,0,0,24,0,1,0,0,0,0,0,0,1,0,0,0,0,0,0,1381,1,0,0,0,0,0,1,0,0,0,4,0,1,0,0,1,0,0,2,0,1,0,0,1,0,1,0,0,1,0,0,1,1,0,0,0,1,0,1,1,0,1
0,0,1,0,36,1,0,0,0,0,0,0,0,0,0,1,0,0,0,0,5842,0,1,0,0,0,1,0,0,0,0,2,1,0,0,0,1,0,0,2,0,1,0,0,1,0,1,0,0,1,0,0,2,1,0,0,0,2,1,0,1,0,1
1,0,0,0,12,0,1,0,0,0,0,0,0,1,0,0,0,0,0,0,2579,0,1,0,0,0,0,0,0,0,1,4,1,0,0,0,1,0,0,1,1,0,0,0,1,0,1,0,0,1,0,0,1,0,1,0,0,2,0,1,1,0,1
1,0,0,0,18,0,0,0,0,1,0,1,0,0,0,0,0,0,0,0,8471,1,0,0,0,0,0,1,0,0,0,1,0,1,0,0,1,0,0,2,0,0,0,1,0,1,1,0,0,0,0,1,2,1,0,0,0,1,1,0,1,0,1
0,0,1,0,21,0,1,0,0,0,0,0,0,1,0,0,0,0,0,0,2782,0,0,1,0,0,0,0,1,0,0,1,0,1,0,0,1,0,0,2,0,0,0,1,1,0,0,1,0,1,0,0,1,0,0,1,0,1,0,1,1,0,1
0,0,1,0,15,0,1,0,0,0,0,0,0,1,0,0,0,0,0,0,3186,0,0,0,1,0,0,0,1,0,0,2,0,1,0,0,1,0,0,3,0,0,0,1,0,1,1,0,0,0,0,1,1,1,0,0,0,1,0,1,1,0,1
0,1,0,0,12,0,1,0,0,0,0,0,0,0,0,1,0,0,0,0,2028,1,0,0,0,0,0,1,0,0,0,4,1,0,0,0,1,0,0,2,0,0,0,1,1,0,1,0,0,1,0,0,1,1,0,0,0,1,0,1,1,0,1
0,0,1,0,21,0,0,0,0,1,0,0,1,0,0,0,0,0,0,0,1591,0,0,0,0,1,0,0,1,0,0,4,1,0,0,0,1,0,0,3,1,0,0,0,1,0,1,0,0,1,0,0,2,0,0,1,0,1,0,1,1,0,1
0,1,0,0,12,0,1,0,0,0,0,0,1,0,0,0,0,0,0,0,2762,1,0,0,0,0,1,0,0,0,0,1,0,1,0,0,1,0,0,2,0,1,0,0,0,1,0,1,0,1,0,0,1,1,0,0,0,1,1,0,1,0,1
0,1,0,0,18,0,1,0,0,0,0,0,0,0,0,1,0,0,0,0,2779,0,1,0,0,0,0,1,0,0,0,1,0,0,0,1,1,0,0,3,0,0,0,1,0,1,1,0,0,0,0,1,1,1,0,0,0,1,1,0,1,0,1
0,0,1,0,28,1,0,0,0,0,1,0,0,0,0,0,0,0,0,0,2743,0,1,0,0,0,1,0,0,0,0,4,1,0,0,0,1,0,0,2,0,0,0,1,1,0,1,0,0,1,0,0,2,1,0,0,0,1,0,1,1,0,1
0,0,1,0,18,1,0,0,0,0,1,0,0,0,0,0,0,0,0,0,1149,0,0,0,1,0,0,1,0,0,0,4,1,0,0,0,1,0,0,3,1,0,0,0,1,0,1,0,0,1,0,0,2,1,0,0,0,1,0,1,1,0,1
1,0,0,0,18,1,0,0,0,0,0,0,0,0,0,0,0,1,0,0,1190,0,1,0,0,0,0,0,0,1,0,2,0,1,0,0,1,0,0,4,0,0,1,0,1,0,1,0,0,0,1,0,3,0,0,0,1,2,0,1,1,0,1
0,0,1,0,5,0,1,0,0,0,0,0,0,0,1,0,0,0,0,0,3448,0,1,0,0,0,0,0,1,0,0,1,1,0,0,0,1,0,0,4,1,0,0,0,1,0,1,0,0,1,0,0,1,0,1,0,0,1,0,1,1,0,1
0,0,1,0,24,1,0,0,0,0,0,0,0,0,0,0,0,1,0,0,2058,0,1,0,0,0,0,1,0,0,0,4,0,0,1,0,1,0,0,2,1,0,0,0,1,0,1,0,0,1,0,0,2,1,0,0,0,1,1,0,1,0,1
1,0,0,0,9,0,1,0,0,0,0,0,1,0,0,0,0,0,0,0,2136,0,1,0,0,0,0,1,0,0,0,3,1,0,0,0,1,0,0,2,1,0,0,0,0,1,1,0,0,1,0,0,1,1,0,0,0,1,0,1,1,0,1
0,1,0,0,12,0,1,0,0,0,1,0,0,0,0,0,0,0,0,0,1484,1,0,0,0,0,0,1,0,0,0,2,0,0,0,1,1,0,0,1,1,0,0,0,0,1,1,0,0,1,0,0,1,1,0,0,0,1,1,0,1,0,1
0,0,1,0,6,0,1,0,0,0,0,0,0,0,0,0,0,1,0,0,660,0,0,1,0,0,0,0,1,0,0,2,0,0,0,1,1,0,0,4,1,0,0,0,0,1,1,0,0,0,0,1,1,0,1,0,0,1,0,1,1,0,1
0,0,0,1,12,0,0,0,1,0,0,0,0,0,1,0,0,0,0,0,609,0,1,0,0,0,0,0,0,0,1,4,0,1,0,0,1,0,0,1,1,0,0,0,1,0,1,0,0,1,0,0,1,0,0,0,1,1,0,1,1,0,1
0,1,0,0,48,1,0,0,0,0,0,0,1,0,0,0,0,0,0,0,5096,0,1,0,0,0,0,1,0,0,0,2,0,1,0,0,1,0,0,3,0,0,0,1,1,0,1,0,0,1,0,0,1,0,0,1,0,1,1,0,1,0,1
0,0,1,0,9,1,0,0,0,0,0,1,0,0,0,0,0,0,0,0,1244,1,0,0,0,0,1,0,0,0,0,4,0,1,0,0,1,0,0,4,0,1,0,0,1,0,1,0,0,0,0,1,2,0,1,0,0,1,0,1,1,0,1
0,1,0,0,7,0,1,0,0,0,1,0,0,0,0,0,0,0,0,0,2576,0,1,0,0,0,0,1,0,0,0,2,1,0,0,0,0,1,0,2,1,0,0,0,1,0,1,0,0,1,0,0,1,1,0,0,0,1,0,1,1,0,1
0,0,0,1,12,0,1,0,0,0,0,0,1,0,0,0,0,0,0,0,1424,1,0,0,0,0,1,0,0,0,0,3,0,1,0,0,1,0,0,4,1,0,0,0,1,0,1,0,0,1,0,0,1,0,0,1,0,1,1,0,1,0,1
0,0,1,0,24,0,1,0,0,0,0,0,0,0,0,1,0,0,0,0,2670,0,1,0,0,0,1,0,0,0,0,4,1,0,0,0,1,0,0,4,0,0,0,1,1,0,1,0,0,1,0,0,1,0,0,1,0,1,1,0,1,0,1
1,0,0,0,24,0,1,0,0,0,0,0,0,1,0,0,0,0,0,0,4817,0,1,0,0,0,0,0,1,0,0,2,1,0,0,0,0,0,1,3,0,1,0,0,1,0,1,0,0,1,0,0,1,1,0,0,0,1,1,0,1,0,1
0,0,1,0,24,0,1,0,0,0,0,0,0,0,0,1,0,0,0,0,2679,0,1,0,0,0,0,0,0,0,1,4,0,1,0,0,1,0,0,1,0,0,1,0,1,0,1,0,0,1,0,0,1,0,0,1,0,1,1,0,1,0,1
1,0,0,0,11,1,0,0,0,0,0,0,0,1,0,0,0,0,0,0,3905,0,1,0,0,0,0,1,0,0,0,2,1,0,0,0,1,0,0,2,1,0,0,0,1,0,1,0,0,0,0,1,2,1,0,0,0,2,0,1,1,0,1
1,0,0,0,12,0,1,0,0,0,0,0,0,0,0,1,0,0,0,0,3386,0,1,0,0,0,1,0,0,0,0,3,1,0,0,0,1,0,0,4,0,0,1,0,1,0,1,0,0,0,1,0,1,1,0,0,0,1,1,0,1,0,1
1,0,0,0,6,0,1,0,0,0,0,0,0,0,0,0,1,0,0,0,343,0,1,0,0,0,0,0,0,0,1,4,0,1,0,0,1,0,0,1,1,0,0,0,1,0,1,0,0,1,0,0,1,1,0,0,0,1,0,1,1,0,1
0,0,1,0,18,0,1,0,0,0,1,0,0,0,0,0,0,0,0,0,4594,0,1,0,0,0,0,0,0,0,1,3,1,0,0,0,1,0,0,2,0,0,0,1,1,0,1,0,0,1,0,0,1,1,0,0,0,1,1,0,1,0,1
0,1,0,0,12,0,1,0,0,0,0,0,1,0,0,0,0,0,0,0,3017,0,1,0,0,0,0,0,0,0,1,3,0,1,0,0,1,0,0,1,1,0,0,0,1,0,1,0,0,0,0,1,1,0,0,1,0,1,0,1,1,0,1
0,0,1,0,18,0,1,0,0,0,0,0,0,0,1,0,0,0,0,0,1950,0,1,0,0,0,0,0,1,0,0,4,1,0,0,0,1,0,0,1,0,0,0,1,1,0,0,0,1,1,0,0,2,1,0,0,0,1,1,0,1,0,1
1,0,0,0,24,0,1,0,0,0,0,0,0,0,0,1,0,0,0,0,2924,0,1,0,0,0,0,1,0,0,0,3,1,0,0,0,0,1,0,4,0,0,1,0,1,0,0,1,0,1,0,0,1,1,0,0,0,2,1,0,1,0,1
1,0,0,0,24,0,0,0,0,1,1,0,0,0,0,0,0,0,0,0,1659,0,1,0,0,0,0,0,0,0,1,4,0,1,0,0,1,0,0,2,0,0,0,1,1,0,1,0,0,0,0,1,1,0,1,0,0,1,1,0,1,0,1
0,0,1,0,48,0,0,0,0,1,1,0,0,0,0,0,0,0,0,0,7238,1,0,0,0,0,1,0,0,0,0,3,1,0,0,0,1,0,0,3,0,0,0,1,1,0,0,1,0,1,0,0,2,1,0,0,0,2,0,1,1,0,1
0,0,1,0,24,0,0,0,0,1,0,0,0,0,0,1,0,0,0,0,4679,0,1,0,0,0,0,0,1,0,0,3,1,0,0,0,1,0,0,3,0,0,0,1,1,0,1,0,0,1,0,0,2,0,1,0,0,1,1,0,1,0,1
0,1,0,0,24,0,1,0,0,0,1,0,0,0,0,0,0,0,0,0,3092,0,0,0,0,1,0,0,0,0,1,3,0,0,0,1,1,0,0,2,0,0,0,1,0,1,1,0,0,0,0,1,1,1,0,0,0,1,1,0,1,0,1
1,0,0,0,6,0,1,0,0,0,0,1,0,0,0,0,0,0,0,0,448,0,1,0,0,0,0,0,0,0,1,4,0,1,0,0,1,0,0,4,0,1,0,0,0,1,1,0,0,1,0,0,1,1,0,0,0,1,0,1,1,0,1
1,0,0,0,9,0,1,0,0,0,0,0,0,1,0,0,0,0,0,0,654,0,1,0,0,0,0,1,0,0,0,4,1,0,0,0,1,0,0,3,0,0,0,1,1,0,1,0,0,1,0,0,1,0,1,0,0,1,0,1,1,0,1
0,0,1,0,6,0,1,0,0,0,0,0,0,0,0,0,0,0,0,1,1238,1,0,0,0,0,0,0,0,1,0,4,1,0,0,0,1,0,0,4,0,1,0,0,1,0,1,0,0,1,0,0,1,0,0,1,0,2,1,0,1,0,1
0,1,0,0,18,1,0,0,0,0,1,0,0,0,0,0,0,0,0,0,1245,0,1,0,0,0,0,1,0,0,0,4,0,0,0,1,1,0,0,2,0,0,0,1,1,0,1,0,0,1,0,0,1,1,0,0,0,1,0,1,1,0,1
0,0,1,0,39,0,1,0,0,0,0,0,0,0,0,1,0,0,0,0,2569,0,0,1,0,0,0,1,0,0,0,4,1,0,0,0,1,0,0,4,0,0,0,1,0,1,1,0,0,1,0,0,1,1,0,0,0,1,0,1,1,0,1
0,0,0,1,24,0,1,0,0,0,1,0,0,0,0,0,0,0,0,0,5152,0,1,0,0,0,0,0,1,0,0,4,1,0,0,0,1,0,0,2,0,0,0,1,0,1,0,1,0,1,0,0,1,1,0,0,0,1,0,1,1,0,1
0,1,0,0,12,0,1,0,0,0,0,0,0,0,1,0,0,0,0,0,1037,0,0,0,0,1,0,0,1,0,0,3,1,0,0,0,1,0,0,4,1,0,0,0,1,0,1,0,0,1,0,0,1,0,1,0,0,1,0,1,1,0,1
1,0,0,0,15,1,0,0,0,0,0,0,1,0,0,0,0,0,0,0,1478,0,1,0,0,0,1,0,0,0,0,4,1,0,0,0,1,0,0,4,0,0,0,1,1,0,1,0,0,1,0,0,2,1,0,0,0,2,1,0,1,0,1
0,1,0,0,12,1,0,0,0,0,1,0,0,0,0,0,0,0,0,0,3573,0,1,0,0,0,0,1,0,0,0,1,0,1,0,0,1,0,0,1,1,0,0,0,0,1,1,0,0,1,0,0,1,0,1,0,0,1,0,1,1,0,1
1,0,0,0,30,0,1,0,0,0,0,0,1,0,0,0,0,0,0,0,3622,0,0,0,1,0,1,0,0,0,0,4,0,1,0,0,1,0,0,4,0,1,0,0,1,0,1,0,0,0,0,1,2,1,0,0,0,1,1,0,1,0,1
0,0,1,0,15,0,0,0,0,1,0,0,1,0,0,0,0,0,0,0,960,0,0,0,1,0,0,0,1,0,0,3,0,1,0,0,1,0,0,2,0,1,0,0,1,0,1,0,0,1,0,0,2,1,0,0,0,1,0,1,1,0,1
0,1,0,0,6,0,0,0,0,1,0,0,0,1,0,0,0,0,0,0,1209,0,1,0,0,0,0,0,0,1,0,4,1,0,0,0,1,0,0,4,0,1,0,0,1,0,1,0,0,1,0,0,1,0,0,1,0,1,1,0,1,0,1
0,0,1,0,24,0,1,0,0,0,0,0,0,1,0,0,0,0,0,0,3757,0,1,0,0,0,1,0,0,0,0,4,0,1,0,0,0,0,1,4,0,0,1,0,1,0,1,0,0,0,1,0,1,1,0,0,0,1,1,0,1,0,1
0,0,1,0,10,0,1,0,0,0,0,0,0,1,0,0,0,0,0,0,1418,0,0,0,0,1,0,1,0,0,0,3,1,0,0,0,1,0,0,2,1,0,0,0,1,0,1,0,0,0,0,1,1,0,1,0,0,1,0,1,0,1,1
0,1,0,0,27,0,0,1,0,0,0,0,0,0,1,0,0,0,0,0,8318,0,1,0,0,0,1,0,0,0,0,2,0,1,0,0,1,0,0,4,0,0,1,0,1,0,1,0,0,0,1,0,2,0,0,1,0,1,1,0,1,0,1
0,1,0,0,6,0,1,0,0,0,1,0,0,0,0,0,0,0,0,0,368,1,0,0,0,0,1,0,0,0,0,4,1,0,0,0,1,0,0,4,0,1,0,0,1,0,1,0,0,1,0,0,1,1,0,0,0,1,0,1,1,0,1
1,0,0,0,12,1,0,0,0,0,0,0,0,1,0,0,0,0,0,0,2122,0,1,0,0,0,0,1,0,0,0,3,1,0,0,0,1,0,0,2,1,0,0,0,1,0,1,0,0,0,0,1,2,0,1,0,0,2,0,1,0,1,1
1,0,0,0,24,0,1,0,0,0,0,0,1,0,0,0,0,0,0,0,2996,1,0,0,0,0,0,1,0,0,0,2,0,0,0,1,1,0,0,4,0,0,0,1,0,1,1,0,0,1,0,0,1,1,0,0,0,1,0,1,1,0,1
0,1,0,0,36,0,1,0,0,0,0,0,1,0,0,0,0,0,0,0,9034,0,0,0,0,1,0,0,0,0,1,4,1,0,0,0,0,0,1,1,0,0,1,0,1,0,1,0,0,0,0,1,1,0,0,1,0,1,1,0,1,0,1
0,0,1,0,24,1,0,0,0,0,0,0,1,0,0,0,0,0,0,0,1585,0,1,0,0,0,0,0,1,0,0,4,1,0,0,0,1,0,0,3,0,1,0,0,1,0,1,0,0,1,0,0,2,1,0,0,0,1,0,1,1,0,1
0,1,0,0,18,0,1,0,0,0,1,0,0,0,0,0,0,0,0,0,1301,0,1,0,0,0,1,0,0,0,0,4,0,0,0,1,0,1,0,2,1,0,0,0,1,0,1,0,0,1,0,0,1,0,1,0,0,1,0,1,1,0,1
1,0,0,0,36,0,1,0,0,0,0,0,0,0,0,1,0,0,0,0,5493,0,1,0,0,0,1,0,0,0,0,2,1,0,0,0,1,0,0,4,0,0,1,0,1,0,1,0,0,0,1,0,1,1,0,0,0,2,0,1,1,0,1
0,0,0,1,9,0,1,0,0,0,1,0,0,0,0,0,0,0,0,0,1126,0,0,0,0,1,1,0,0,0,0,2,0,0,1,0,1,0,0,4,1,0,0,0,1,0,1,0,0,1,0,0,1,1,0,0,0,1,0,1,1,0,1
0,1,0,0,24,1,0,0,0,0,1,0,0,0,0,0,0,0,0,0,1216,0,0,0,0,1,0,0,0,0,1,4,1,0,0,0,1,0,0,4,0,0,1,0,1,0,0,1,0,1,0,0,2,1,0,0,0,2,0,1,1,0,1
1,0,0,0,24,0,1,0,0,0,0,0,0,1,0,0,0,0,0,0,1207,0,1,0,0,0,0,0,0,0,1,4,0,1,0,0,1,0,0,4,0,1,0,0,0,1,1,0,0,0,0,1,1,1,0,0,0,1,0,1,1,0,1
0,0,1,0,10,0,1,0,0,0,0,0,0,1,0,0,0,0,0,0,1309,1,0,0,0,0,0,1,0,0,0,4,1,0,0,0,0,1,0,4,0,1,0,0,1,0,1,0,0,1,0,0,1,0,1,0,0,1,0,1,1,0,1
0,0,1,0,24,0,1,0,0,0,1,0,0,0,0,0,0,0,0,0,1413,0,1,0,0,0,0,1,0,0,0,4,0,0,0,1,1,0,0,2,0,1,0,0,1,0,1,0,0,1,0,0,1,1,0,0,0,1,0,1,1,0,1
0,0,1,0,39,0,1,0,0,0,0,0,0,0,0,1,0,0,0,0,8588,0,0,0,0,1,1,0,0,0,0,4,1,0,0,0,1,0,0,2,0,0,0,1,1,0,1,0,0,1,0,0,1,0,0,1,0,1,1,0,1,0,1
0,0,1,0,36,0,1,0,0,0,0,0,0,0,0,1,0,0,0,0,4686,0,1,0,0,0,0,1,0,0,0,2,1,0,0,0,1,0,0,2,0,0,1,0,1,0,1,0,0,0,1,0,1,0,0,1,0,1,1,0,1,0,1
0,0,0,1,15,0,1,0,0,0,0,0,0,0,1,0,0,0,0,0,2687,0,1,0,0,0,0,0,1,0,0,2,1,0,0,0,1,0,0,4,0,1,0,0,1,0,1,0,0,0,0,1,1,1,0,0,0,1,1,0,1,0,1
0,1,0,0,12,0,0,0,0,1,1,0,0,0,0,0,0,0,0,0,585,0,1,0,0,0,0,1,0,0,0,4,0,0,0,1,0,0,1,4,1,0,0,0,0,1,1,0,0,0,0,1,2,1,0,0,0,1,0,1,1,0,1
1,0,0,0,6,1,0,0,0,0,0,0,0,1,0,0,0,0,0,0,1361,0,1,0,0,0,0,0,0,0,1,2,1,0,0,0,1,0,0,4,1,0,0,0,1,0,1,0,0,1,0,0,1,0,1,0,0,2,0,1,0,1,1
0,0,1,0,36,1,0,0,0,0,0,0,1,0,0,0,0,0,0,0,7127,0,1,0,0,0,0,0,0,0,1,2,0,1,0,0,1,0,0,4,0,1,0,0,0,1,1,0,0,0,0,1,2,1,0,0,0,1,1,0,1,0,1
1,0,0,0,6,0,1,0,0,0,0,0,0,1,0,0,0,0,0,0,1203,0,0,0,0,1,1,0,0,0,0,3,1,0,0,0,1,0,0,2,0,1,0,0,1,0,1,0,0,1,0,0,1,1,0,0,0,1,1,0,1,0,1
0,0,1,0,6,1,0,0,0,0,1,0,0,0,0,0,0,0,0,0,700,1,0,0,0,0,1,0,0,0,0,4,1,0,0,0,1,0,0,4,0,0,1,0,1,0,1,0,0,0,1,0,2,1,0,0,0,1,0,1,1,0,1
0,0,1,0,24,0,1,0,0,0,0,0,0,0,0,1,0,0,0,0,3488,0,0,0,0,1,0,0,1,0,0,3,0,1,0,0,1,0,0,4,0,0,0,1,0,1,1,0,0,1,0,0,1,1,0,0,0,1,0,1,1,0,1
0,0,1,0,4,1,0,0,0,0,1,0,0,0,0,0,0,0,0,0,1503,0,1,0,0,0,0,0,1,0,0,2,1,0,0,0,1,0,0,1,1,0,0,0,1,0,1,0,0,1,0,0,2,0,1,0,0,2,0,1,1,0,1
0,1,0,0,36,0,1,0,0,0,0,1,0,0,0,0,0,0,0,0,2273,0,1,0,0,0,0,0,1,0,0,3,1,0,0,0,1,0,0,1,0,0,0,1,1,0,1,0,0,1,0,0,2,1,0,0,0,2,0,1,1,0,1
0,1,0,0,15,0,1,0,0,0,0,0,0,1,0,0,0,0,0,0,2631,0,0,0,0,1,0,1,0,0,0,2,0,1,0,0,1,0,0,4,0,0,0,1,1,0,1,0,0,0,0,1,2,1,0,0,0,1,1,0,1,0,1
0,0,1,0,12,0,0,0,0,1,0,0,0,0,0,1,0,0,0,0,1503,0,1,0,0,0,0,1,0,0,0,4,0,0,0,1,1,0,0,4,1,0,0,0,1,0,1,0,0,0,0,1,1,1,0,0,0,1,0,1,1,0,1
0,0,1,0,24,0,1,0,0,0,1,0,0,0,0,0,0,0,0,0,1311,0,0,0,0,1,0,0,1,0,0,4,0,0,0,1,1,0,0,3,0,1,0,0,1,0,1,0,0,1,0,0,1,1,0,0,0,1,1,0,1,0,1
0,0,1,0,24,0,1,0,0,0,1,0,0,0,0,0,0,0,0,0,3105,1,0,0,0,0,0,0,0,0,1,4,1,0,0,0,1,0,0,2,0,0,0,1,0,1,1,0,0,1,0,0,2,1,0,0,0,1,0,1,1,0,1
0,0,0,1,21,1,0,0,0,0,0,1,0,0,0,0,0,0,0,0,2319,0,1,0,0,0,0,0,0,0,1,2,0,0,1,0,1,0,0,1,0,0,0,1,1,0,1,0,0,0,0,1,1,1,0,0,0,1,0,1,1,0,1
0,1,0,0,18,1,0,0,0,0,0,0,1,0,0,0,0,0,0,0,3612,0,1,0,0,0,1,0,0,0,0,3,0,1,0,0,1,0,0,4,0,1,0,0,1,0,1,0,0,1,0,0,1,1,0,0,0,1,1,0,1,0,1
0,0,0,1,18,0,1,0,0,0,0,0,1,0,0,0,0,0,0,0,3049,0,1,0,0,0,0,0,0,0,1,1,0,1,0,0,1,0,0,1,0,1,0,0,1,0,0,0,1,1,0,0,1,0,1,0,0,1,0,1,1,0,1
0,0,1,0,24,0,0,0,0,1,0,0,0,1,0,0,0,0,0,0,2032,0,1,0,0,0,1,0,0,0,0,4,1,0,0,0,1,0,0,4,0,0,1,0,1,0,1,0,0,0,1,0,2,1,0,0,0,1,1,0,1,0,1
0,0,0,1,18,0,1,0,0,0,0,0,1,0,0,0,0,0,0,0,2864,0,1,0,0,0,0,1,0,0,0,2,1,0,0,0,1,0,0,1,1,0,0,0,1,0,1,0,0,1,0,0,1,0,1,0,0,2,0,1,1,0,1
0,0,1,0,12,1,0,0,0,0,0,0,0,1,0,0,0,0,0,0,1255,0,1,0,0,0,1,0,0,0,0,4,1,0,0,0,1,0,0,4,1,0,0,0,1,0,1,0,0,1,0,0,2,0,1,0,0,1,0,1,1,0,1
1,0,0,0,24,0,0,0,0,1,0,0,0,1,0,0,0,0,0,0,1333,0,1,0,0,0,0,0,0,1,0,4,1,0,0,0,1,0,0,2,1,0,0,0,1,0,1,0,0,0,1,0,2,1,0,0,0,2,0,1,1,0,1
0,0,1,0,24,1,0,0,0,0,0,0,0,1,0,0,0,0,0,0,2022,0,1,0,0,0,0,1,0,0,0,4,0,1,0,0,1,0,0,4,0,0,0,1,1,0,1,0,0,1,0,0,1,1,0,0,0,1,1,0,1,0,1
0,0,1,0,24,0,1,0,0,0,1,0,0,0,0,0,0,0,0,0,1552,0,1,0,0,0,0,0,1,0,0,3,1,0,0,0,1,0,0,1,0,0,0,1,1,0,0,1,0,1,0,0,1,1,0,0,0,2,0,1,1,0,1
1,0,0,0,12,0,0,0,1,0,1,0,0,0,0,0,0,0,0,0,626,0,1,0,0,0,0,1,0,0,0,4,0,1,0,0,1,0,0,4,1,0,0,0,0,1,0,1,0,1,0,0,1,0,1,0,0,1,0,1,1,0,1
0,0,1,0,48,1,0,0,0,0,0,0,0,0,0,1,0,0,0,0,8858,1,0,0,0,0,0,0,1,0,0,2,1,0,0,0,1,0,0,1,0,0,1,0,1,0,1,0,0,0,1,0,2,1,0,0,0,1,1,0,1,0,1
0,0,1,0,12,1,0,0,0,0,0,0,0,0,0,0,0,1,0,0,996,1,0,0,0,0,0,0,1,0,0,4,0,1,0,0,1,0,0,4,1,0,0,0,0,1,1,0,0,1,0,0,2,1,0,0,0,1,0,1,1,0,1
0,1,0,0,12,1,0,0,0,0,0,0,0,1,0,0,0,0,0,0,1995,0,0,0,0,1,0,0,0,0,1,4,1,0,0,0,1,0,0,1,0,0,0,1,1,0,1,0,0,1,0,0,1,1,0,0,0,1,0,1,1,0,1
0,1,0,0,12,0,1,0,0,0,1,0,0,0,0,0,0,0,0,0,1331,0,1,0,0,0,0,0,0,0,1,2,1,0,0,0,1,0,0,1,0,0,0,1,0,1,0,0,1,1,0,0,1,1,0,0,0,1,0,1,1,0,1
0,1,0,0,18,0,0,1,0,0,0,0,0,1,0,0,0,0,0,0,2278,0,0,0,0,1,0,0,0,0,1,3,0,1,0,0,1,0,0,3,0,0,0,1,1,0,1,0,0,1,0,0,2,1,0,0,0,1,0,1,1,0,1
1,0,0,0,24,0,0,0,1,0,0,0,1,0,0,0,0,0,0,0,3552,0,1,0,0,0,0,0,1,0,0,3,1,0,0,0,1,0,0,4,0,0,0,1,1,0,0,1,0,1,0,0,1,1,0,0,0,1,0,1,1,0,1
0,1,0,0,18,1,0,0,0,0,0,0,1,0,0,0,0,0,0,0,1928,0,1,0,0,0,0,0,0,0,1,2,1,0,0,0,1,0,0,2,1,0,0,0,1,0,1,0,0,1,0,0,2,0,1,0,0,1,0,1,1,0,1
1,0,0,0,24,0,1,0,0,0,0,0,0,0,0,1,0,0,0,0,2964,1,0,0,0,0,1,0,0,0,0,4,1,0,0,0,1,0,0,4,0,0,1,0,1,0,0,1,0,0,1,0,1,1,0,0,0,2,1,0,1,0,1
1,0,0,0,24,0,0,0,1,0,1,0,0,0,0,0,0,0,0,0,1546,0,1,0,0,0,0,0,1,0,0,4,1,0,0,0,0,1,0,4,0,0,0,1,0,1,0,1,0,0,0,1,1,0,1,0,0,1,0,1,1,0,1
0,0,0,1,6,0,0,0,0,1,1,0,0,0,0,0,0,0,0,0,683,0,1,0,0,0,0,0,0,0,1,2,0,1,0,0,1,0,0,1,0,1,0,0,1,0,0,1,0,1,0,0,1,1,0,0,0,1,0,1,1,0,1
0,1,0,0,36,0,1,0,0,0,0,0,0,1,0,0,0,0,0,0,12389,1,0,0,0,0,0,1,0,0,0,1,1,0,0,0,1,0,0,4,0,0,1,0,1,0,1,0,0,0,1,0,1,1,0,0,0,1,1,0,1,0,1
1,0,0,0,12,0,1,0,0,0,0,0,0,1,0,0,0,0,0,0,1372,0,1,0,0,0,0,0,1,0,0,2,0,0,1,0,1,0,0,3,0,0,0,1,1,0,1,0,0,1,0,0,1,1,0,0,0,1,0,1,1,0,1
0,0,1,0,24,1,0,0,0,0,1,0,0,0,0,0,0,0,0,0,2578,0,0,0,1,0,1,0,0,0,0,2,1,0,0,0,1,0,0,2,0,0,0,1,1,0,1,0,0,1,0,0,1,1,0,0,0,1,0,1,1,0,1
0,1,0,0,48,0,1,0,0,0,1,0,0,0,0,0,0,0,0,0,3979,1,0,0,0,0,0,0,1,0,0,4,1,0,0,0,1,0,0,1,0,0,0,1,1,0,1,0,0,1,0,0,2,1,0,0,0,2,1,0,1,0,1
1,0,0,0,48,0,1,0,0,0,1,0,0,0,0,0,0,0,0,0,6758,0,1,0,0,0,0,1,0,0,0,3,0,1,0,0,1,0,0,2,0,0,0,1,1,0,1,0,0,1,0,0,1,1,0,0,0,1,1,0,1,0,1
1,0,0,0,24,0,1,0,0,0,0,0,1,0,0,0,0,0,0,0,3234,0,1,0,0,0,0,0,0,0,1,4,0,1,0,0,1,0,0,4,1,0,0,0,0,1,1,0,0,0,0,1,1,0,1,0,0,1,1,0,1,0,1
0,0,1,0,24,0,1,0,0,0,0,0,0,0,0,1,0,0,0,0,5433,1,0,0,0,0,0,0,0,1,0,2,0,1,0,0,1,0,0,4,0,1,0,0,1,0,1,0,0,0,0,1,1,0,0,1,0,1,1,0,1,0,1
0,1,0,0,9,0,1,0,0,0,1,0,0,0,0,0,0,0,0,0,1082,0,1,0,0,0,1,0,0,0,0,4,1,0,0,0,1,0,0,4,0,0,0,1,1,0,1,0,0,1,0,0,2,0,1,0,0,1,0,1,1,0,1
0,0,1,0,15,1,0,0,0,0,0,0,1,0,0,0,0,0,0,0,2788,0,1,0,0,0,0,0,1,0,0,2,0,1,0,0,0,0,1,3,0,0,0,1,0,1,0,1,0,1,0,0,2,1,0,0,0,1,0,1,1,0,1
0,1,0,0,12,0,1,0,0,0,1,0,0,0,0,0,0,0,0,0,2930,0,1,0,0,0,0,0,1,0,0,2,0,1,0,0,1,0,0,1,1,0,0,0,1,0,1,0,0,1,0,0,1,1,0,0,0,1,0,1,1,0,1
0,0,1,0,24,1,0,0,0,0,0,1,0,0,0,0,0,0,0,0,1927,1,0,0,0,0,0,1,0,0,0,3,0,1,0,0,1,0,0,2,0,0,0,1,1,0,1,0,0,1,0,0,2,1,0,0,0,1,1,0,1,0,1
0,1,0,0,36,1,0,0,0,0,0,0,0,1,0,0,0,0,0,0,2820,0,1,0,0,0,0,0,0,0,1,4,0,0,1,0,1,0,0,4,0,0,0,1,1,0,1,0,0,1,0,0,2,1,0,0,0,1,0,1,1,0,1
0,0,1,0,24,0,1,0,0,0,0,0,0,0,0,0,0,0,0,1,937,0,1,0,0,0,0,0,0,0,1,4,0,0,0,1,1,0,0,3,0,0,0,1,1,0,1,0,0,1,0,0,2,0,1,0,0,1,0,1,1,0,1
0,1,0,0,12,1,0,0,0,0,0,0,0,1,0,0,0,0,0,0,3124,0,1,0,0,0,0,0,0,0,1,1,1,0,0,0,1,0,0,3,1,0,0,0,1,0,0,1,0,1,0,0,2,0,1,0,0,2,0,1,1,0,1
0,1,0,0,36,0,1,0,0,0,0,0,0,0,0,0,0,1,0,0,2384,0,1,0,0,0,0,0,0,0,1,4,1,0,0,0,1,0,0,1,0,0,1,0,1,0,1,0,0,0,0,1,1,0,1,0,0,1,0,1,1,0,1
0,0,1,0,12,0,1,0,0,0,0,0,0,1,0,0,0,0,0,0,2133,1,0,0,0,0,1,0,0,0,0,4,0,1,0,0,1,0,0,4,0,0,1,0,1,0,1,0,0,0,1,0,1,0,0,1,0,1,1,0,1,0,1
1,0,0,0,18,0,1,0,0,0,0,0,1,0,0,0,0,0,0,0,2039,0,1,0,0,0,0,1,0,0,0,1,0,1,0,0,1,0,0,4,1,0,0,0,0,1,0,1,0,0,0,1,1,1,0,0,0,1,0,1,1,0,1
1,0,0,0,9,1,0,0,0,0,0,0,0,1,0,0,0,0,0,0,2799,0,1,0,0,0,0,1,0,0,0,2,1,0,0,0,1,0,0,2,1,0,0,0,1,0,1,0,0,0,0,1,2,1,0,0,0,2,0,1,1,0,1
1,0,0,0,12,0,1,0,0,0,0,0,1,0,0,0,0,0,0,0,1289,0,1,0,0,0,0,1,0,0,0,4,1,0,0,0,0,1,0,1,0,1,0,0,0,1,1,0,0,1,0,0,1,0,1,0,0,1,0,1,1,0,1
1,0,0,0,18,0,1,0,0,0,0,0,0,0,0,0,1,0,0,0,1217,0,1,0,0,0,0,1,0,0,0,4,0,0,0,1,1,0,0,3,1,0,0,0,1,0,1,0,0,1,0,0,1,0,1,0,0,1,1,0,1,0,1
1,0,0,0,12,1,0,0,0,0,0,0,1,0,0,0,0,0,0,0,2246,0,1,0,0,0,1,0,0,0,0,3,1,0,0,0,1,0,0,3,0,1,0,0,1,0,1,0,0,1,0,0,2,1,0,0,0,1,0,1,1,0,1
1,0,0,0,12,1,0,0,0,0,1,0,0,0,0,0,0,0,0,0,385,0,1,0,0,0,0,0,1,0,0,4,0,1,0,0,1,0,0,3,1,0,0,0,1,0,1,0,0,1,0,0,4,0,1,0,0,1,1,0,1,0,1
0,1,0,0,24,0,0,0,0,1,0,0,0,1,0,0,0,0,0,0,1965,1,0,0,0,0,0,1,0,0,0,4,0,1,0,0,1,0,0,4,0,0,0,1,1,0,1,0,0,0,0,1,2,1,0,0,0,1,1,0,1,0,1
0,0,1,0,21,0,1,0,0,0,0,0,0,0,1,0,0,0,0,0,1572,0,0,0,1,0,1,0,0,0,0,4,0,1,0,0,1,0,0,4,1,0,0,0,1,0,0,1,0,1,0,0,1,0,1,0,0,1,0,1,1,0,1
0,1,0,0,24,0,1,0,0,0,0,0,0,1,0,0,0,0,0,0,2718,0,1,0,0,0,0,1,0,0,0,3,0,1,0,0,1,0,0,4,0,1,0,0,0,1,1,0,0,0,0,1,1,0,1,0,0,1,1,0,1,0,1
1,0,0,0,24,0,0,0,1,0,0,0,0,0,0,0,0,0,1,0,1358,1,0,0,0,0,1,0,0,0,0,4,1,0,0,0,1,0,0,3,0,0,0,1,1,0,0,0,1,1,0,0,1,0,0,1,0,1,1,0,1,0,1
0,1,0,0,6,0,0,0,1,0,0,0,0,1,0,0,0,0,0,0,931,0,0,0,0,1,0,0,0,0,1,1,0,1,0,0,1,0,0,1,0,1,0,0,1,0,0,0,1,1,0,0,1,0,1,0,0,1,0,1,1,0,1
1,0,0,0,24,0,1,0,0,0,0,0,0,1,0,0,0,0,0,0,1442,0,1,0,0,0,0,0,1,0,0,4,0,1,0,0,1,0,0,4,0,0,0,1,0,1,1,0,0,0,0,1,2,1,0,0,0,1,0,1,1,0,1
0,1,0,0,24,0,0,1,0,0,0,0,0,0,1,0,0,0,0,0,4241,0,1,0,0,0,0,1,0,0,0,1,1,0,0,0,1,0,0,4,1,0,0,0,1,0,1,0,0,1,0,0,3,0,1,0,0,1,1,0,1,0,1
0,0,1,0,24,0,0,0,0,1,0,0,0,0,1,0,0,0,0,0,3863,0,1,0,0,0,0,1,0,0,0,1,1,0,0,0,1,0,0,2,0,0,1,0,1,0,1,0,0,0,1,0,1,1,0,0,0,1,0,1,1,0,1
0,1,0,0,7,0,1,0,0,0,1,0,0,0,0,0,0,0,0,0,2329,0,1,0,0,0,0,0,0,0,1,1,0,1,0,0,0,1,0,1,1,0,0,0,1,0,1,0,0,1,0,0,1,1,0,0,0,1,0,1,1,0,1
0,1,0,0,24,0,0,0,1,0,0,1,0,0,0,0,0,0,0,0,1837,0,1,0,0,0,0,0,1,0,0,4,0,1,0,0,1,0,0,4,0,0,1,0,1,0,0,1,0,0,1,0,1,0,1,0,0,1,0,1,1,0,1
0,0,0,1,10,0,1,0,0,0,0,0,1,0,0,0,0,0,0,0,1275,0,1,0,0,0,0,0,0,0,1,4,0,1,0,0,1,0,0,2,0,1,0,0,0,1,1,0,0,1,0,0,1,1,0,0,0,1,0,1,1,0,1
1,0,0,0,24,0,0,0,1,0,0,0,1,0,0,0,0,0,0,0,2828,0,0,1,0,0,0,1,0,0,0,4,1,0,0,0,1,0,0,4,1,0,0,0,0,1,0,0,1,1,0,0,1,1,0,0,0,1,1,0,1,0,1
0,0,1,0,24,1,0,0,0,0,0,0,0,0,1,0,0,0,0,0,4526,0,1,0,0,0,0,1,0,0,0,3,1,0,0,0,1,0,0,2,1,0,0,0,1,0,1,0,0,1,0,0,1,0,0,1,0,1,1,0,1,0,1
0,1,0,0,36,0,1,0,0,0,1,0,0,0,0,0,0,0,0,0,2671,0,0,0,0,1,0,1,0,0,0,4,0,1,0,0,0,0,1,4,0,0,1,0,1,0,1,0,0,0,1,0,1,1,0,0,0,1,0,1,1,0,1
0,0,1,0,18,0,1,0,0,0,1,0,0,0,0,0,0,0,0,0,2051,0,1,0,0,0,0,0,0,0,1,4,1,0,0,0,1,0,0,1,1,0,0,0,1,0,1,0,0,1,0,0,1,1,0,0,0,1,0,1,1,0,1
0,0,1,0,15,0,1,0,0,0,0,0,0,0,0,1,0,0,0,0,1300,1,0,0,0,0,1,0,0,0,0,4,1,0,0,0,1,0,0,4,0,0,1,0,1,0,0,1,0,0,1,0,1,1,0,0,0,2,0,1,1,0,1
1,0,0,0,12,0,1,0,0,0,0,0,0,0,0,0,1,0,0,0,741,0,0,0,0,1,0,0,0,1,0,4,0,1,0,0,1,0,0,3,0,1,0,0,0,1,1,0,0,1,0,0,1,1,0,0,0,1,0,1,1,0,1
0,0,0,1,10,0,1,0,0,0,0,0,0,1,0,0,0,0,0,0,1240,0,0,0,0,1,1,0,0,0,0,1,0,1,0,0,1,0,0,4,0,0,1,0,1,0,1,0,0,0,1,0,1,0,1,0,0,2,0,1,1,0,1
1,0,0,0,21,0,1,0,0,0,1,0,0,0,0,0,0,0,0,0,3357,0,0,0,1,0,0,0,0,0,1,4,0,1,0,0,1,0,0,2,0,0,0,1,1,0,0,1,0,1,0,0,1,1,0,0,0,1,0,1,1,0,1
1,0,0,0,24,0,0,0,1,0,0,0,0,0,0,1,0,0,0,0,3632,0,1,0,0,0,0,1,0,0,0,1,0,1,0,0,0,1,0,4,0,0,0,1,0,1,0,1,0,0,0,1,1,1,0,0,0,1,0,1,0,1,1
0,1,0,0,48,0,0,1,0,0,0,0,0,0,1,0,0,0,0,0,12204,1,0,0,0,0,0,1,0,0,0,2,1,0,0,0,1,0,0,2,0,0,0,1,1,0,0,1,0,1,0,0,1,0,0,1,0,1,1,0,1,0,1
0,1,0,0,60,0,0,0,0,1,1,0,0,0,0,0,0,0,0,0,9157,1,0,0,0,0,0,1,0,0,0,2,1,0,0,0,1,0,0,2,0,0,1,0,1,0,1,0,0,0,1,0,1,0,0,1,0,1,0,1,1,0,1
0,1,0,0,30,0,1,0,0,0,0,0,1,0,0,0,0,0,0,0,3441,0,0,0,0,1,0,1,0,0,0,2,0,1,0,0,0,0,1,4,0,0,0,1,0,1,1,0,0,0,0,1,1,1,0,0,0,1,0,1,1,0,1
0,0,1,0,12,0,1,0,0,0,0,0,0,1,0,0,0,0,0,0,640,0,1,0,0,0,0,1,0,0,0,4,0,0,1,0,1,0,0,2,1,0,0,0,1,0,1,0,0,1,0,0,1,0,1,0,0,1,0,1,1,0,1
0,0,1,0,18,1,0,0,0,0,0,0,0,1,0,0,0,0,0,0,1530,0,1,0,0,0,0,1,0,0,0,3,1,0,0,0,1,0,0,2,0,1,0,0,1,0,0,1,0,1,0,0,2,1,0,0,0,1,0,1,1,0,1
1,0,0,0,12,0,1,0,0,0,0,0,1,0,0,0,0,0,0,0,1858,0,1,0,0,0,0,0,0,0,1,4,0,1,0,0,1,0,0,1,0,0,0,1,0,1,1,0,0,0,0,1,1,1,0,0,0,1,0,1,1,0,1
1,0,0,0,18,0,1,0,0,0,1,0,0,0,0,0,0,0,0,0,2600,0,1,0,0,0,0,1,0,0,0,4,1,0,0,0,1,0,0,4,0,0,1,0,1,0,1,0,0,0,1,0,2,1,0,0,0,1,0,1,1,0,1
0,0,1,0,15,0,1,0,0,0,1,0,0,0,0,0,0,0,0,0,1979,1,0,0,0,0,1,0,0,0,0,4,1,0,0,0,1,0,0,2,0,0,0,1,1,0,1,0,0,1,0,0,1,1,0,0,0,1,0,1,1,0,1
0,0,1,0,9,0,1,0,0,0,0,1,0,0,0,0,0,0,0,0,3832,1,0,0,0,0,1,0,0,0,0,1,1,0,0,0,1,0,0,4,1,0,0,0,1,0,1,0,0,1,0,0,1,0,1,0,0,1,0,1,1,0,1
1,0,0,0,24,0,1,0,0,0,1,0,0,0,0,0,0,0,0,0,3660,0,1,0,0,0,0,1,0,0,0,2,0,1,0,0,1,0,0,4,0,0,0,1,1,0,1,0,0,1,0,0,1,1,0,0,0,1,0,1,1,0,1
1,0,0,0,18,0,0,0,1,0,0,0,1,0,0,0,0,0,0,0,1553,0,1,0,0,0,0,1,0,0,0,4,1,0,0,0,1,0,0,3,0,0,0,1,1,0,0,1,0,1,0,0,1,1,0,0,0,1,0,1,1,0,1
0,1,0,0,15,0,1,0,0,0,1,0,0,0,0,0,0,0,0,0,1444,1,0,0,0,0,0,0,0,0,1,4,1,0,0,0,1,0,0,1,0,1,0,0,0,1,1,0,0,1,0,0,1,1,0,0,0,1,0,1,1,0,1
0,0,1,0,9,0,1,0,0,0,0,0,1,0,0,0,0,0,0,0,1980,0,1,0,0,0,0,0,0,0,1,2,0,1,0,0,0,0,1,2,0,0,0,1,0,1,1,0,0,0,0,1,2,1,0,0,0,1,0,1,1,0,1
0,1,0,0,24,0,1,0,0,0,0,0,0,1,0,0,0,0,0,0,1355,0,1,0,0,0,0,0,0,0,1,3,0,1,0,0,1,0,0,4,0,0,0,1,0,1,1,0,0,1,0,0,1,0,1,0,0,1,1,0,1,0,1
0,0,1,0,24,0,1,0,0,0,1,0,0,0,0,0,0,0,0,0,1376,0,0,1,0,0,0,0,1,0,0,4,0,1,0,0,1,0,0,1,0,0,0,1,1,0,1,0,0,1,0,0,1,1,0,0,0,1,0,1,1,0,1
0,0,1,0,60,0,0,0,0,1,1,0,0,0,0,0,0,0,0,0,15653,0,1,0,0,0,0,0,1,0,0,2,1,0,0,0,1,0,0,4,0,0,0,1,0,1,1,0,0,1,0,0,2,1,0,0,0,1,1,0,1,0,1
0,0,1,0,12,0,1,0,0,0,1,0,0,0,0,0,0,0,0,0,1493,0,1,0,0,0,0,0,0,0,1,4,0,1,0,0,1,0,0,3,0,0,0,1,1,0,1,0,0,1,0,0,1,1,0,0,0,2,0,1,1,0,1
1,0,0,0,18,0,1,0,0,0,0,1,0,0,0,0,0,0,0,0,750,0,1,0,0,0,0,0,0,1,0,4,0,1,0,0,1,0,0,1,1,0,0,0,1,0,1,0,0,1,0,0,1,0,0,0,1,1,0,1,1,0,1
0,1,0,0,15,0,1,0,0,0,0,0,0,0,0,0,0,1,0,0,1308,0,1,0,0,0,1,0,0,0,0,4,1,0,0,0,1,0,0,4,0,0,0,1,1,0,1,0,0,1,0,0,2,0,1,0,0,1,0,1,1,0,1
0,0,1,0,15,0,1,0,0,0,0,1,0,0,0,0,0,0,0,0,4623,0,0,0,0,1,0,1,0,0,0,3,1,0,0,0,1,0,0,2,0,1,0,0,1,0,1,0,0,1,0,0,1,0,0,1,0,1,1,0,1,0,1
0,0,1,0,24,1,0,0,0,0,1,0,0,0,0,0,0,0,0,0,1851,0,1,0,0,0,0,0,1,0,0,4,0,0,0,1,0,1,0,2,0,0,0,1,1,0,1,0,0,1,0,0,2,1,0,0,0,1,1,0,1,0,1
0,0,1,0,12,0,1,0,0,0,0,0,0,1,0,0,0,0,0,0,1386,0,0,1,0,0,0,1,0,0,0,2,0,1,0,0,1,0,0,2,0,1,0,0,1,0,1,0,0,1,0,0,1,1,0,0,0,1,0,1,1,0,1
0,0,0,1,24,0,1,0,0,0,0,0,0,1,0,0,0,0,0,0,947,0,1,0,0,0,0,0,1,0,0,4,1,0,0,0,1,0,0,3,0,0,1,0,1,0,0,1,0,0,1,0,1,1,0,0,0,2,0,1,1,0,1
1,0,0,0,12,0,1,0,0,0,0,1,0,0,0,0,0,0,0,0,684,0,1,0,0,0,0,1,0,0,0,4,1,0,0,0,1,0,0,4,0,0,0,1,1,0,1,0,0,0,0,1,1,0,1,0,0,2,0,1,1,0,1
1,0,0,0,48,0,1,0,0,0,0,1,0,0,0,0,0,0,0,0,7476,0,1,0,0,0,0,0,1,0,0,4,1,0,0,0,1,0,0,1,0,0,1,0,1,0,1,0,0,0,1,0,1,0,0,1,0,1,1,0,1,0,1
0,1,0,0,12,0,1,0,0,0,0,0,1,0,0,0,0,0,0,0,1922,0,1,0,0,0,0,1,0,0,0,4,1,0,0,0,1,0,0,2,0,1,0,0,1,0,1,0,0,1,0,0,1,0,1,0,0,1,0,1,1,0,1
1,0,0,0,24,0,1,0,0,0,0,0,0,1,0,0,0,0,0,0,2303,0,1,0,0,0,1,0,0,0,0,4,1,0,0,0,0,0,1,1,1,0,0,0,1,0,1,0,0,1,0,0,1,1,0,0,0,1,0,1,1,0,1
1,0,0,0,14,0,1,0,0,0,0,0,0,1,0,0,0,0,0,0,3973,0,1,0,0,0,0,0,0,1,0,1,1,0,0,0,1,0,0,4,0,0,1,0,0,1,1,0,0,0,1,0,1,1,0,0,0,1,0,1,1,0,1
0,0,1,0,48,0,1,0,0,0,1,0,0,0,0,0,0,0,0,0,10222,1,0,0,0,0,0,0,1,0,0,4,1,0,0,0,1,0,0,3,0,0,0,1,1,0,0,0,1,1,0,0,1,1,0,0,0,1,1,0,1,0,1
0,1,0,0,30,0,0,1,0,0,0,0,0,0,1,0,0,0,0,0,4221,0,1,0,0,0,0,1,0,0,0,2,0,1,0,0,1,0,0,1,0,0,0,1,1,0,1,0,0,1,0,0,2,1,0,0,0,1,0,1,1,0,1
0,0,1,0,21,0,1,0,0,0,0,0,1,0,0,0,0,0,0,0,2241,0,1,0,0,0,1,0,0,0,0,4,1,0,0,0,1,0,0,2,1,0,0,0,1,0,1,0,0,1,0,0,2,1,0,0,0,1,0,1,1,0,1
0,1,0,0,6,0,0,0,0,1,0,0,1,0,0,0,0,0,0,0,1050,0,1,0,0,0,0,0,0,1,0,4,1,0,0,0,1,0,0,1,0,1,0,0,1,0,0,0,1,1,0,0,2,0,0,1,0,1,1,0,1,0,1
0,0,0,1,6,1,0,0,0,0,0,1,0,0,0,0,0,0,0,0,1047,0,1,0,0,0,0,1,0,0,0,2,0,1,0,0,1,0,0,4,0,1,0,0,1,0,1,0,0,1,0,0,1,0,1,0,0,1,0,1,1,0,1
0,0,1,0,24,1,0,0,0,0,0,0,0,0,0,0,0,0,1,0,6314,0,1,0,0,0,0,0,0,1,0,4,1,0,0,0,0,0,1,2,0,0,1,0,1,0,0,1,0,1,0,0,2,0,0,1,0,1,1,0,1,0,1
0,1,0,0,30,0,0,0,1,0,0,0,1,0,0,0,0,0,0,0,3496,0,0,0,1,0,0,1,0,0,0,4,1,0,0,0,1,0,0,2,0,0,0,1,1,0,0,0,1,1,0,0,1,1,0,0,0,2,1,0,1,0,1
1,0,0,0,12,1,0,0,0,0,0,0,0,1,0,0,0,0,0,0,4843,0,1,0,0,0,1,0,0,0,0,3,1,0,0,0,0,0,1,4,0,1,0,0,1,0,1,0,0,0,0,1,2,1,0,0,0,1,1,0,1,0,1
0,0,0,1,30,1,0,0,0,0,1,0,0,0,0,0,0,0,0,0,3017,0,1,0,0,0,1,0,0,0,0,4,1,0,0,0,1,0,0,4,0,1,0,0,1,0,1,0,0,1,0,0,1,1,0,0,0,1,0,1,1,0,1
0,0,1,0,24,1,0,0,0,0,0,0,0,0,1,0,0,0,0,0,4139,0,0,0,0,1,0,1,0,0,0,3,1,0,0,0,1,0,0,3,0,1,0,0,1,0,1,0,0,1,0,0,2,0,1,0,0,1,1,0,1,0,1
0,0,1,0,36,0,1,0,0,0,0,0,0,0,1,0,0,0,0,0,5742,0,0,0,0,1,0,0,1,0,0,2,1,0,0,0,1,0,0,2,0,0,0,1,1,0,1,0,0,1,0,0,2,1,0,0,0,1,1,0,1,0,1
0,0,1,0,60,0,1,0,0,0,0,0,0,1,0,0,0,0,0,0,10366,0,1,0,0,0,1,0,0,0,0,2,1,0,0,0,1,0,0,4,0,1,0,0,1,0,1,0,0,1,0,0,1,0,0,1,0,1,1,0,1,0,1
0,0,1,0,21,0,0,0,0,1,0,0,0,0,1,0,0,0,0,0,2580,0,0,1,0,0,0,0,0,0,1,4,1,0,0,0,1,0,0,2,1,0,0,0,1,0,0,1,0,1,0,0,1,0,1,0,0,2,0,1,1,0,1
0,0,1,0,30,1,0,0,0,0,1,0,0,0,0,0,0,0,0,0,4530,0,1,0,0,0,0,0,1,0,0,4,0,1,0,0,1,0,0,4,0,0,0,1,1,0,1,0,0,0,0,1,1,0,0,1,0,1,1,0,1,0,1
0,0,1,0,24,1,0,0,0,0,0,0,1,0,0,0,0,0,0,0,5150,0,1,0,0,0,1,0,0,0,0,4,1,0,0,0,1,0,0,4,0,0,0,1,1,0,1,0,0,1,0,0,1,1,0,0,0,1,1,0,1,0,1
0,1,0,0,72,0,1,0,0,0,1,0,0,0,0,0,0,0,0,0,5595,0,0,0,0,1,0,1,0,0,0,2,0,0,0,1,1,0,0,2,0,0,0,1,0,1,1,0,0,1,0,0,1,1,0,0,0,1,0,1,1,0,1
1,0,0,0,24,0,1,0,0,0,1,0,0,0,0,0,0,0,0,0,2384,0,1,0,0,0,1,0,0,0,0,4,1,0,0,0,1,0,0,4,1,0,0,0,1,0,0,1,0,0,0,1,1,0,1,0,0,1,0,1,1,0,1
0,0,1,0,18,0,1,0,0,0,1,0,0,0,0,0,0,0,0,0,1453,0,1,0,0,0,0,0,0,0,1,3,0,1,0,0,1,0,0,1,1,0,0,0,1,0,1,0,0,1,0,0,1,1,0,0,0,1,0,1,1,0,1
0,1,0,0,36,0,0,0,0,1,0,0,0,0,1,0,0,0,0,0,9857,0,0,0,0,1,0,0,1,0,0,1,1,0,0,0,1,0,0,3,0,1,0,0,1,0,1,0,0,1,0,0,2,0,1,0,0,2,1,0,1,0,1
0,0,1,0,60,0,1,0,0,0,0,0,0,1,0,0,0,0,0,0,6527,1,0,0,0,0,0,1,0,0,0,4,1,0,0,0,1,0,0,4,0,0,1,0,1,0,1,0,0,0,1,0,1,1,0,0,0,2,1,0,1,0,1
0,0,0,1,10,1,0,0,0,0,1,0,0,0,0,0,0,0,0,0,1347,1,0,0,0,0,0,0,1,0,0,4,1,0,0,0,1,0,0,2,0,1,0,0,1,0,1,0,0,1,0,0,2,1,0,0,0,1,1,0,1,0,1
0,1,0,0,36,0,0,0,0,1,0,0,0,1,0,0,0,0,0,0,2862,0,0,0,0,1,1,0,0,0,0,4,1,0,0,0,1,0,0,3,0,0,1,0,1,0,1,0,0,0,1,0,1,1,0,0,0,1,0,1,1,0,1
0,0,1,0,9,0,1,0,0,0,1,0,0,0,0,0,0,0,0,0,2753,0,0,0,0,1,1,0,0,0,0,3,1,0,0,0,0,0,1,4,0,0,0,1,1,0,1,0,0,1,0,0,1,1,0,0,0,1,1,0,1,0,1
1,0,0,0,12,0,1,0,0,0,0,0,0,1,0,0,0,0,0,0,3651,0,0,0,1,0,0,1,0,0,0,1,1,0,0,0,1,0,0,3,0,1,0,0,1,0,1,0,0,1,0,0,1,1,0,0,0,2,0,1,1,0,1
1,0,0,0,15,1,0,0,0,0,0,0,1,0,0,0,0,0,0,0,975,0,1,0,0,0,0,1,0,0,0,2,0,0,1,0,1,0,0,3,0,1,0,0,0,1,1,0,0,1,0,0,2,1,0,0,0,1,0,1,1,0,1
0,1,0,0,15,0,1,0,0,0,0,0,0,0,0,0,0,1,0,0,2631,0,0,0,0,1,0,1,0,0,0,3,0,1,0,0,1,0,0,2,1,0,0,0,0,1,1,0,0,1,0,0,1,0,1,0,0,1,0,1,1,0,1
0,1,0,0,24,0,1,0,0,0,1,0,0,0,0,0,0,0,0,0,2896,0,0,0,0,1,0,0,0,0,1,2,1,0,0,0,1,0,0,1,0,0,0,1,1,0,1,0,0,1,0,0,1,1,0,0,0,1,0,1,1,0,1
0,0,1,0,24,0,1,0,0,0,1,0,0,0,0,0,0,0,0,0,2284,0,1,0,0,0,0,0,1,0,0,4,1,0,0,0,1,0,0,2,0,0,0,1,1,0,1,0,0,1,0,0,1,1,0,0,0,1,1,0,1,0,1
0,1,0,0,12,0,1,0,0,0,1,0,0,0,0,0,0,0,0,0,1103,0,1,0,0,0,0,0,1,0,0,4,1,0,0,0,0,1,0,3,1,0,0,0,1,0,1,0,0,1,0,0,2,1,0,0,0,1,0,1,0,1,1
0,0,1,0,12,1,0,0,0,0,0,0,0,1,0,0,0,0,0,0,926,0,1,0,0,0,0,0,0,1,0,1,0,1,0,0,1,0,0,2,0,1,0,0,1,0,1,0,0,1,0,0,1,0,0,0,1,1,0,1,1,0,1
0,0,1,0,18,1,0,0,0,0,1,0,0,0,0,0,0,0,0,0,1800,0,1,0,0,0,0,1,0,0,0,4,1,0,0,0,1,0,0,2,0,0,0,1,0,1,1,0,0,1,0,0,2,1,0,0,0,1,0,1,1,0,1
0,0,0,1,15,0,1,0,0,0,0,1,0,0,0,0,0,0,0,0,1905,0,1,0,0,0,1,0,0,0,0,4,1,0,0,0,1,0,0,4,0,0,0,1,1,0,1,0,0,0,0,1,1,0,0,1,0,1,1,0,1,0,1
0,0,1,0,12,0,1,0,0,0,0,0,1,0,0,0,0,0,0,0,1123,0,0,1,0,0,0,1,0,0,0,4,0,1,0,0,1,0,0,4,0,0,0,1,1,0,1,0,0,0,0,1,1,0,1,0,0,1,0,1,1,0,1
1,0,0,0,48,1,0,0,0,0,0,0,0,0,0,1,0,0,0,0,6331,0,1,0,0,0,1,0,0,0,0,4,1,0,0,0,1,0,0,4,0,0,1,0,1,0,1,0,0,0,1,0,2,1,0,0,0,1,1,0,1,0,1
0,1,0,0,30,0,0,0,0,1,0,0,0,0,1,0,0,0,0,0,2503,0,0,0,0,1,1,0,0,0,0,4,1,0,0,0,1,0,0,2,0,1,0,0,1,0,0,0,1,1,0,0,2,1,0,0,0,1,0,1,1,0,1
0,1,0,0,27,0,1,0,0,0,0,0,0,0,1,0,0,0,0,0,2528,0,1,0,0,0,0,0,0,0,1,4,0,1,0,0,1,0,0,1,0,1,0,0,1,0,1,0,0,1,0,0,1,1,0,0,0,2,1,0,1,0,1
0,1,0,0,48,0,1,0,0,0,0,0,0,1,0,0,0,0,0,0,6560,0,0,0,0,1,0,0,1,0,0,3,1,0,0,0,1,0,0,2,0,1,0,0,0,1,1,0,0,1,0,0,1,1,0,0,0,1,0,1,1,0,1
0,1,0,0,12,0,0,1,0,0,0,0,1,0,0,0,0,0,0,0,2969,0,1,0,0,0,0,0,0,0,1,4,0,1,0,0,1,0,0,3,0,1,0,0,0,1,1,0,0,0,0,1,2,1,0,0,0,1,0,1,1,0,1
0,1,0,0,9,0,1,0,0,0,1,0,0,0,0,0,0,0,0,0,2118,0,1,0,0,0,0,1,0,0,0,2,1,0,0,0,1,0,0,2,1,0,0,0,1,0,1,0,0,1,0,0,1,0,1,0,0,2,0,1,1,0,1
0,0,1,0,18,1,0,0,0,0,1,0,0,0,0,0,0,0,0,0,629,0,0,1,0,0,1,0,0,0,0,4,1,0,0,0,1,0,0,3,0,1,0,0,1,0,0,1,0,1,0,0,2,0,0,1,0,1,1,0,1,0,1
1,0,0,0,6,0,0,0,1,0,0,1,0,0,0,0,0,0,0,0,1198,0,1,0,0,0,1,0,0,0,0,4,0,1,0,0,1,0,0,4,0,0,1,0,1,0,1,0,0,0,1,0,1,1,0,0,0,1,0,1,1,0,1
1,0,0,0,9,1,0,0,0,0,1,0,0,0,0,0,0,0,0,0,1138,0,1,0,0,0,0,1,0,0,0,4,1,0,0,0,1,0,0,4,1,0,0,0,0,1,1,0,0,1,0,0,2,0,1,0,0,1,0,1,1,0,1
0,1,0,0,60,0,1,0,0,0,0,0,0,1,0,0,0,0,0,0,14027,0,1,0,0,0,0,0,1,0,0,4,1,0,0,0,1,0,0,2,0,0,1,0,1,0,1,0,0,1,0,0,1,0,0,1,0,1,1,0,1,0,1
0,0,1,0,30,1,0,0,0,0,1,0,0,0,0,0,0,0,0,0,3077,1,0,0,0,0,1,0,0,0,0,3,1,0,0,0,1,0,0,2,0,0,0,1,1,0,1,0,0,1,0,0,2,1,0,0,0,2,1,0,1,0,1
0,0,1,0,18,0,1,0,0,0,1,0,0,0,0,0,0,0,0,0,1505,0,1,0,0,0,0,1,0,0,0,4,1,0,0,0,1,0,0,2,0,0,1,0,1,0,1,0,0,0,1,0,1,0,0,1,0,1,1,0,1,0,1
0,0,0,1,24,1,0,0,0,0,1,0,0,0,0,0,0,0,0,0,3148,1,0,0,0,0,0,1,0,0,0,3,1,0,0,0,1,0,0,2,0,0,0,1,1,0,1,0,0,1,0,0,2,1,0,0,0,1,1,0,1,0,1
0,1,0,0,20,0,0,1,0,0,0,0,0,0,0,1,0,0,0,0,6148,0,0,0,0,1,1,0,0,0,0,3,0,0,0,1,1,0,0,4,0,0,0,1,1,0,0,1,0,1,0,0,2,1,0,0,0,1,1,0,1,0,1
1,0,0,0,12,0,1,0,0,0,0,0,0,1,0,0,0,0,0,0,1228,0,1,0,0,0,0,1,0,0,0,4,0,1,0,0,1,0,0,2,1,0,0,0,0,1,1,0,0,1,0,0,1,0,1,0,0,1,0,1,1,0,1
0,1,0,0,9,0,1,0,0,0,1,0,0,0,0,0,0,0,0,0,790,0,0,1,0,0,0,1,0,0,0,4,0,1,0,0,1,0,0,3,1,0,0,0,1,0,1,0,0,1,0,0,1,0,1,0,0,1,0,1,1,0,1
0,0,1,0,6,1,0,0,0,0,0,0,0,1,0,0,0,0,0,0,250,0,0,0,1,0,0,1,0,0,0,2,0,1,0,0,1,0,0,2,1,0,0,0,1,0,0,1,0,1,0,0,2,0,1,0,0,1,0,1,1,0,1
1,0,0,0,18,0,1,0,0,0,1,0,0,0,0,0,0,0,0,0,1882,0,1,0,0,0,0,1,0,0,0,4,0,1,0,0,1,0,0,4,0,0,0,1,0,1,0,1,0,0,0,1,2,1,0,0,0,1,0,1,1,0,1
0,0,0,1,24,1,0,0,0,0,0,0,0,0,1,0,0,0,0,0,1275,0,0,0,1,0,0,1,0,0,0,2,0,0,1,0,1,0,0,4,1,0,0,0,1,0,1,0,0,1,0,0,2,1,0,0,0,1,1,0,1,0,1
0,1,0,0,24,0,0,0,0,1,1,0,0,0,0,0,0,0,0,0,6403,0,1,0,0,0,0,0,0,0,1,1,1,0,0,0,1,0,0,2,0,0,0,1,1,0,1,0,0,1,0,0,1,1,0,0,0,1,0,1,1,0,1
1,0,0,0,24,0,1,0,0,0,1,0,0,0,0,0,0,0,0,0,1987,0,1,0,0,0,0,1,0,0,0,2,1,0,0,0,1,0,0,4,1,0,0,0,0,1,1,0,0,0,0,1,1,0,1,0,0,2,0,1,1,0,1
0,1,0,0,8,0,1,0,0,0,1,0,0,0,0,0,0,0,0,0,760,0,1,0,0,0,0,0,1,0,0,4,0,1,0,0,0,1,0,2,1,0,0,0,1,0,1,0,0,1,0,0,1,0,1,0,0,1,0,1,1,0,1
0,0,1,0,4,1,0,0,0,0,0,0,0,1,0,0,0,0,0,0,3380,0,1,0,0,0,0,0,1,0,0,1,0,1,0,0,1,0,0,1,1,0,0,0,1,0,1,0,0,1,0,0,1,1,0,0,0,2,0,1,1,0,1
0,1,0,0,36,0,0,0,1,0,0,0,0,0,0,0,1,0,0,0,3990,1,0,0,0,0,0,0,0,0,1,3,0,1,0,0,1,0,0,2,0,0,1,0,1,0,0,1,0,1,0,0,1,0,0,0,1,1,0,1,1,0,1
0,1,0,0,24,0,1,0,0,0,0,0,0,0,0,1,0,0,0,0,11560,0,1,0,0,0,0,1,0,0,0,1,0,1,0,0,1,0,0,4,0,0,0,1,0,1,1,0,0,0,0,1,2,0,0,1,0,1,0,1,1,0,1
1,0,0,0,18,0,1,0,0,0,0,0,0,1,0,0,0,0,0,0,4380,0,0,0,0,1,0,1,0,0,0,3,1,0,0,0,1,0,0,4,0,0,0,1,1,0,1,0,0,1,0,0,1,0,1,0,0,2,1,0,1,0,1
0,0,1,0,6,1,0,0,0,0,0,0,0,1,0,0,0,0,0,0,6761,0,1,0,0,0,0,0,1,0,0,1,1,0,0,0,1,0,0,3,0,0,1,0,1,0,1,0,0,1,0,0,2,0,0,1,0,2,1,0,1,0,1
0,1,0,0,30,0,0,1,0,0,0,0,0,0,1,0,0,0,0,0,4280,0,0,0,0,1,0,1,0,0,0,4,0,1,0,0,1,0,0,4,0,0,0,1,1,0,1,0,0,0,0,1,2,0,1,0,0,1,0,1,1,0,1
1,0,0,0,24,0,0,0,1,0,0,0,0,1,0,0,0,0,0,0,2325,0,0,0,0,1,0,0,1,0,0,2,1,0,0,0,1,0,0,3,0,0,0,1,1,0,0,1,0,1,0,0,1,1,0,0,0,1,0,1,1,0,1
0,1,0,0,10,0,0,0,1,0,1,0,0,0,0,0,0,0,0,0,1048,0,1,0,0,0,0,1,0,0,0,4,1,0,0,0,1,0,0,4,1,0,0,0,0,1,0,0,1,1,0,0,1,0,1,0,0,1,0,1,1,0,1
0,0,1,0,21,0,1,0,0,0,1,0,0,0,0,0,0,0,0,0,3160,1,0,0,0,0,1,0,0,0,0,4,1,0,0,0,1,0,0,3,0,1,0,0,1,0,1,0,0,1,0,0,1,1,0,0,0,1,1,0,1,0,1
1,0,0,0,24,0,0,0,1,0,0,0,1,0,0,0,0,0,0,0,2483,0,0,1,0,0,0,1,0,0,0,4,1,0,0,0,1,0,0,4,1,0,0,0,0,1,0,0,1,1,0,0,1,1,0,0,0,1,1,0,1,0,1
1,0,0,0,39,1,0,0,0,0,0,0,1,0,0,0,0,0,0,0,14179,1,0,0,0,0,0,0,1,0,0,4,1,0,0,0,1,0,0,4,0,1,0,0,1,0,1,0,0,1,0,0,2,0,0,1,0,1,1,0,1,0,1
1,0,0,0,15,0,1,0,0,0,0,0,0,1,0,0,0,0,0,0,2511,0,1,0,0,0,0,0,0,1,0,1,0,1,0,0,1,0,0,4,0,0,0,1,0,1,1,0,0,0,0,1,1,1,0,0,0,1,0,1,1,0,1
1,0,0,0,12,0,1,0,0,0,0,0,0,1,0,0,0,0,0,0,1274,0,1,0,0,0,0,0,0,0,1,3,0,1,0,0,1,0,0,1,1,0,0,0,1,0,1,0,0,1,0,0,1,0,1,0,0,1,0,1,1,0,1
0,0,1,0,15,0,1,0,0,0,0,0,0,0,0,1,0,0,0,0,3029,0,1,0,0,0,0,0,1,0,0,2,1,0,0,0,1,0,0,2,0,0,0,1,1,0,1,0,0,1,0,0,1,1,0,0,0,1,0,1,1,0,1
1,0,0,0,18,0,1,0,0,0,0,0,0,1,0,0,0,0,0,0,976,0,1,0,0,0,0,0,0,0,1,1,0,1,0,0,1,0,0,2,0,0,0,1,0,1,1,0,0,1,0,0,1,0,1,0,0,1,0,1,1,0,1
0,0,1,0,30,1,0,0,0,0,1,0,0,0,0,0,0,0,0,0,5771,0,1,0,0,0,0,0,1,0,0,4,0,1,0,0,1,0,0,2,0,0,0,1,0,1,1,0,0,1,0,0,2,1,0,0,0,1,0,1,1,0,1
0,0,1,0,12,0,0,0,0,1,0,0,0,0,0,0,0,1,0,0,1555,0,0,0,1,0,1,0,0,0,0,4,1,0,0,0,1,0,0,4,0,0,1,0,1,0,1,0,0,0,1,0,2,1,0,0,0,2,0,1,1,0,1
0,0,0,1,15,1,0,0,0,0,1,0,0,0,0,0,0,0,0,0,1271,1,0,0,0,0,0,1,0,0,0,3,1,0,0,0,1,0,0,4,0,0,1,0,1,0,1,0,0,0,1,0,2,1,0,0,0,1,1,0,1,0,1
0,0,1,0,24,0,1,0,0,0,0,0,0,1,0,0,0,0,0,0,1393,0,1,0,0,0,0,1,0,0,0,2,1,0,0,0,0,1,0,2,1,0,0,0,1,0,1,0,0,1,0,0,1,1,0,0,0,1,1,0,1,0,1
1,0,0,0,18,1,0,0,0,0,0,0,1,0,0,0,0,0,0,0,2124,0,1,0,0,0,0,1,0,0,0,4,0,1,0,0,1,0,0,4,1,0,0,0,0,1,1,0,0,0,0,1,2,1,0,0,0,1,0,1,1,0,1
1,0,0,0,12,0,1,0,0,0,1,0,0,0,0,0,0,0,0,0,2214,0,1,0,0,0,0,1,0,0,0,4,1,0,0,0,1,0,0,3,0,1,0,0,0,1,1,0,0,1,0,0,1,0,1,0,0,1,0,1,1,0,1
0,0,1,0,21,1,0,0,0,0,0,0,0,1,0,0,0,0,0,0,12680,1,0,0,0,0,1,0,0,0,0,4,1,0,0,0,1,0,0,4,0,0,1,0,1,0,1,0,0,0,1,0,1,0,0,1,0,1,1,0,1,0,1
0,0,1,0,24,1,0,0,0,0,0,0,0,1,0,0,0,0,0,0,2463,0,0,0,0,1,0,0,1,0,0,4,0,0,0,1,1,0,0,3,0,1,0,0,1,0,1,0,0,1,0,0,2,1,0,0,0,1,1,0,1,0,1
0,1,0,0,12,0,1,0,0,0,1,0,0,0,0,0,0,0,0,0,1155,0,1,0,0,0,1,0,0,0,0,3,0,0,0,1,0,1,0,3,1,0,0,0,1,0,0,1,0,1,0,0,2,0,1,0,0,1,0,1,1,0,1
1,0,0,0,30,0,1,0,0,0,0,0,1,0,0,0,0,0,0,0,3108,0,1,0,0,0,0,0,0,0,1,2,0,0,1,0,1,0,0,4,0,1,0,0,1,0,1,0,0,1,0,0,1,0,1,0,0,1,0,1,1,0,1
0,0,1,0,12,1,0,0,0,0,1,0,0,0,0,0,0,0,0,0,1655,0,1,0,0,0,1,0,0,0,0,2,1,0,0,0,1,0,0,4,1,0,0,0,1,0,1,0,0,1,0,0,2,0,1,0,0,1,1,0,1,0,1
1,0,0,0,24,0,1,0,0,0,0,0,0,0,0,1,0,0,0,0,2812,1,0,0,0,0,1,0,0,0,0,2,0,1,0,0,1,0,0,4,1,0,0,0,1,0,1,0,0,0,0,1,1,1,0,0,0,1,0,1,1,0,1
1,0,0,0,36,1,0,0,0,0,0,1,0,0,0,0,0,0,0,0,8065,0,1,0,0,0,0,1,0,0,0,3,0,1,0,0,1,0,0,2,0,0,1,0,0,1,1,0,0,1,0,0,2,0,0,1,0,1,1,0,1,0,1
0,0,1,0,21,1,0,0,0,0,0,0,0,0,0,1,0,0,0,0,3275,0,1,0,0,0,1,0,0,0,0,1,1,0,0,0,1,0,0,4,0,0,0,1,1,0,1,0,0,1,0,0,1,0,0,1,0,1,1,0,1,0,1
0,0,1,0,24,1,0,0,0,0,1,0,0,0,0,0,0,0,0,0,2223,0,0,0,0,1,1,0,0,0,0,4,1,0,0,0,1,0,0,4,0,1,0,0,1,0,0,1,0,1,0,0,2,1,0,0,0,1,0,1,1,0,1
1,0,0,0,24,0,1,0,0,0,0,0,0,1,0,0,0,0,0,0,1371,1,0,0,0,0,0,1,0,0,0,4,0,1,0,0,1,0,0,4,1,0,0,0,0,1,1,0,0,0,0,1,1,1,0,0,0,1,0,1,1,0,1
0,0,1,0,36,1,0,0,0,0,0,0,0,1,0,0,0,0,0,0,3535,0,1,0,0,0,0,0,1,0,0,4,1,0,0,0,1,0,0,4,0,0,0,1,1,0,1,0,0,1,0,0,2,1,0,0,0,1,1,0,1,0,1
1,0,0,0,18,0,1,0,0,0,1,0,0,0,0,0,0,0,0,0,3509,0,1,0,0,0,0,0,1,0,0,4,0,1,0,0,0,1,0,1,1,0,0,0,0,1,1,0,0,1,0,0,1,1,0,0,0,1,0,1,1,0,1
0,1,0,0,18,0,1,0,0,0,0,0,0,0,0,0,0,1,0,0,3872,0,1,0,0,0,0,0,0,1,0,2,0,1,0,0,1,0,0,4,0,0,0,1,1,0,1,0,0,1,0,0,1,1,0,0,0,1,1,0,1,0,1
0,1,0,0,39,1,0,0,0,0,1,0,0,0,0,0,0,0,0,0,4933,0,1,0,0,0,0,0,1,0,0,2,1,0,0,0,0,1,0,2,1,0,0,0,0,1,1,0,0,1,0,0,2,1,0,0,0,1,0,1,1,0,1
0,0,1,0,24,1,0,0,0,0,0,0,0,1,0,0,0,0,0,0,1940,0,0,0,1,0,1,0,0,0,0,4,1,0,0,0,1,0,0,4,1,0,0,0,1,0,1,0,0,1,0,0,1,1,0,0,0,1,1,0,1,0,1
0,1,0,0,12,0,0,1,0,0,0,0,0,0,0,0,0,0,0,1,1410,0,1,0,0,0,0,1,0,0,0,2,1,0,0,0,1,0,0,2,1,0,0,0,1,0,1,0,0,1,0,0,1,0,1,0,0,1,1,0,1,0,1
0,1,0,0,12,0,1,0,0,0,0,0,0,1,0,0,0,0,0,0,836,0,0,0,0,1,0,0,0,0,1,4,0,1,0,0,1,0,0,2,0,1,0,0,0,1,0,1,0,1,0,0,1,0,1,0,0,1,0,1,1,0,1
0,1,0,0,20,0,1,0,0,0,0,0,0,0,0,1,0,0,0,0,6468,1,0,0,0,0,0,0,0,1,0,1,0,0,1,0,1,0,0,4,1,0,0,0,1,0,1,0,0,1,0,0,1,0,0,1,0,1,1,0,1,0,1
0,1,0,0,18,0,1,0,0,0,0,0,0,0,1,0,0,0,0,0,1941,0,0,0,1,0,0,1,0,0,0,4,1,0,0,0,1,0,0,2,0,1,0,0,1,0,1,0,0,1,0,0,1,0,1,0,0,1,1,0,1,0,1
0,0,1,0,22,0,1,0,0,0,1,0,0,0,0,0,0,0,0,0,2675,0,0,1,0,0,1,0,0,0,0,3,1,0,0,0,1,0,0,4,0,0,0,1,1,0,1,0,0,1,0,0,1,1,0,0,0,1,0,1,1,0,1
1,0,0,0,40,1,0,0,0,0,0,1,0,0,0,0,0,0,0,0,5998,0,1,0,0,0,0,1,0,0,0,4,1,0,0,0,1,0,0,3,0,0,1,0,1,0,0,1,0,1,0,0,1,1,0,0,0,1,1,0,1,0,1
0,1,0,0,21,0,1,0,0,0,0,0,0,0,1,0,0,0,0,0,1188,0,1,0,0,0,1,0,0,0,0,2,0,1,0,0,1,0,0,4,0,1,0,0,1,0,1,0,0,1,0,0,1,1,0,0,0,2,0,1,1,0,1
0,0,1,0,6,1,0,0,0,0,0,0,1,0,0,0,0,0,0,0,1221,1,0,0,0,0,0,1,0,0,0,1,0,0,0,1,1,0,0,2,0,1,0,0,1,0,1,0,0,1,0,0,2,1,0,0,0,1,0,1,1,0,1
0,0,0,1,24,0,1,0,0,0,0,0,1,0,0,0,0,0,0,0,2892,0,1,0,0,0,1,0,0,0,0,3,0,0,1,0,1,0,0,4,0,0,1,0,1,0,1,0,0,0,1,0,1,1,0,0,0,1,0,1,1,0,1
0,0,1,0,24,0,1,0,0,0,0,0,1,0,0,0,0,0,0,0,3062,0,0,1,0,0,1,0,0,0,0,4,1,0,0,0,1,0,0,3,0,0,1,0,1,0,1,0,0,0,0,1,1,1,0,0,0,1,1,0,1,0,1
0,0,1,0,9,0,1,0,0,0,0,0,1,0,0,0,0,0,0,0,2301,0,0,0,0,1,0,0,0,0,1,2,0,1,0,0,1,0,0,4,0,1,0,0,0,1,1,0,0,0,0,1,1,1,0,0,0,1,0,1,1,0,1
0,0,1,0,12,1,0,0,0,0,0,0,1,0,0,0,0,0,0,0,1258,0,1,0,0,0,0,0,0,0,1,2,0,1,0,0,1,0,0,4,0,1,0,0,0,1,1,0,0,0,0,1,2,0,1,0,0,1,0,1,1,0,1
0,1,0,0,9,0,1,0,0,0,0,0,0,1,0,0,0,0,0,0,1549,1,0,0,0,0,0,0,0,0,1,4,1,0,0,0,1,0,0,2,1,0,0,0,1,0,1,0,0,1,0,0,1,0,0,0,1,1,0,1,1,0,1
0,0,1,0,24,1,0,0,0,0,0,1,0,0,0,0,0,0,0,0,1597,0,1,0,0,0,1,0,0,0,0,4,1,0,0,0,1,0,0,4,0,0,1,0,1,0,1,0,0,0,1,0,2,1,0,0,0,2,0,1,1,0,1
0,1,0,0,18,1,0,0,0,0,1,0,0,0,0,0,0,0,0,0,1795,0,1,0,0,0,1,0,0,0,0,3,0,1,0,0,0,1,0,4,1,0,0,0,1,0,0,1,0,0,0,1,2,0,1,0,0,1,1,0,1,0,1
0,0,1,0,12,1,0,0,0,0,1,0,0,0,0,0,0,0,0,0,976,1,0,0,0,0,1,0,0,0,0,4,1,0,0,0,1,0,0,4,0,0,0,1,1,0,1,0,0,1,0,0,2,1,0,0,0,1,0,1,1,0,1
0,1,0,0,12,0,1,0,0,0,0,0,0,1,0,0,0,0,0,0,7472,1,0,0,0,0,0,0,0,1,0,1,0,1,0,0,1,0,0,2,1,0,0,0,0,1,1,0,0,0,0,1,1,0,0,0,1,1,0,1,1,0,1
1,0,0,0,36,0,1,0,0,0,0,0,0,1,0,0,0,0,0,0,9271,0,1,0,0,0,0,0,1,0,0,2,1,0,0,0,1,0,0,1,0,0,0,1,0,1,1,0,0,1,0,0,1,1,0,0,0,1,1,0,1,0,1
0,1,0,0,6,0,1,0,0,0,1,0,0,0,0,0,0,0,0,0,590,0,1,0,0,0,0,0,0,0,1,3,0,0,0,1,1,0,0,3,1,0,0,0,1,0,1,0,0,1,0,0,1,0,1,0,0,1,0,1,0,1,1
0,0,1,0,12,1,0,0,0,0,1,0,0,0,0,0,0,0,0,0,930,1,0,0,0,0,1,0,0,0,0,4,1,0,0,0,1,0,0,4,1,0,0,0,1,0,1,0,0,1,0,0,4,1,0,0,0,1,0,1,1,0,1
1,0,0,0,36,1,0,0,0,0,0,0,0,0,0,1,0,0,0,0,9629,0,1,0,0,0,0,0,1,0,0,4,1,0,0,0,1,0,0,4,0,0,0,1,0,1,1,0,0,1,0,0,2,1,0,0,0,1,1,0,1,0,1
1,0,0,0,48,0,1,0,0,0,0,0,0,0,0,0,1,0,0,0,3051,0,1,0,0,0,0,1,0,0,0,3,1,0,0,0,1,0,0,4,0,0,0,1,1,0,1,0,0,1,0,0,1,1,0,0,0,1,0,1,1,0,1
1,0,0,0,48,0,1,0,0,0,0,0,0,1,0,0,0,0,0,0,3931,0,1,0,0,0,0,0,1,0,0,4,1,0,0,0,1,0,0,4,0,0,1,0,1,0,1,0,0,0,1,0,1,1,0,0,0,2,0,1,1,0,1
0,1,0,0,36,0,0,0,0,1,0,0,0,1,0,0,0,0,0,0,7432,0,1,0,0,0,0,1,0,0,0,2,0,1,0,0,1,0,0,2,0,1,0,0,1,0,1,0,0,0,0,1,1,1,0,0,0,1,0,1,1,0,1
0,0,1,0,6,1,0,0,0,0,1,0,0,0,0,0,0,0,0,0,1554,0,1,0,0,0,0,0,1,0,0,1,0,1,0,0,1,0,0,2,0,0,0,1,0,1,1,0,0,0,0,1,2,1,0,0,0,1,1,0,1,0,1
1,0,0,0,36,0,1,0,0,0,0,0,0,0,0,0,0,0,1,0,15857,0,1,0,0,0,0,0,0,1,0,2,0,0,1,0,0,0,1,3,0,0,0,1,1,0,1,0,0,1,0,0,1,0,0,1,0,1,0,1,1,0,1
0,0,1,0,12,0,1,0,0,0,0,0,0,1,0,0,0,0,0,0,1101,0,1,0,0,0,0,1,0,0,0,3,0,0,0,1,1,0,0,2,1,0,0,0,1,0,1,0,0,1,0,0,2,1,0,0,0,1,1,0,1,0,1
0,0,0,1,12,0,1,0,0,0,1,0,0,0,0,0,0,0,0,0,3016,0,1,0,0,0,0,1,0,0,0,3,0,0,0,1,1,0,0,1,0,0,0,1,0,1,1,0,0,1,0,0,1,1,0,0,0,1,0,1,1,0,1
1,0,0,0,36,0,1,0,0,0,0,0,1,0,0,0,0,0,0,0,2712,0,1,0,0,0,1,0,0,0,0,2,1,0,0,0,1,0,0,2,0,1,0,0,1,0,0,1,0,1,0,0,1,1,0,0,0,2,0,1,1,0,1
1,0,0,0,8,1,0,0,0,0,0,0,0,1,0,0,0,0,0,0,731,0,1,0,0,0,1,0,0,0,0,4,1,0,0,0,1,0,0,4,1,0,0,0,1,0,1,0,0,1,0,0,2,0,1,0,0,1,0,1,1,0,1
0,0,1,0,18,1,0,0,0,0,0,0,1,0,0,0,0,0,0,0,3780,0,1,0,0,0,0,0,0,0,1,3,0,0,1,0,1,0,0,2,0,0,0,1,1,0,1,0,0,1,0,0,2,0,0,1,0,1,1,0,1,0,1
1,0,0,0,21,1,0,0,0,0,0,0,0,1,0,0,0,0,0,0,1602,0,1,0,0,0,1,0,0,0,0,4,0,0,0,1,1,0,0,3,0,0,0,1,1,0,1,0,0,1,0,0,2,1,0,0,0,1,1,0,1,0,1
0,1,0,0,48,0,0,0,0,1,0,0,0,0,1,0,0,0,0,0,6681,1,0,0,0,0,0,1,0,0,0,4,1,0,0,0,1,0,0,4,0,0,1,0,1,0,1,0,0,0,1,0,1,1,0,0,0,2,1,0,1,0,1
0,0,1,0,24,0,0,0,0,1,0,0,0,0,1,0,0,0,0,0,2375,0,0,1,0,0,0,1,0,0,0,4,1,0,0,0,1,0,0,2,0,0,0,1,1,0,1,0,0,1,0,0,2,1,0,0,0,2,1,0,1,0,1
1,0,0,0,18,0,1,0,0,0,0,0,0,1,0,0,0,0,0,0,1216,0,1,0,0,0,0,0,0,0,1,4,0,1,0,0,1,0,0,3,0,0,0,1,0,1,1,0,0,0,0,1,1,1,0,0,0,1,1,0,1,0,1
1,0,0,0,45,0,0,1,0,0,0,0,0,0,1,0,0,0,0,0,11816,0,1,0,0,0,1,0,0,0,0,2,1,0,0,0,1,0,0,4,0,0,0,1,1,0,1,0,0,0,0,1,2,1,0,0,0,1,0,1,1,0,1
1,0,0,0,12,0,0,1,0,0,0,0,0,1,0,0,0,0,0,0,1082,0,1,0,0,0,0,1,0,0,0,4,1,0,0,0,1,0,0,4,0,0,0,1,1,0,0,1,0,1,0,0,2,1,0,0,0,1,0,1,1,0,1
0,0,1,0,12,0,1,0,0,0,1,0,0,0,0,0,0,0,0,0,886,1,0,0,0,0,0,1,0,0,0,4,0,1,0,0,1,0,0,2,0,0,0,1,0,1,1,0,0,1,0,0,1,1,0,0,0,1,0,1,1,0,1
0,0,1,0,4,0,1,0,0,0,0,0,1,0,0,0,0,0,0,0,601,0,1,0,0,0,0,0,0,0,1,1,0,1,0,0,1,0,0,3,1,0,0,0,0,1,1,0,0,0,0,1,1,0,1,0,0,2,0,1,1,0,1
1,0,0,0,24,1,0,0,0,0,0,0,0,0,0,1,0,0,0,0,2957,0,1,0,0,0,1,0,0,0,0,4,1,0,0,0,1,0,0,4,0,1,0,0,1,0,1,0,0,1,0,0,2,1,0,0,0,1,1,0,1,0,1
0,0,1,0,24,1,0,0,0,0,1,0,0,0,0,0,0,0,0,0,2611,0,1,0,0,0,1,0,0,0,0,4,0,0,0,1,0,0,1,3,1,0,0,0,1,0,1,0,0,1,0,0,2,1,0,0,0,1,0,1,1,0,1
1,0,0,0,36,0,1,0,0,0,0,0,1,0,0,0,0,0,0,0,5179,0,1,0,0,0,0,0,1,0,0,4,1,0,0,0,1,0,0,2,0,1,0,0,1,0,1,0,0,1,0,0,1,1,0,0,0,1,0,1,1,0,1
0,0,1,0,18,0,1,0,0,0,0,0,0,0,0,0,0,1,0,0,1943,0,1,0,0,0,0,0,0,0,1,4,0,1,0,0,1,0,0,4,1,0,0,0,0,1,1,0,0,1,0,0,1,1,0,0,0,1,0,1,1,0,1
0,0,1,0,24,0,0,0,1,0,0,0,0,0,1,0,0,0,0,0,1559,0,1,0,0,0,0,0,1,0,0,4,1,0,0,0,1,0,0,4,0,0,0,1,1,0,0,1,0,1,0,0,1,1,0,0,0,1,1,0,1,0,1
0,1,0,0,21,0,1,0,0,0,0,0,1,0,0,0,0,0,0,0,3976,1,0,0,0,0,0,0,1,0,0,2,1,0,0,0,1,0,0,3,0,0,0,1,1,0,1,0,0,1,0,0,1,1,0,0,0,1,1,0,1,0,1
0,0,1,0,24,0,1,0,0,0,0,0,0,1,0,0,0,0,0,0,1249,0,1,0,0,0,0,0,0,0,1,4,0,0,0,1,1,0,0,2,1,0,0,0,1,0,1,0,0,1,0,0,1,1,0,0,0,1,0,1,1,0,1
1,0,0,0,9,0,1,0,0,0,1,0,0,0,0,0,0,0,0,0,1364,0,1,0,0,0,0,0,1,0,0,3,1,0,0,0,1,0,0,4,1,0,0,0,1,0,1,0,0,1,0,0,1,1,0,0,0,1,0,1,1,0,1
1,0,0,0,12,0,1,0,0,0,1,0,0,0,0,0,0,0,0,0,709,0,1,0,0,0,1,0,0,0,0,4,1,0,0,0,1,0,0,4,1,0,0,0,1,0,0,0,1,1,0,0,1,0,1,0,0,1,0,1,1,0,1
0,0,1,0,24,1,0,0,0,0,0,0,0,0,0,1,0,0,0,0,4042,1,0,0,0,0,0,0,1,0,0,3,1,0,0,0,1,0,0,4,0,1,0,0,1,0,1,0,0,1,0,0,2,1,0,0,0,1,1,0,1,0,1
0,0,1,0,36,0,0,0,0,1,0,0,0,1,0,0,0,0,0,0,10875,0,1,0,0,0,1,0,0,0,0,2,1,0,0,0,1,0,0,2,0,0,0,1,1,0,1,0,0,1,0,0,2,1,0,0,0,2,1,0,1,0,1
0,0,1,0,24,0,1,0,0,0,0,0,0,1,0,0,0,0,0,0,1474,0,0,0,0,1,0,0,0,0,1,4,0,0,0,1,1,0,0,3,1,0,0,0,1,0,1,0,0,1,0,0,1,1,0,0,0,1,1,0,1,0,1
0,0,1,0,15,1,0,0,0,0,0,0,1,0,0,0,0,0,0,0,3343,0,1,0,0,0,0,1,0,0,0,4,1,0,0,0,1,0,0,2,0,0,1,0,1,0,1,0,0,0,1,0,1,1,0,0,0,1,1,0,1,0,1
1,0,0,0,15,0,1,0,0,0,0,0,0,1,0,0,0,0,0,0,3959,0,1,0,0,0,0,1,0,0,0,3,0,1,0,0,1,0,0,2,0,1,0,0,1,0,1,0,0,1,0,0,1,1,0,0,0,1,1,0,1,0,1
0,0,1,0,9,0,1,0,0,0,0,0,0,1,0,0,0,0,0,0,3577,0,0,0,0,1,0,1,0,0,0,1,1,0,0,0,0,1,0,2,1,0,0,0,1,0,1,0,0,0,0,1,1,1,0,0,0,2,0,1,0,1,1
0,0,1,0,24,1,0,0,0,0,0,0,0,0,0,1,0,0,0,0,5804,0,0,0,1,0,0,1,0,0,0,4,1,0,0,0,1,0,0,2,1,0,0,0,1,0,1,0,0,1,0,0,2,1,0,0,0,1,0,1,1,0,1
1,0,0,0,24,0,1,0,0,0,1,0,0,0,0,0,0,0,0,0,2439,0,1,0,0,0,0,0,0,0,1,4,0,1,0,0,1,0,0,4,1,0,0,0,1,0,1,0,0,1,0,0,1,1,0,0,0,1,1,0,1,0,1
0,0,1,0,27,1,0,0,0,0,0,0,1,0,0,0,0,0,0,0,4526,0,0,0,1,0,0,0,0,0,1,4,1,0,0,0,1,0,0,2,1,0,0,0,1,0,0,0,1,1,0,0,2,0,1,0,0,2,1,0,1,0,1
0,0,1,0,10,0,1,0,0,0,0,0,1,0,0,0,0,0,0,0,2210,0,1,0,0,0,0,1,0,0,0,2,1,0,0,0,1,0,0,2,1,0,0,0,0,1,0,1,0,0,0,1,1,0,1,0,0,1,0,1,1,0,1
0,0,1,0,15,0,1,0,0,0,0,0,1,0,0,0,0,0,0,0,2221,0,0,1,0,0,0,1,0,0,0,2,0,1,0,0,1,0,0,4,0,0,0,1,0,1,1,0,0,0,0,1,1,1,0,0,0,1,0,1,1,0,1
1,0,0,0,18,0,1,0,0,0,1,0,0,0,0,0,0,0,0,0,2389,0,1,0,0,0,0,0,0,0,1,4,0,1,0,0,1,0,0,1,0,0,0,1,1,0,0,0,1,1,0,0,1,1,0,0,0,1,0,1,1,0,1
0,0,1,0,12,1,0,0,0,0,0,0,1,0,0,0,0,0,0,0,3331,0,1,0,0,0,1,0,0,0,0,2,1,0,0,0,1,0,0,4,0,1,0,0,1,0,0,0,1,1,0,0,1,1,0,0,0,1,0,1,1,0,1
0,0,1,0,36,0,0,0,0,1,0,0,1,0,0,0,0,0,0,0,7678,0,0,1,0,0,0,0,1,0,0,2,0,1,0,0,1,0,0,4,0,0,0,1,1,0,1,0,0,1,0,0,2,1,0,0,0,1,1,0,1,0,1
0,0,0,1,6,1,0,0,0,0,0,0,0,1,0,0,0,0,0,0,1343,0,1,0,0,0,1,0,0,0,0,1,1,0,0,0,1,0,0,4,1,0,0,0,1,0,1,0,0,1,0,0,2,1,0,0,0,2,0,1,0,1,1
0,0,1,0,15,0,1,0,0,0,0,0,0,0,0,0,1,0,0,0,874,1,0,0,0,0,0,0,0,0,1,4,0,1,0,0,1,0,0,1,1,0,0,0,0,1,1,0,0,1,0,0,1,1,0,0,0,1,0,1,1,0,1
1,0,0,0,12,0,1,0,0,0,0,0,1,0,0,0,0,0,0,0,3590,0,1,0,0,0,0,1,0,0,0,2,1,0,0,0,0,0,1,2,0,1,0,0,1,0,1,0,0,1,0,0,1,0,1,0,0,2,0,1,1,0,1
1,0,0,0,18,0,0,0,1,0,1,0,0,0,0,0,0,0,0,0,1940,0,1,0,0,0,0,0,0,0,1,3,1,0,0,0,0,0,1,4,0,0,1,0,1,0,0,1,0,0,1,0,1,0,0,1,0,1,1,0,1,0,1
1,0,0,0,9,0,1,0,0,0,0,0,0,1,0,0,0,0,0,0,1422,0,1,0,0,0,0,0,0,0,1,3,1,0,0,0,1,0,0,2,0,0,1,0,1,0,1,0,0,0,1,0,1,0,0,1,0,1,1,0,1,0,1
0,0,1,0,30,1,0,0,0,0,1,0,0,0,0,0,0,0,0,0,6742,1,0,0,0,0,0,0,1,0,0,2,1,0,0,0,1,0,0,3,0,1,0,0,1,0,1,0,0,1,0,0,2,1,0,0,0,1,0,1,1,0,1
0,0,1,0,24,0,1,0,0,0,0,0,0,0,0,1,0,0,0,0,9277,1,0,0,0,0,0,1,0,0,0,2,0,0,1,0,1,0,0,4,0,0,1,0,1,0,1,0,0,0,1,0,1,1,0,0,0,1,1,0,1,0,1
0,1,0,0,30,1,0,0,0,0,0,0,0,1,0,0,0,0,0,0,2181,1,0,0,0,0,1,0,0,0,0,4,1,0,0,0,1,0,0,4,1,0,0,0,1,0,1,0,0,1,0,0,2,1,0,0,0,1,0,1,1,0,1
0,0,1,0,18,1,0,0,0,0,1,0,0,0,0,0,0,0,0,0,1098,0,1,0,0,0,0,0,0,1,0,4,0,1,0,0,1,0,0,4,0,0,0,1,1,0,1,0,0,1,0,0,2,0,0,0,1,1,0,1,1,0,1
0,1,0,0,24,0,1,0,0,0,0,0,1,0,0,0,0,0,0,0,4057,0,1,0,0,0,0,0,1,0,0,3,0,0,1,0,1,0,0,3,0,0,0,1,1,0,1,0,0,1,0,0,1,1,0,0,0,1,1,0,1,0,1
1,0,0,0,12,0,1,0,0,0,0,1,0,0,0,0,0,0,0,0,795,0,1,0,0,0,0,0,0,0,1,4,0,1,0,0,1,0,0,4,0,1,0,0,1,0,1,0,0,1,0,0,1,1,0,0,0,1,0,1,1,0,1
0,1,0,0,24,1,0,0,0,0,0,0,0,0,1,0,0,0,0,0,2825,1,0,0,0,0,0,0,1,0,0,4,1,0,0,0,1,0,0,3,0,0,1,0,1,0,1,0,0,1,0,0,2,1,0,0,0,2,1,0,1,0,1
0,1,0,0,48,0,1,0,0,0,0,0,0,0,1,0,0,0,0,0,15672,0,1,0,0,0,0,1,0,0,0,2,1,0,0,0,1,0,0,2,0,0,0,1,0,1,1,0,0,1,0,0,1,1,0,0,0,1,1,0,1,0,1
0,0,1,0,28,0,0,0,1,0,0,0,0,0,0,1,0,0,0,0,7824,1,0,0,0,0,0,0,0,0,1,3,1,0,0,0,0,1,0,4,1,0,0,0,1,0,0,1,0,0,0,1,2,1,0,0,0,2,1,0,1,0,1
1,0,0,0,27,1,0,0,0,0,0,0,0,0,1,0,0,0,0,0,2442,0,1,0,0,0,1,0,0,0,0,4,1,0,0,0,1,0,0,4,0,0,0,1,1,0,0,0,1,1,0,0,4,0,0,1,0,2,1,0,1,0,1
0,0,1,0,15,1,0,0,0,0,1,0,0,0,0,0,0,0,0,0,1829,0,1,0,0,0,1,0,0,0,0,4,1,0,0,0,1,0,0,4,0,0,0,1,1,0,1,0,0,1,0,0,2,1,0,0,0,1,1,0,1,0,1
1,0,0,0,12,1,0,0,0,0,0,0,0,1,0,0,0,0,0,0,2171,0,1,0,0,0,0,1,0,0,0,4,1,0,0,0,1,0,0,4,0,1,0,0,1,0,0,1,0,1,0,0,2,0,1,0,0,1,0,1,0,1,1
0,0,1,0,18,1,0,0,0,0,1,0,0,0,0,0,0,0,0,0,1169,1,0,0,0,0,0,1,0,0,0,4,1,0,0,0,1,0,0,3,0,1,0,0,1,0,1,0,0,1,0,0,2,1,0,0,0,1,1,0,1,0,1
1,0,0,0,21,0,1,0,0,0,1,0,0,0,0,0,0,0,0,0,2606,0,1,0,0,0,0,0,0,0,1,4,0,1,0,0,1,0,0,4,0,1,0,0,1,0,1,0,0,0,0,1,1,0,0,1,0,1,1,0,1,0,1
0,0,1,0,12,1,0,0,0,0,0,0,1,0,0,0,0,0,0,0,1592,0,0,0,1,0,0,0,1,0,0,3,0,1,0,0,1,0,0,2,0,1,0,0,1,0,1,0,0,1,0,0,1,1,0,0,0,1,0,1,0,1,1
1,0,0,0,18,0,1,0,0,0,0,0,1,0,0,0,0,0,0,0,4153,0,1,0,0,0,0,1,0,0,0,2,1,0,0,0,0,0,1,3,0,0,0,1,1,0,1,0,0,1,0,0,1,1,0,0,0,1,0,1,1,0,1
1,0,0,0,16,1,0,0,0,0,0,0,0,1,0,0,0,0,0,0,2625,0,1,0,0,0,1,0,0,0,0,2,1,0,0,0,0,1,0,4,0,1,0,0,1,0,0,1,0,0,0,1,1,1,0,0,0,1,1,0,1,0,1
0,0,1,0,20,1,0,0,0,0,0,0,0,1,0,0,0,0,0,0,3485,1,0,0,0,0,0,0,0,0,1,2,0,0,1,0,1,0,0,4,1,0,0,0,1,0,1,0,0,1,0,0,2,1,0,0,0,1,1,0,1,0,1
0,0,1,0,15,0,1,0,0,0,1,0,0,0,0,0,0,0,0,0,1386,1,0,0,0,0,0,1,0,0,0,4,0,0,0,1,1,0,0,2,1,0,0,0,1,0,1,0,0,0,0,1,1,1,0,0,0,1,1,0,1,0,1
0,0,1,0,15,0,0,0,0,1,0,0,0,0,0,1,0,0,0,0,3594,0,1,0,0,0,0,0,0,0,1,1,0,1,0,0,1,0,0,2,0,1,0,0,1,0,1,0,0,1,0,0,2,0,1,0,0,1,0,1,1,0,1
0,0,1,0,36,0,0,0,0,1,1,0,0,0,0,0,0,0,0,0,4454,0,1,0,0,0,0,1,0,0,0,4,0,1,0,0,1,0,0,4,1,0,0,0,1,0,1,0,0,1,0,0,2,1,0,0,0,1,0,1,1,0,1
0,1,0,0,30,0,1,0,0,0,1,0,0,0,0,0,0,0,0,0,2991,1,0,0,0,0,1,0,0,0,0,2,0,1,0,0,1,0,0,4,0,0,0,1,0,1,1,0,0,1,0,0,1,1,0,0,0,1,0,1,1,0,1
0,0,1,0,11,0,1,0,0,0,0,0,0,0,1,0,0,0,0,0,2142,0,0,0,1,0,1,0,0,0,0,1,0,0,1,0,1,0,0,2,1,0,0,0,1,0,1,0,0,1,0,0,1,1,0,0,0,1,1,0,1,0,1
0,0,1,0,10,0,1,0,0,0,0,0,0,0,0,1,0,0,0,0,2848,0,0,0,0,1,0,1,0,0,0,1,1,0,0,0,0,0,1,2,1,0,0,0,1,0,1,0,0,1,0,0,1,1,0,0,0,2,0,1,1,0,1
1,0,0,0,6,0,1,0,0,0,0,0,0,1,0,0,0,0,0,0,14896,0,1,0,0,0,1,0,0,0,0,1,1,0,0,0,1,0,0,4,0,0,1,0,1,0,0,1,0,1,0,0,1,0,0,1,0,1,1,0,1,0,1
1,0,0,0,24,0,1,0,0,0,0,0,1,0,0,0,0,0,0,0,2359,0,0,0,0,1,0,0,0,1,0,1,0,0,1,0,1,0,0,1,0,1,0,0,1,0,1,0,0,1,0,0,1,1,0,0,0,1,0,1,1,0,1
1,0,0,0,24,0,1,0,0,0,0,0,1,0,0,0,0,0,0,0,3345,0,1,0,0,0,1,0,0,0,0,4,1,0,0,0,1,0,0,2,0,1,0,0,1,0,1,0,0,0,0,1,1,0,0,1,0,1,1,0,1,0,1
1,0,0,0,24,0,0,0,1,0,0,0,1,0,0,0,0,0,0,0,6872,0,1,0,0,0,0,0,0,0,1,2,0,0,1,0,1,0,0,1,0,1,0,0,1,0,0,1,0,1,0,0,1,1,0,0,0,1,1,0,1,0,1
1,0,0,0,12,0,0,0,1,0,0,0,0,1,0,0,0,0,0,0,697,0,1,0,0,0,0,0,0,0,1,4,1,0,0,0,1,0,0,2,0,0,0,1,1,0,0,1,0,1,0,0,2,1,0,0,0,1,1,0,1,0,1
1,0,0,0,18,1,0,0,0,0,0,0,1,0,0,0,0,0,0,0,1049,0,1,0,0,0,0,0,0,0,1,4,0,1,0,0,1,0,0,4,0,1,0,0,0,1,1,0,0,0,0,1,1,1,0,0,0,1,0,1,1,0,1
0,0,1,0,30,0,1,0,0,0,1,0,0,0,0,0,0,0,0,0,1867,1,0,0,0,0,1,0,0,0,0,4,1,0,0,0,1,0,0,4,0,0,0,1,1,0,1,0,0,1,0,0,1,1,0,0,0,1,1,0,1,0,1
1,0,0,0,12,0,0,0,0,1,0,0,0,1,0,0,0,0,0,0,1344,0,1,0,0,0,0,1,0,0,0,4,1,0,0,0,1,0,0,2,1,0,0,0,1,0,1,0,0,1,0,0,2,0,1,0,0,2,0,1,1,0,1
1,0,0,0,24,0,1,0,0,0,0,0,1,0,0,0,0,0,0,0,1747,0,1,0,0,0,0,0,0,0,1,4,1,0,0,0,0,0,1,1,0,1,0,0,0,1,1,0,0,1,0,0,1,0,1,0,0,1,0,1,0,1,1
0,0,1,0,9,1,0,0,0,0,0,0,0,1,0,0,0,0,0,0,1224,0,1,0,0,0,0,1,0,0,0,3,1,0,0,0,1,0,0,1,1,0,0,0,1,0,1,0,0,1,0,0,2,1,0,0,0,1,0,1,1,0,1
1,0,0,0,12,0,1,0,0,0,1,0,0,0,0,0,0,0,0,0,1498,0,1,0,0,0,0,1,0,0,0,4,0,1,0,0,1,0,0,1,0,0,0,1,0,1,0,1,0,1,0,0,1,1,0,0,0,1,0,1,1,0,1
0,1,0,0,30,0,0,0,0,1,1,0,0,0,0,0,0,0,0,0,1919,0,0,0,0,1,0,0,0,0,1,4,1,0,0,0,1,0,0,3,0,0,1,0,1,0,0,0,1,1,0,0,2,0,0,1,0,1,0,1,1,0,1
0,0,0,1,9,0,1,0,0,0,1,0,0,0,0,0,0,0,0,0,745,0,1,0,0,0,0,1,0,0,0,3,0,1,0,0,1,0,0,2,1,0,0,0,1,0,1,0,0,1,0,0,1,0,1,0,0,1,0,1,1,0,1
0,1,0,0,6,0,1,0,0,0,1,0,0,0,0,0,0,0,0,0,2063,0,1,0,0,0,0,0,0,0,1,4,0,0,0,1,1,0,0,3,0,0,0,1,1,0,1,0,0,0,0,1,1,0,0,1,0,1,1,0,1,0,1
0,0,1,0,10,0,1,0,0,0,0,0,0,1,0,0,0,0,0,0,1546,0,1,0,0,0,0,1,0,0,0,3,1,0,0,0,1,0,0,2,1,0,0,0,1,0,1,0,0,1,0,0,1,0,1,0,0,2,0,1,0,1,1
0,0,1,0,24,0,1,0,0,0,0,0,1,0,0,0,0,0,0,0,929,1,0,0,0,0,0,0,1,0,0,4,1,0,0,0,1,0,0,2,0,0,0,1,1,0,0,0,1,1,0,0,1,1,0,0,0,1,1,0,1,0,1
0,0,1,0,4,1,0,0,0,0,0,0,0,1,0,0,0,0,0,0,1455,0,1,0,0,0,0,0,1,0,0,2,1,0,0,0,1,0,0,1,1,0,0,0,1,0,1,0,0,1,0,0,3,0,1,0,0,2,0,1,1,0,1
0,0,1,0,24,0,1,0,0,0,1,0,0,0,0,0,0,0,0,0,3621,0,0,0,0,1,1,0,0,0,0,2,1,0,0,0,1,0,0,4,0,0,0,1,1,0,1,0,0,1,0,0,2,1,0,0,0,1,0,1,1,0,1
0,1,0,0,24,0,1,0,0,0,0,0,0,0,0,1,0,0,0,0,4113,0,0,1,0,0,0,0,0,0,1,3,0,1,0,0,1,0,0,4,0,0,0,1,1,0,1,0,0,0,0,1,1,1,0,0,0,1,0,1,1,0,1
1,0,0,0,12,0,1,0,0,0,0,0,0,1,0,0,0,0,0,0,1893,0,1,0,0,0,0,1,0,0,0,4,0,1,0,0,0,1,0,4,0,1,0,0,1,0,1,0,0,1,0,0,1,1,0,0,0,1,1,0,1,0,1
1,0,0,0,24,1,0,0,0,0,1,0,0,0,0,0,0,0,0,0,1231,0,0,0,1,0,1,0,0,0,0,4,0,1,0,0,1,0,0,4,0,1,0,0,1,0,1,0,0,0,0,1,2,0,0,1,0,1,1,0,1,0,1
0,0,0,1,30,1,0,0,0,0,1,0,0,0,0,0,0,0,0,0,3656,1,0,0,0,0,1,0,0,0,0,4,1,0,0,0,1,0,0,4,0,1,0,0,1,0,0,0,1,1,0,0,2,0,1,0,0,1,0,1,1,0,1
0,1,0,0,9,1,0,0,0,0,1,0,0,0,0,0,0,0,0,0,1154,0,1,0,0,0,1,0,0,0,0,2,1,0,0,0,1,0,0,4,1,0,0,0,1,0,1,0,0,1,0,0,3,0,1,0,0,1,0,1,1,0,1
0,0,1,0,6,1,0,0,0,0,1,0,0,0,0,0,0,0,0,0,1740,0,1,0,0,0,1,0,0,0,0,2,0,0,0,1,1,0,0,2,1,0,0,0,1,0,1,0,0,0,0,1,2,1,0,0,0,1,0,1,1,0,1
0,1,0,0,21,0,0,0,0,1,0,0,0,1,0,0,0,0,0,0,2353,0,1,0,0,0,0,1,0,0,0,1,0,0,1,0,1,0,0,4,0,1,0,0,1,0,1,0,0,1,0,0,2,1,0,0,0,1,0,1,1,0,1
0,0,1,0,15,0,1,0,0,0,0,0,0,1,0,0,0,0,0,0,3556,1,0,0,0,0,0,1,0,0,0,3,1,0,0,0,1,0,0,2,0,0,1,0,1,0,1,0,0,1,0,0,1,1,0,0,0,1,0,1,1,0,1
0,0,1,0,42,0,1,0,0,0,1,0,0,0,0,0,0,0,0,0,7166,1,0,0,0,0,0,0,1,0,0,2,0,0,0,1,1,0,0,4,0,1,0,0,1,0,1,0,0,0,0,1,1,1,0,0,0,1,1,0,1,0,1
1,0,0,0,24,0,0,0,1,0,0,0,0,1,0,0,0,0,0,0,1193,0,1,0,0,0,0,0,0,1,0,1,0,1,0,0,0,0,1,4,0,0,1,0,1,0,1,0,0,0,0,1,2,0,0,0,1,1,0,1,1,0,1
0,0,0,1,24,0,1,0,0,0,1,0,0,0,0,0,0,0,0,0,1258,0,0,1,0,0,0,1,0,0,0,3,0,1,0,0,1,0,0,3,0,0,0,1,1,0,1,0,0,1,0,0,1,0,1,0,0,1,0,1,1,0,1
0,1,0,0,6,0,1,0,0,0,1,0,0,0,0,0,0,0,0,0,753,0,1,0,0,0,0,1,0,0,0,2,0,1,0,0,0,1,0,3,1,0,0,0,1,0,1,0,0,1,0,0,1,1,0,0,0,1,0,1,1,0,1
0,1,0,0,18,0,0,0,0,1,0,0,0,0,1,0,0,0,0,0,2427,1,0,0,0,0,1,0,0,0,0,4,1,0,0,0,1,0,0,2,0,1,0,0,1,0,1,0,0,1,0,0,2,1,0,0,0,1,0,1,1,0,1
0,0,1,0,24,0,0,0,0,1,0,0,0,1,0,0,0,0,0,0,2538,0,1,0,0,0,1,0,0,0,0,4,1,0,0,0,1,0,0,4,0,0,0,1,1,0,1,0,0,1,0,0,2,0,1,0,0,2,0,1,1,0,1
0,1,0,0,15,0,0,0,1,0,0,0,0,1,0,0,0,0,0,0,1264,0,0,0,0,1,0,1,0,0,0,2,0,0,0,1,1,0,0,2,0,1,0,0,0,1,1,0,0,0,0,1,1,1,0,0,0,1,0,1,1,0,1
0,1,0,0,30,1,0,0,0,0,0,0,1,0,0,0,0,0,0,0,8386,0,1,0,0,0,0,0,1,0,0,2,1,0,0,0,1,0,0,2,0,1,0,0,1,0,1,0,0,1,0,0,1,1,0,0,0,1,0,1,1,0,1
0,0,0,1,21,0,1,0,0,0,0,0,0,1,0,0,0,0,0,0,2923,0,0,0,0,1,0,1,0,0,0,1,0,1,0,0,1,0,0,1,0,0,0,1,1,0,0,1,0,1,0,0,1,0,0,1,0,1,1,0,1,0,1
0,0,1,0,24,1,0,0,0,0,0,0,1,0,0,0,0,0,0,0,2028,0,1,0,0,0,0,0,1,0,0,2,1,0,0,0,1,0,0,2,0,1,0,0,1,0,1,0,0,1,0,0,2,0,1,0,0,1,0,1,1,0,1
1,0,0,0,15,1,0,0,0,0,0,0,1,0,0,0,0,0,0,0,1433,0,1,0,0,0,0,1,0,0,0,4,0,1,0,0,1,0,0,3,0,1,0,0,0,1,1,0,0,0,0,1,2,1,0,0,0,1,0,1,1,0,1
0,0,0,1,42,0,0,1,0,0,0,0,0,0,1,0,0,0,0,0,6289,0,1,0,0,0,0,0,0,0,1,2,0,0,1,0,1,0,0,1,0,1,0,0,1,0,1,0,0,1,0,0,2,1,0,0,0,1,0,1,1,0,1
0,0,1,0,13,0,1,0,0,0,1,0,0,0,0,0,0,0,0,0,1409,0,0,0,0,1,0,0,0,1,0,2,0,1,0,0,1,0,0,4,1,0,0,0,1,0,1,0,0,1,0,0,1,1,0,0,0,1,0,1,1,0,1
0,1,0,0,24,1,0,0,0,0,1,0,0,0,0,0,0,0,0,0,1743,0,1,0,0,0,1,0,0,0,0,4,1,0,0,0,1,0,0,2,0,1,0,0,1,0,1,0,0,1,0,0,2,0,1,0,0,1,0,1,1,0,1
0,0,1,0,12,1,0,0,0,0,0,1,0,0,0,0,0,0,0,0,3565,1,0,0,0,0,0,0,0,0,1,2,1,0,0,0,1,0,0,1,0,1,0,0,1,0,1,0,0,1,0,0,2,0,1,0,0,2,0,1,1,0,1
1,0,0,0,18,0,1,0,0,0,1,0,0,0,0,0,0,0,0,0,1936,1,0,0,0,0,0,0,1,0,0,2,0,0,0,1,1,0,0,4,0,0,0,1,0,1,1,0,0,0,0,1,2,0,1,0,0,1,0,1,1,0,1
1,0,0,0,36,0,1,0,0,0,0,0,1,0,0,0,0,0,0,0,3959,0,1,0,0,0,0,0,0,1,0,4,1,0,0,0,1,0,0,3,0,1,0,0,1,0,1,0,0,1,0,0,1,0,0,1,0,1,1,0,1,0,1
0,0,1,0,12,0,1,0,0,0,0,0,0,1,0,0,0,0,0,0,2390,1,0,0,0,0,1,0,0,0,0,4,1,0,0,0,1,0,0,3,0,0,0,1,1,0,1,0,0,1,0,0,1,1,0,0,0,1,1,0,1,0,1
1,0,0,0,30,0,1,0,0,0,0,0,0,0,0,1,0,0,0,0,3857,0,1,0,0,0,0,1,0,0,0,4,0,0,1,0,1,0,0,4,0,1,0,0,1,0,1,0,0,1,0,0,1,0,0,1,0,1,1,0,1,0,1
0,0,1,0,12,0,1,0,0,0,1,0,0,0,0,0,0,0,0,0,804,0,1,0,0,0,1,0,0,0,0,4,1,0,0,0,1,0,0,4,0,0,0,1,1,0,1,0,0,1,0,0,1,1,0,0,0,1,0,1,1,0,1
1,0,0,0,45,0,1,0,0,0,1,0,0,0,0,0,0,0,0,0,1845,0,1,0,0,0,0,1,0,0,0,4,1,0,0,0,1,0,0,4,0,0,1,0,0,1,1,0,0,0,1,0,1,1,0,0,0,1,1,0,1,0,1
0,1,0,0,45,1,0,0,0,0,0,0,0,0,0,1,0,0,0,0,4576,0,0,0,0,1,0,0,0,1,0,3,1,0,0,0,1,0,0,4,0,0,0,1,1,0,1,0,0,1,0,0,1,1,0,0,0,1,0,1,1,0,1
